"Name","Rarity"
"String","String"
"Snippet1_1","Common"
"Snippet1_2","Common"
"Snippet1_3","Common"
"Snippet1_4","Common"
"Snippet1_5","Common"
"Snippet1_6","Common"
"Snippet1_7","Common"
"Snippet1_8","Common"
"Snippet1_9","Common"
"Snippet2_1","Common"
"Snippet2_2","Common"
"Snippet2_3","Common"
"Snippet2_4","Common"
"Snippet2_5","Common"
"Snippet2_6","Common"
"Snippet2_7","Common"
"Snippet2_8","Common"
"Snippet2_9","Rare"
"Snippet3_1","Common"
"Snippet3_2","Common"
"Snippet3_3","Common"
"Snippet3_4","Common"
"Snippet3_5","Common"
"Snippet3_6","Common"
"Snippet3_7","Common"
"Snippet3_8","Rare"
"Snippet3_9","Epic"
"Snippet4_1","Common"
"Snippet4_2","Common"
"Snippet4_3","Common"
"Snippet4_4","Common"
"Snippet4_5","Common"
"Snippet4_6","Common"
"Snippet4_7","Rare"
"Snippet4_8","Epic"
"Snippet4_9","Legendary"
"Snippet5_1","Common"
"Snippet5_2","Common"
"Snippet5_3","Common"
"Snippet5_4","Common"
"Snippet5_5","Common"
"Snippet5_6","Rare"
"Snippet5_7","Rare"
"Snippet5_8","Epic"
"Snippet5_9","Legendary"
"Snippet6_1","Common"
"Snippet6_2","Common"
"Snippet6_3","Common"
"Snippet6_4","Common"
"Snippet6_5","Rare"
"Snippet6_6","Rare"
"Snippet6_7","Epic"
"Snippet6_8","Epic"
"Snippet6_9","Legendary"
"Snippet7_1","Common"
"Snippet7_2","Common"
"Snippet7_3","Common"
"Snippet7_4","Rare"
"Snippet7_5","Rare"
"Snippet7_6","Rare"
"Snippet7_7","Epic"
"Snippet7_8","Epic"
"Snippet7_9","Legendary"
"Snippet8_1","Common"
"Snippet8_2","Common"
"Snippet8_3","Rare"
"Snippet8_4","Rare"
"Snippet8_5","Rare"
"Snippet8_6","Epic"
"Snippet8_7","Epic"
"Snippet8_8","Epic"
"Snippet8_9","Legendary"
"Snippet9_1","Common"
"Snippet9_2","Rare"
"Snippet9_3","Rare"
"Snippet9_4","Rare"
"Snippet9_5","Epic"
"Snippet9_6","Epic"
"Snippet9_7","Epic"
"Snippet9_8","Legendary"
"Snippet9_9","Legendary"
"Snippet_unique_conversion","Legendary"
"v2_Snippet1_1","Common"
"v2_Snippet1_2","Common"
"v2_Snippet1_3","Common"
"v2_Snippet1_4","Common"
"v2_Snippet1_5","Common"
"v2_Snippet1_6","Common"
"v2_Snippet1_7","Common"
"v2_Snippet1_8","Common"
"v2_Snippet1_9","Common"
"v2_Snippet2_1","Common"
"v2_Snippet2_2","Common"
"v2_Snippet2_3","Common"
"v2_Snippet2_4","Common"
"v2_Snippet2_5","Common"
"v2_Snippet2_6","Common"
"v2_Snippet2_7","Common"
"v2_Snippet2_8","Common"
"v2_Snippet2_9","Rare"
"v2_Snippet3_1","Common"
"v2_Snippet3_2","Common"
"v2_Snippet3_3","Common"
"v2_Snippet3_4","Common"
"v2_Snippet3_5","Common"
"v2_Snippet3_6","Common"
"v2_Snippet3_7","Common"
"v2_Snippet3_8","Rare"
"v2_Snippet3_9","Epic"
"v2_Snippet4_1","Common"
"v2_Snippet4_2","Common"
"v2_Snippet4_3","Common"
"v2_Snippet4_4","Common"
"v2_Snippet4_5","Common"
"v2_Snippet4_6","Common"
"v2_Snippet4_7","Rare"
"v2_Snippet4_8","Epic"
"v2_Snippet4_9","Legendary"
"v2_Snippet5_1","Common"
"v2_Snippet5_2","Common"
"v2_Snippet5_3","Common"
"v2_Snippet5_4","Common"
"v2_Snippet5_5","Common"
"v2_Snippet5_6","Rare"
"v2_Snippet5_7","Rare"
"v2_Snippet5_8","Epic"
"v2_Snippet5_9","Legendary"
"v2_Snippet6_1","Common"
"v2_Snippet6_2","Common"
"v2_Snippet6_3","Common"
"v2_Snippet6_4","Common"
"v2_Snippet6_5","Rare"
"v2_Snippet6_6","Rare"
"v2_Snippet6_7","Epic"
"v2_Snippet6_8","Epic"
"v2_Snippet6_9","Legendary"
"v3_Snippet1_1","Common"
"v3_Snippet1_2","Common"
"v3_Snippet1_3","Common"
"v3_Snippet1_4","Common"
"v3_Snippet1_5","Common"
"v3_Snippet1_6","Common"
"v3_Snippet1_7","Common"
"v3_Snippet1_8","Common"
"v3_Snippet1_9","Common"
"v3_Snippet2_1","Common"
"v3_Snippet2_2","Common"
"v3_Snippet2_3","Common"
"v3_Snippet2_4","Common"
"v3_Snippet2_5","Common"
"v3_Snippet2_6","Common"
"v3_Snippet2_7","Common"
"v3_Snippet2_8","Common"
"v3_Snippet2_9","Rare"
"v3_Snippet3_1","Common"
"v3_Snippet3_2","Common"
"v3_Snippet3_3","Common"
"v3_Snippet3_4","Common"
"v3_Snippet3_5","Common"
"v3_Snippet3_6","Common"
"v3_Snippet3_7","Common"
"v3_Snippet3_8","Rare"
"v3_Snippet3_9","Epic"
"v3_Snippet4_1","Common"
"v3_Snippet4_2","Common"
"v3_Snippet4_3","Common"
"v3_Snippet4_4","Common"
"v3_Snippet4_5","Common"
"v3_Snippet4_6","Common"
"v3_Snippet4_7","Rare"
"v3_Snippet4_8","Epic"
"v3_Snippet4_9","Legendary"
"v3_Snippet5_1","Common"
"v3_Snippet5_2","Common"
"v3_Snippet5_3","Common"
"v3_Snippet5_4","Common"
"v3_Snippet5_5","Common"
"v3_Snippet5_6","Rare"
"v3_Snippet5_7","Rare"
"v3_Snippet5_8","Epic"
"v3_Snippet5_9","Legendary"
"v3_Snippet6_1","Common"
"v3_Snippet6_2","Common"
"v3_Snippet6_3","Common"
"v3_Snippet6_4","Common"
"v3_Snippet6_5","Rare"
"v3_Snippet6_6","Rare"
"v3_Snippet6_7","Epic"
"v3_Snippet6_8","Epic"
"v3_Snippet6_9","Legendary"
"v3_Snippet7_1","Common"
"v3_Snippet7_2","Common"
"v3_Snippet7_3","Common"
"v3_Snippet7_4","Rare"
"v3_Snippet7_5","Rare"
"v3_Snippet7_6","Rare"
"v3_Snippet7_7","Epic"
"v3_Snippet7_8","Epic"
"v3_Snippet7_9","Legendary"
"v3_Snippet8_1","Common"
"v3_Snippet8_2","Common"
"v3_Snippet8_3","Rare"
"v3_Snippet8_4","Rare"
"v3_Snippet8_5","Rare"
"v3_Snippet8_6","Epic"
"v3_Snippet8_7","Epic"
"v3_Snippet8_8","Epic"
"v3_Snippet8_9","Legendary"
"v3_Snippet9_1","Common"
"v3_Snippet9_2","Rare"
"v3_Snippet9_3","Rare"
"v3_Snippet9_4","Rare"
"v3_Snippet9_5","Epic"
"v3_Snippet9_6","Epic"
"v3_Snippet9_7","Epic"
"v3_Snippet9_8","Legendary"
"v3_Snippet9_9","Legendary"
"v4_Snippet1_1","Common"
"v4_Snippet1_2","Common"
"v4_Snippet1_3","Common"
"v4_Snippet1_4","Common"
"v4_Snippet1_5","Common"
"v4_Snippet1_6","Common"
"v4_Snippet1_7","Common"
"v4_Snippet1_8","Common"
"v4_Snippet1_9","Common"
"v4_Snippet2_1","Common"
"v4_Snippet2_2","Common"
"v4_Snippet2_3","Common"
"v4_Snippet2_4","Common"
"v4_Snippet2_5","Common"
"v4_Snippet2_6","Common"
"v4_Snippet2_7","Common"
"v4_Snippet2_8","Common"
"v4_Snippet2_9","Rare"
"v4_Snippet3_1","Common"
"v4_Snippet3_2","Common"
"v4_Snippet3_3","Common"
"v4_Snippet3_4","Common"
"v4_Snippet3_5","Common"
"v4_Snippet3_6","Common"
"v4_Snippet3_7","Common"
"v4_Snippet3_8","Rare"
"v4_Snippet3_9","Epic"
"v4_Snippet4_1","Common"
"v4_Snippet4_2","Common"
"v4_Snippet4_3","Common"
"v4_Snippet4_4","Common"
"v4_Snippet4_5","Common"
"v4_Snippet4_6","Common"
"v4_Snippet4_7","Rare"
"v4_Snippet4_8","Epic"
"v4_Snippet4_9","Legendary"
"v4_Snippet5_1","Common"
"v4_Snippet5_2","Common"
"v4_Snippet5_3","Common"
"v4_Snippet5_4","Common"
"v4_Snippet5_5","Common"
"v4_Snippet5_6","Rare"
"v4_Snippet5_7","Rare"
"v4_Snippet5_8","Epic"
"v4_Snippet5_9","Legendary"
"v4_Snippet6_1","Common"
"v4_Snippet6_2","Common"
"v4_Snippet6_3","Common"
"v4_Snippet6_4","Common"
"v4_Snippet6_5","Rare"
"v4_Snippet6_6","Rare"
"v4_Snippet6_7","Epic"
"v4_Snippet6_8","Epic"
"v4_Snippet6_9","Legendary"
"v4_Snippet7_1","Common"
"v4_Snippet7_2","Common"
"v4_Snippet7_3","Common"
"v4_Snippet7_4","Rare"
"v4_Snippet7_5","Rare"
"v4_Snippet7_6","Rare"
"v4_Snippet7_7","Epic"
"v4_Snippet7_8","Epic"
"v4_Snippet7_9","Legendary"
"v4_Snippet8_1","Common"
"v4_Snippet8_2","Common"
"v4_Snippet8_3","Rare"
"v4_Snippet8_4","Rare"
"v4_Snippet8_5","Rare"
"v4_Snippet8_6","Epic"
"v4_Snippet8_7","Epic"
"v4_Snippet8_8","Epic"
"v4_Snippet8_9","Legendary"
"v4_Snippet9_1","Common"
"v4_Snippet9_2","Rare"
"v4_Snippet9_3","Rare"
"v4_Snippet9_4","Rare"
"v4_Snippet9_5","Epic"
"v4_Snippet9_6","Epic"
"v4_Snippet9_7","Epic"
"v4_Snippet9_8","Legendary"
"v4_Snippet9_9","Legendary"
