"Name","TID","SubtitleTID","Arena","League","LeagueArenaSWF","LeagueArenaExportName","ChestArena","TvArena","IsInUse","TrainingCamp","PVEArena","LoseTrophyPercentage","LoseTrophyScore","WinTrophyPercentage","WinTrophyScore","TrophyLimit","DemoteTrophyLimit","ChestRewardMultiplier","ShopChestRewardMultiplier","RequestSize","MaxDonationCountCommon","MaxDonationCountRare","MaxDonationCountEpic","IconSWF","IconExportName","SmallIconExportName","MatchmakingMinTrophyDelta","MatchmakingMaxTrophyDelta","MatchmakingMaxSeconds","PvpLocation","TeamVsTeamLocation","ThreeVsThreeLocation","DailyDonationCapacityLimit","BattleRewardGold","ReleaseDate","DisableIn2v2","ReachedBoost","BoostTimeH","BgGlow","Glow","Water","WaterParamMapFilename","BackgroundSWF","BackgroundExportName","BackgroundOverlayExportName","FixedTowerSkinSet","MinScale","LeagueBadgeOffsetY","ChestWildcardsEnabled","ChestWildcardPercent100Common","ChestWildcardPercent100Rare","ChestWildcardPercent100Epic","ChestWildcardPercent100Legendary","ChestWildcardPercent100Champion","RequiredKingLevel","TrophyRoad","CardMaxLevel","Realm"
"string","string","string","Int","int","string","string","string","string","boolean","boolean","boolean","int","int","int","int","int","int","int","int","int","int","int","int","string","string","string","int","int","int","String","String","String","int","int","String","boolean","string","int","boolean","boolean","boolean","String","String","String","String","String","int","int","boolean","int","int","int","int","int","int","String","int","string"
"TrainingCamp","TID_ARENA_TRAINING_CAMP","TID_INFO_ARENA_TRAINING_CAMP",0,,,,"TrainingCamp","TrainingCamp","TRUE","TRUE",,,,,,0,0,100,100,10,1,1,1,"sc/ui_arena.sc","arena_00",,0,100,60,"TrainingCamp","TeamVsTeam_training_camp",,90,0,,,,,"TRUE",,,,,,,,75,-40,,,,,,,,"Default",,
"Arena1","TID_ARENA1","TID_INFO_ARENA1",1,,,,"Arena1","Arena1","TRUE",,,0,0,,,0,0,100,100,10,1,1,1,"sc/ui_arena.sc","arena_01",,20,100,60,"PvP_goblin","TeamVsTeam_goblin",,90,0,,,,,"TRUE","TRUE",,"NULL",,,,,75,-40,,,,,,,,"Default",,
,,,,,,,,,,,,50,300,,,,,,,,,,,,,,,,,,,,,,,,,,,,,"NULL",,,,,,,,,,,,,,,,
"Arena2","TID_ARENA2","TID_INFO_ARENA2",2,,,,"Arena2","Arena2","TRUE",,,50,300,,,300,300,135,100,10,2,1,1,"sc/ui_arena.sc","arena_02",,40,100,60,"PvP_bone","TeamVsTeam_bone",,90,0,,,,,"TRUE","TRUE",,"NULL",,,,,75,-40,,,,,,,2,"Default",,
,,,,,,,,,,,,50,600,,,,,,,,,,,,,,,,,,,,,,,,,,,,,"NULL",,,,,,,,,,,,,,,,
"Arena3","TID_ARENA3","TID_INFO_ARENA3",3,,,,"Arena3","Arena3","TRUE",,,100,600,,,600,600,170,100,10,2,1,1,"sc/ui_arena.sc","arena_03",,40,100,60,"PvP_barbarian","TeamVsTeam_barbarian",,90,0,,,,,"TRUE","TRUE",,"NULL",,,,,88,-40,,,,,,,3,"Default",,
,,,,,,,,,,,,100,1000,,,,,,,,,,,,,,,,,,,,,,,,,,,,,"NULL",,,,,,,,,,,,,,,,
"Arena4","TID_ARENA4","TID_INFO_ARENA5",4,,,,"Arena4","Arena4","TRUE",,,100,1000,,,1000,1000,200,100,20,4,1,1,"sc/ui_arena.sc","arena_05",,40,100,60,"PvP_spell","TeamVsTeam_spell",,180,0,,,,,"TRUE","TRUE",,"NULL",,,,,75,-40,"TRUE",500,500,500,500,,4,"Default",,
,,,,,,,,,,,,100,1300,,,,,,,,,,,,,,,,,,,,,,,,,,,,,"NULL",,,,,,,,,,,,,,,,
"Arena5","TID_ARENA5","TID_INFO_ARENA6",5,,,,"Arena5","Arena5","TRUE",,,100,1300,,,1300,1300,230,100,20,4,1,1,"sc/ui_arena.sc","arena_06",,40,100,60,"PvP_builder","TeamVsTeam_builder",,180,0,,,,,"TRUE","TRUE",,"NULL",,,,,80,-40,"TRUE",500,500,500,500,,5,"Default",,
,,,,,,,,,,,,100,1600,,,,,,,,,,,,,,,,,,,,,,,,,,,,,"NULL",,,,,,,,,,,,,,,,
"Arena6","TID_ARENA6","TID_INFO_ARENA4",6,,,,"Arena6","Arena6","TRUE",,,100,1600,,,1600,1600,260,100,20,4,1,1,"sc/ui_arena.sc","arena_04",,40,100,60,"PvP_dark","TeamVsTeam_dark",,180,0,,,,,"TRUE","TRUE",,"NULL",,,,,75,-40,"TRUE",500,500,500,500,,6,"Default",,
,,,,,,,,,,,,100,2000,,,,,,,,,,,,,,,,,,,,,,,,,,,,,"NULL",,,,,,,,,,,,,,,,
"Arena_L","TID_ARENA_L","TID_INFO_ARENA_L",10,,,,"Arena_L","Arena_L","TRUE",,,100,3000,,,3000,3000,380,100,40,8,1,1,"sc/ui_arena.sc","arena_legendary",,40,200,60,"PvP_legendary","TeamVsTeam_legendary",,360,0,,,,,"TRUE","TRUE",,"NULL",,,,,75,-40,"TRUE",500,500,500,500,,9,"Default",,
,,,,,,,,,,,,100,3400,,,,,,,,,,,,,,,,,,,,,,,,,,,,,"NULL",,,,,,,,,,,,,,,,
"Arena7","TID_ARENA7","TID_INFO_ARENA7",7,,,,"Arena7","Arena7","TRUE",,,100,2000,,,2000,2000,290,100,30,6,1,1,"sc/ui_arena.sc","arena_07",,40,100,60,"PvP_royal","TeamVsTeam_royal","ThreeVsThree_royal",270,0,,,,,"TRUE","TRUE",,"NULL",,,,,75,-40,"TRUE",500,500,500,500,,7,"Default",,
,,,,,,,,,,,,100,2300,,,,,,,,,,,,,,,,,,,,,,,,,,,,,"NULL",,,,,,,,,,,,,,,,
"Arena8","TID_ARENA8","TID_INFO_ARENA8",8,,,,"Arena8","Arena8","TRUE",,,100,2300,,,2300,2300,320,100,30,6,1,1,"sc/ui_arena.sc","arena_08",,40,100,60,"PvP_ice","TeamVsTeam_ice",,270,0,,,,,"TRUE","TRUE",,"NULL",,,,,75,-40,"TRUE",500,500,500,500,,8,"Default",,
,,,,,,,,,,,,100,2600,,,,,,,,,,,,,,,,,,,,,,,,,,,,,"NULL",,,,,,,,,,,,,,,,
"Arena9","TID_ARENA9","TID_INFO_ARENA9",9,,,,"Arena9","Arena9","TRUE",,,100,2600,,,2600,2600,350,100,30,6,1,1,"sc/ui_arena.sc","arena_09",,40,100,60,"PvP_jungle","TeamVsTeam_jungle",,270,0,,,,,"TRUE","TRUE",,"NULL",,,,,88,-40,"TRUE",500,500,500,500,,9,"Default",,
,,,,,,,,,,,,100,3000,,,,,,,,,,,,,,,,,,,,,,,,,,,,,"NULL",,,,,,,,,,,,,,,,
"Arena_T","TID_ARENA_SPOOKY","TID_INFO_ARENA_SPOOKY",12,,,,"Arena_T","Arena_T","TRUE",,,100,3800,,,3800,3800,440,100,40,8,1,1,"sc/ui_arena.sc","arena_spooky",,40,100,60,"PvP_spooky","TeamVsTeam_spooky",,360,0,,,,,"TRUE","TRUE",,"NULL",,,,,95,-40,"TRUE",500,500,500,500,,10,"Default",,
,,,,,,,,,,,,100,4200,,,,,,,,,,,,,,,,,,,,,,,,,,,,,"NULL",,,,,,,,,,,,,,,,
"Arena_L1","TID_ARENA15","TID_INFO_ARENA15",15,,,,"Arena_L1","Arena_L1","TRUE",,,100,5000,,,5000,5000,530,100,40,8,1,1,"sc/ui_arena_icon_miner.sc","arena_miner",,40,200,60,"PvP_miner_arena","TeamVsTeam_miner_arena",,360,0,,"TRUE",,,"TRUE","TRUE",,"NULL",,,,,75,-40,"TRUE",500,500,500,500,,10,"Default",,
,,,,,,,,,,,,100,5500,,,,,,,,,,,,,,,,,,,,,,,,,,,,,"NULL",,,,,,,,,,,,,,,,
"Arena_L2","TID_ARENA16","TID_INFO_ARENA16",16,,,,"Arena_L2","Arena_L2","TRUE",,,100,5500,,,5500,5500,540,100,40,8,1,1,"sc/ui_arena_icon_executioner_kitchen.sc","arena_executioner_kitchen",,40,200,60,"PvP_executioner_kitchen","TeamVsTeam_executioner_kitchen",,360,0,,"TRUE",,,"TRUE","TRUE",,"NULL",,,,,75,-40,"TRUE",500,500,500,500,,11,"Default",,
,,,,,,,,,,,,100,6000,,,,,,,,,,,,,,,,,,,,,,,,,,,,,"NULL",,,,,,,,,,,,,,,,
"Arena_L3","TID_ARENA17","TID_INFO_ARENA17",17,,,,"Arena_L3","Arena_L3","TRUE",,,100,6000,,,6000,6000,550,100,40,8,1,1,"sc/ui_arena_icon_season_17.sc","arena_tomb_season",,40,200,60,"PvP_tomb_arena","TeamVsTeam_tomb_arena",,360,0,,"TRUE",,,"TRUE","TRUE",,"NULL",,,,,75,-40,"TRUE",500,500,500,500,,11,"Default",,
,,,,,,,,,,,,100,6500,,,,,,,,,,,,,,,,,,,,,,,,,,,,,"NULL",,,,,,,,,,,,,,,,
"Arena_L4","TID_ARENA18","TID_INFO_ARENA18",18,,,,"Arena_L4","Arena_L4","TRUE",,,100,6500,,,6500,6500,560,100,40,8,1,1,"sc/ui_arena_icon_monk.sc","arena_monk",,40,200,60,"PvP_monk_arena","TeamVsTeam_monk_arena",,360,0,,"TRUE",,,"TRUE","TRUE",,"NULL",,,,,75,-40,"TRUE",500,500,500,500,,11,"Default",,
,,,,,,,,,,,,100,7000,,,,,,,,,,,,,,,,,,,,,,,,,,,,,"NULL",,,,,,,,,,,,,,,,
"Arena_L5","TID_ARENA19","TID_INFO_ARENA19",19,,,,"Arena_L5","Arena_L5","TRUE",,,100,7000,,,7000,7000,570,100,40,8,1,1,"sc/ui_arena_icon_season_11.sc","arena_dragon_season",,40,200,60,"PvP_dragon_arena","TeamVsTeam_dragon_arena",,360,0,,"TRUE",,,"TRUE","TRUE",,"NULL",,,,,75,-40,"TRUE",500,500,500,500,,11,"Default",,
,,,,,,,,,,,,100,7500,,,,,,,,,,,,,,,,,,,,,,,,,,,,,"NULL",,,,,,,,,,,,,,,,
"Arena_L6","TID_ARENA20","TID_INFO_ARENA20",20,,,,"Arena_L6","Arena_L6","TRUE",,,100,7500,,,7500,7500,580,100,40,8,1,1,"sc/ui_arena_icon_bootcamp.sc","arena_bootcamp",,40,200,60,"PvP_bootcamp_arena","TeamVsTeam_bootcamp_arena",,360,0,,"TRUE",,,"TRUE","TRUE",,"NULL",,,,,75,-40,"TRUE",500,500,500,500,,11,"Default",,
,,,,,,,,,,,,100,8000,,,,,,,,,,,,,,,,,,,,,,,,,,,,,"NULL",,,,,,,,,,,,,,,,
"Arena_L7","TID_ARENA21","TID_INFO_ARENA21",21,,,,"Arena_L7","Arena_L7","TRUE",,,100,8000,,,8000,8000,590,100,40,8,1,1,"sc/ui_arena_icon_clash_fest.sc","arena_clashfest",,40,200,60,"PvP_clash_fest_arena","TeamVsTeam_clash_fest_arena",,360,0,,"TRUE",,,"TRUE","TRUE",,"NULL",,,,,75,-40,"TRUE",500,500,500,500,,12,"Default",,
,,,,,,,,,,,,100,8500,,,,,,,,,,,,,,,,,,,,,,,,,,,,,"NULL",,,,,,,,,,,,,,,,
"Arena_L8","TID_ARENA22","TID_INFO_ARENA22",22,,,,"Arena_L8","Arena_L8","TRUE",,,100,8500,,,8500,8500,600,100,40,8,1,1,"sc/ui_arena_icon_pancakes.sc","arena_pancakes",,40,200,60,"PvP_pancakes_arena","TeamVsTeam_pancakes_arena",,360,0,,"TRUE",,,"TRUE","TRUE",,"NULL",,,,,75,-40,"TRUE",500,500,500,500,,12,"Default",,
,,,,,,,,,,,,100,9000,,,,,,,,,,,,,,,,,,,,,,,,,,,,,"NULL",,,,,,,,,,,,,,,,
"Arena_L9","TID_ARENA23","TID_INFO_ARENA23_2",23,,,,"Arena_L9","Arena_L9","TRUE",,,100,9000,,,9000,9000,610,100,40,8,1,1,"sc/ui_arena_icon_valhala.sc","arena_valhalla_icon",,40,200,60,"PvP_valhalla_arena","TeamVsTeam_valhalla_arena",,360,0,,"TRUE",,,"TRUE","TRUE",,"NULL",,,,,75,-40,"TRUE",500,500,500,500,,12,"Default",,
,,,,,,,,,,,,100,9500,,,,,,,,,,,,,,,,,,,,,,,,,,,,,,,,,,,,,,,,,,,,,
"ArenaPvE","TID_ARENA_TRAINING_CAMP","TID_INFO_ARENA_TRAINING_CAMP",0,,,,"TrainingCamp","TrainingCamp","FALSE","TRUE","TRUE",,,,,0,0,100,100,10,1,1,1,"sc/ui_arena.sc","arena_00",,0,100,60,"PvE_training","TeamVsTeam_champion",,360,0,,"TRUE",,,"TRUE",,,,,,,,75,-40,,,,,,,,,,
"ArenaTvE","TID_ARENA_TRAINING_CAMP","TID_INFO_ARENA_TRAINING_CAMP",0,,,,"TrainingCamp","TrainingCamp","FALSE","TRUE","TRUE",,,,,0,0,100,100,10,1,1,1,"sc/ui_arena.sc","arena_00",,0,100,60,"TvE_training","TeamVsTeam_champion",,360,0,,,,,"TRUE",,,,,,,,75,-40,,,,,,,,,,
"Arena_TouchdownTest","TID_ARENA_TOUCHDOWN","TID_INFO_ARENA_TOUCHDOWN",0,,,,"Arena1","Arena1","FALSE",,,,,,,0,0,100,100,30,1,1,1,"sc/ui_arena.sc","arena_07",,40,100,60,"PvP_touchdown","TeamVsTeam_touchdown",,270,0,,,,,"TRUE",,,,,,,,90,-40,,,,,,,,,,
"Arena_Electric","TID_ARENA_ELECTRIC","TID_INFO_ARENA_ELECTRIC",11,,,,"Arena_Electric","Arena_Electric","TRUE",,,100,3400,,,3400,3400,410,100,40,8,1,1,"sc/ui_arena.sc","arena_electric",,40,100,60,"PvP_electric","TeamVsTeam_electric",,360,0,,,,,"TRUE","TRUE",,"NULL",,,,,85,-40,"TRUE",500,500,500,500,,9,"Default",,
,,,,,,,,,,,,100,3800,,,,,,,,,,,,,,,,,,,,,,,,,,,,,,,,,,,,,,,,,,,,,
"Arena_KingOfTheHillTest","TID_ARENA_KING_OF_THE_HILL","TID_INFO_ARENA_KING_OF_THE_HILL",0,,,,"Arena1","Arena1","FALSE",,,,,,,0,0,100,100,10,1,1,1,"sc/ui_arena.sc","arena_00",,0,100,60,"PvP_koth","TeamVsTeam_koth",,,,,,,,"TRUE",,,,,,,,90,-40,,,,,,,,,,
"Arena_KingOfTheHillTest2","TID_ARENA_KING_OF_THE_HILL","TID_INFO_ARENA_KING_OF_THE_HILL",0,,,,"Arena1","Arena1","FALSE",,,,,,,0,0,100,100,10,1,1,1,"sc/ui_arena.sc","arena_00",,0,100,60,"PvP_koth",,,,,,,,,"TRUE",,,,,,,,90,-40,,,,,,,,,,
"ArenaClanWars1","TID_ARENA_CLAN_WAR","TID_INFO_ARENA_CLAN_WAR",10,,,,"Arena_L","Arena_L","FALSE",,,,,,,3000,3000,380,100,40,8,1,1,"sc/ui_arena.sc","arena_00",,40,200,60,"PvP_clan_t1",,,360,0,,,,,"TRUE",,,,,,,,90,-40,"TRUE",500,500,500,500,,,,,
"ArenaClanWars2","TID_ARENA_CLAN_WAR","TID_INFO_ARENA_CLAN_WAR",10,,,,"Arena_L","Arena_L","FALSE",,,,,,,3000,3000,380,100,40,8,1,1,"sc/ui_arena.sc","arena_00",,40,200,60,"PvP_clan_t2",,,360,0,,,,,"TRUE",,,,,,,,90,-40,"TRUE",500,500,500,500,,,,,
"ArenaClanWars3","TID_ARENA_CLAN_WAR","TID_INFO_ARENA_CLAN_WAR",10,,,,"Arena_L","Arena_L","FALSE",,,,,,,3000,3000,380,100,40,8,1,1,"sc/ui_arena.sc","arena_00",,40,200,60,"PvP_clan_t3",,,360,0,,,,,"TRUE",,,,,,,,90,-40,"TRUE",500,500,500,500,,,,,
"ArenaClanWars4","TID_ARENA_CLAN_WAR","TID_INFO_ARENA_CLAN_WAR",10,,,,"Arena_L","Arena_L","FALSE",,,,,,,3000,3000,380,100,40,8,1,1,"sc/ui_arena.sc","arena_00",,40,200,60,"PvP_clanwar",,,360,0,,,,,"TRUE",,,,,,,,90,-40,"TRUE",500,500,500,500,,,,,
"Arena_L10","TID_ARENA24","TID_INFO_ARENA24",24,,,,"Arena_L10","Arena_L10","TRUE",,,100,9500,,,9500,9500,620,100,40,8,1,1,"sc/ui_arena.sc","arena_champion",,40,200,60,"PvP_champion","TeamVsTeam_champion",,360,0,,"TRUE",,,"TRUE","TRUE",,"NULL",,,,,75,-40,"TRUE",500,500,500,500,,12,"Default",,
,,,,,,,,,,,,100,10000,,,,,,,,,,,,,,,,,,,,,,,,,,,,,,,,,,,,,,,,,,,,,
"Arena_Obstacles","TID_ARENA_TOUCHDOWN","TID_INFO_ARENA_TOUCHDOWN",0,,,,"Arena1","Arena1","FALSE",,,,,,,0,0,100,100,30,1,1,1,"sc/ui_arena.sc","arena_07",,40,100,60,"Obstacles_Bushes",,,270,0,,,,,"TRUE",,,,,,,,90,-40,,,,,,,,,,
"Arena_Boat","TID_INFO_ARENA_BOAT","TID_INFO_ARENA_BOAT",0,1,"sc/ui_arena.sc","arena_champion","Arena_L1","Arena_L1","FALSE",,,100,8000,,,8000,8000,530,100,40,8,1,1,"sc/ui_arena.sc","arena_boat",,40,200,60,"PvP_boat","TeamVsTeam_boat",,360,0,,,,,"TRUE",,"TRUE",,"sc/flood_water2.sc","UI_menu_background_flood","UI_menu_background_rocks",,90,-40,"TRUE",500,500,500,500,,,,,
"Arena_Flood","TID_INFO_FLOOD_BOAT","TID_INFO_FLOOD_BOAT",0,1,"sc/ui_arena.sc","arena_champion","Arena_L1","Arena_L1","FALSE",,,100,8000,,,8000,8000,530,100,40,8,1,1,"sc/ui_arena.sc","arena_00",,40,200,60,"PvP_flood","PvP_flood",,360,0,,,,,"TRUE",,,,,,,"Flood",90,-40,"TRUE",500,500,500,500,,,,,
"Arena_Shipwreck","TID_INFO_ARENA_SHIPWRECK","TID_INFO_ARENA_SHIPWRECK",0,1,"sc/ui_arena.sc","arena_champion","Arena_L1","Arena_L1","FALSE",,,100,8000,,,8000,8000,530,100,40,8,1,1,"sc/level_shipwreck_arena.sc","arena_boat_2",,40,200,60,"PvP_boat_2","TeamVsTeam_boat_2",,360,0,,,,,"TRUE",,"TRUE",,"sc/flood_water.sc","UI_menu_background_flood","UI_menu_background_rocks_s2",,90,-40,"TRUE",500,500,500,500,,,,,
"Arena_Legendary","TID_INFO_ARENA_LEGENDARY","TID_INFO_ARENA_LEGENDARY",0,1,"sc/ui_arena.sc","arena_champion","Arena_L1","Arena_L1","FALSE",,,100,8000,,,8000,8000,530,100,40,8,1,1,"sc/ui_arena.sc","arena_champion",,40,200,60,"PvP_champion","TeamVsTeam_champion",,360,0,,,,,"TRUE","TRUE",,,,,,,90,-40,"TRUE",500,500,500,500,,,,,
"Arena_Halloween","TID_INFO_ARENA_LEGENDARY","TID_INFO_ARENA_LEGENDARY",0,1,"sc/ui_arena.sc","arena_champion","Arena_L1","Arena_L1","FALSE",,,100,8000,,,8000,8000,530,100,40,8,1,1,"sc/ui_arena.sc","arena_halloween",,40,200,60,"PvP_halloween",,,360,0,,,,,"TRUE",,,,"sc/flood_water.sc","UI_menu_background_halloween","UI_menu_background_halloween_mist",,90,-40,"TRUE",500,500,500,500,,,,,
"Arena_Goblin_Party","TID_INFO_ARENA_LEGENDARY","TID_INFO_ARENA_LEGENDARY",0,1,"sc/ui_arena.sc","arena_champion","Arena_L1","Arena_L1","FALSE",,,100,8000,,,8000,8000,530,100,40,8,1,1,"sc/ui_arena_icon_goblin_party.sc","arena_goblin_party",,40,200,60,"PvP_goblin_party","TeamVsTeam_goblin_party",,360,0,,,,,"TRUE",,,,"sc/flood_water.sc","UI_menu_background_goblin_party",,,90,-40,"TRUE",500,500,500,500,,,,,
"Arena_Holiday","TID_INFO_ARENA_LEGENDARY","TID_INFO_ARENA_LEGENDARY",0,1,"sc/ui_arena.sc","arena_champion","Arena_L1","Arena_L1","FALSE",,,100,8000,,,8000,8000,530,100,40,8,1,1,"sc/ui_arena.sc","arena_holiday_season",,40,200,60,"PvP_holiday_arena","TeamVsTeam_holiday_arena",,360,0,,,,,"FALSE",,,,"sc/flood_water.sc","UI_menu_background_holiday","UI_menu_background_holiday_snow",,90,-40,"TRUE",500,500,500,500,,,,,
"Arena_Lunar","TID_INFO_ARENA_LEGENDARY","TID_INFO_ARENA_LEGENDARY",0,1,"sc/ui_arena.sc","arena_champion","Arena_L1","Arena_L1","FALSE",,,100,8000,,,8000,8000,530,100,40,8,1,1,"sc/ui_arena.sc","arena_lunar_season",,40,200,60,"PvP_lunar_arena","TeamVsTeam_lunar_arena",,360,0,,,,,"FALSE","FALSE",,,"sc/flood_water.sc","UI_menu_background_lunar",,,90,-40,"TRUE",500,500,500,500,,,,,
"Arena_Cake","TID_INFO_ARENA_LEGENDARY","TID_INFO_ARENA_LEGENDARY",0,1,"sc/ui_arena.sc","arena_champion","Arena_L1","Arena_L1","FALSE",,,100,8000,,,8000,8000,530,100,40,8,1,1,"sc/ui_arena_icon_season_9.sc","arena_cake_season",,40,200,60,"PvP_cake_arena","TeamVsTeam_cake_arena",,360,0,,,,,"FALSE","FALSE",,,"sc/flood_water.sc","UI_menu_background_birthday",,,90,-40,"TRUE",500,500,500,500,,,,,
"Arena_Heist","TID_INFO_ARENA_LEGENDARY","TID_INFO_ARENA_LEGENDARY",0,1,"sc/ui_arena.sc","arena_champion","Arena_L1","Arena_L1","FALSE",,,100,8000,,,8000,8000,530,100,40,8,1,1,"sc/ui_arena_icon_season_10.sc","arena_heist_season",,40,200,60,"PvP_heist_arena","TeamVsTeam_heist_arena",,360,0,,,,,"FALSE","FALSE",,,"sc/flood_water.sc","UI_menu_background_goblin_party",,,90,-40,"TRUE",500,500,500,500,,,,,
"Arena_Dragon","TID_INFO_ARENA_LEGENDARY","TID_INFO_ARENA_LEGENDARY",0,1,"sc/ui_arena.sc","arena_champion","Arena_L1","Arena_L1","FALSE",,,100,8000,,,8000,8000,530,100,40,8,1,1,"sc/ui_arena_icon_season_11.sc","arena_dragon_season",,40,200,60,"PvP_dragon_arena","TeamVsTeam_dragon_arena",,360,0,,,,,"FALSE","FALSE",,,"sc/flood_water.sc","UI_menu_background_dragon",,,90,-40,"TRUE",500,500,500,500,,,,,
"Arena_Dream","TID_INFO_ARENA_LEGENDARY","TID_INFO_ARENA_LEGENDARY",0,1,"sc/ui_arena.sc","arena_champion","Arena_L1","Arena_L1","FALSE",,,100,8000,,,8000,8000,530,100,40,8,1,1,"sc/ui_arena_icon_season_12.sc","arena_dream_season",,40,200,60,"PvP_dream_arena","TeamVsTeam_dream_arena",,360,0,,,,,"FALSE","FALSE",,,"sc/flood_water.sc","UI_menu_background_dream",,,90,-40,"TRUE",500,500,500,500,,,,,
"Arena_Shipwreck_2","TID_INFO_ARENA_SHIPWRECK","TID_INFO_ARENA_SHIPWRECK",0,1,"sc/ui_arena.sc","arena_champion","Arena_L1","Arena_L1","FALSE",,,100,8000,,,8000,8000,530,100,40,8,1,1,"sc/ui_arena_icon_season_13.sc","arena_shipwreck_2",,40,200,60,"PvP_shipwreck_2","TeamVsTeam_shipwreck_2",,360,0,,,,,"TRUE",,"TRUE",,"sc/flood_water2.sc","UI_menu_background_flood","UI_menu_background_rocks_s2",,90,-40,"TRUE",500,500,500,500,,,,,
"Arena_Clanboat","TID_INFO_ARENA_LEGENDARY","TID_INFO_ARENA_LEGENDARY",0,1,"sc/ui_arena.sc","arena_champion","Arena_L1","Arena_L1","FALSE",,,100,8000,,,8000,8000,530,100,40,8,1,1,"sc/ui_arena.sc","arena_00",,40,200,60,"PvP_clanboat_arena","TeamVsTeam_dragon_arena",,360,0,,,,,"FALSE","FALSE",,,,,,,90,-40,"TRUE",500,500,500,500,,,,,
"Arena_Giant","TID_INFO_ARENA_LEGENDARY","TID_INFO_ARENA_LEGENDARY",0,1,"sc/ui_arena.sc","arena_champion","Arena_L1","Arena_L1","FALSE",,,100,8000,,,8000,8000,530,100,40,8,1,1,"sc/ui_arena.sc","arena_00",,40,200,60,"PvP_giant_arena","TeamVsTeam_dragon_arena",,360,0,,,,,"FALSE","FALSE",,,,,,,90,-40,"TRUE",500,500,500,500,,,,,
"Arena_Electric2","TID_INFO_ARENA_LEGENDARY","TID_INFO_ARENA_LEGENDARY",0,1,"sc/ui_arena.sc","arena_champion","Arena_L1","Arena_L1","FALSE",,,100,8000,,,8000,8000,530,100,40,8,1,1,"sc/ui_arena.sc","arena_electric2_season",,40,200,60,"PvP_electric2","TeamVsTeam_electric2",,360,0,,,,,"FALSE","FALSE",,,"sc/flood_water.sc","UI_menu_background_shocktober",,,90,-40,"TRUE",500,500,500,500,,,,,
"Arena_Tomb","TID_INFO_ARENA_LEGENDARY","TID_INFO_ARENA_LEGENDARY",0,1,"sc/ui_arena.sc","arena_champion","Arena_L1","Arena_L1","FALSE",,,100,8000,,,8000,8000,530,100,40,8,1,1,"sc/ui_arena_icon_season_17.sc","arena_tomb_season",,40,200,60,"PvP_tomb_arena","TeamVsTeam_tomb_arena",,360,0,,,,,"FALSE","FALSE",,,,,,,90,-40,"TRUE",500,500,500,500,,,,,
"Arena_Holiday_2","TID_INFO_ARENA_LEGENDARY","TID_INFO_ARENA_LEGENDARY",0,1,"sc/ui_arena.sc","arena_champion","Arena_L1","Arena_L1","FALSE",,,100,8000,,,8000,8000,530,100,40,8,1,1,"sc/ui_arena_icon_season_18.sc","arena_holiday2_season",,40,200,60,"PvP_holiday_arena_2","TeamVsTeam_holiday_arena_2",,360,0,,,,,"FALSE",,,,"sc/flood_water.sc","UI_menu_background_holiday","UI_menu_background_holiday_snow",,90,-40,"TRUE",500,500,500,500,,,,,
"Arena8_Season","TID_INFO_ARENA_LEGENDARY","TID_INFO_ARENA_LEGENDARY",0,1,"sc/ui_arena.sc","arena_champion","Arena_L1","Arena_L1","FALSE",,,100,8000,,,8000,8000,530,100,40,8,1,1,"sc/ui_arena.sc","arena_08",,40,200,60,"PvP_ice","TeamVsTeam_ice",,360,0,,,,,"TRUE",,,,"sc/flood_water.sc","UI_menu_background_holiday","UI_menu_background_holiday_snow",,75,-40,"TRUE",500,500,500,500,,,,,
"Arena_Forbidden","TID_INFO_ARENA_LEGENDARY","TID_INFO_ARENA_LEGENDARY",0,1,"sc/ui_arena.sc","arena_champion","Arena_L1","Arena_L1","FALSE",,,100,8000,,,8000,8000,530,100,40,8,1,1,"sc/ui_arena_icon_season_20.sc","arena_forbidden_season",,40,200,60,"PvP_forbidden_arena","TeamVsTeam_forbidden_arena",,360,0,,,,,"FALSE","FALSE",,,"sc/flood_water.sc","UI_menu_background_lunar",,,90,-40,"TRUE",500,500,500,500,,,,,
"Arena4_Season","TID_INFO_ARENA_LEGENDARY","TID_INFO_ARENA_LEGENDARY",0,1,"sc/ui_arena.sc","arena_champion","Arena_L1","Arena_L1","FALSE",,,100,8000,,,8000,8000,530,100,40,8,1,1,"sc/ui_arena.sc","arena_04",,40,200,60,"PvP_dark","TeamVsTeam_dark",,360,0,,,,,"TRUE",,,,"sc/flood_water.sc","UI_menu_background_pekka",,,75,20,"TRUE",500,500,500,500,,,,,
"Arena9_Season","TID_INFO_ARENA_LEGENDARY","TID_INFO_ARENA_LEGENDARY",0,1,"sc/ui_arena.sc","arena_champion","Arena_L1","Arena_L1","FALSE",,,100,8000,,,8000,8000,530,100,40,8,1,1,"sc/ui_arena.sc","arena_09",,40,200,60,"PvP_jungle","TeamVsTeam_jungle",,360,0,,,,,"TRUE",,,,"sc/flood_water.sc","UI_menu_background_goblin_party",,,88,10,"TRUE",500,500,500,500,,,,,
"Arena13","TID_ARENA_HEIST","TID_INFO_ARENA_HEIST",13,,,,"Arena13","Arena13","TRUE",,,100,4200,,,4200,4200,470,100,40,8,1,1,"sc/ui_arena_icon_season_10.sc","arena_heist_season",,40,100,60,"PvP_heist_arena","TeamVsTeam_heist_arena",,360,0,,,,,"TRUE","TRUE",,"NULL",,,,,90,-40,"TRUE",500,500,500,500,,10,"Default",,
,,,,,,,,,,,,100,4600,,,,,,,,,,,,,,,,,,,,,,,,,,,,,"NULL",,,,,,,,,,,,,,,,
"Arena14","TID_ARENA_LUNAR","TID_INFO_ARENA_LUNAR",14,,,,"Arena14","Arena14","TRUE",,,100,4600,,,4600,4600,500,100,40,8,1,1,"sc/ui_arena.sc","arena_lunar_season",,40,100,60,"PvP_lunar_arena","TeamVsTeam_lunar_arena",,360,0,,,,,"TRUE","TRUE",,"NULL",,,,,90,-40,"TRUE",500,500,500,500,,10,"Default",,
,,,,,,,,,,,,100,5000,,,,,,,,,,,,,,,,,,,,,,,,,,,,,,,,,,,,,,,,,,,,,
"Arena_Executioner","TID_INFO_ARENA_LEGENDARY","TID_INFO_ARENA_LEGENDARY",0,1,"sc/ui_arena.sc","arena_champion","Arena_L1","Arena_L1","FALSE",,,100,8000,,,8000,8000,530,100,40,8,1,1,"sc/ui_arena_icon_executioner_kitchen.sc","arena_executioner_kitchen",,40,200,60,"PvP_executioner_kitchen","TeamVsTeam_executioner_kitchen",,360,0,,,"ChestSpeedUp",24,"FALSE","FALSE",,,"sc/flood_water.sc",,,,90,-40,"TRUE",500,500,500,500,,,,,
"Arena7_Season","TID_INFO_ARENA_LEGENDARY","TID_INFO_ARENA_LEGENDARY",0,,"sc/ui_arena.sc","arena_champion","Arena_L1","Arena_L1","FALSE",,,100,8000,,,8000,8000,530,100,40,8,1,1,"sc/ui_arena.sc","arena_07",,40,200,60,"PvP_royal","TeamVsTeam_royal",,360,0,,,"ChestSpeedUp",24,"TRUE",,,,"sc/flood_water.sc",,,,75,-40,"TRUE",500,500,500,500,,,,,
"Arena_Miner","TID_INFO_ARENA_LEGENDARY","TID_INFO_ARENA_LEGENDARY",0,1,"sc/ui_arena.sc","arena_champion","Arena_L1","Arena_L1","FALSE",,,100,8000,,,8000,8000,530,100,40,8,1,1,"sc/ui_arena_icon_miner.sc","arena_miner",,40,200,60,"PvP_miner_arena","TeamVsTeam_miner_arena",,360,0,,,"ChestSpeedUp",24,"FALSE","FALSE",,,"sc/flood_water.sc","UI_menu_background_miner",,,90,-40,"TRUE",500,500,500,500,,,,,
"Arena5_Season","TID_INFO_ARENA_LEGENDARY","TID_INFO_ARENA_LEGENDARY",0,1,"sc/ui_arena.sc","arena_champion","Arena_L1","Arena_L1","FALSE",,,100,8000,,,8000,8000,530,100,40,8,1,1,"sc/ui_arena.sc","arena_05",,40,200,60,"PvP_spell","TeamVsTeam_spell",,360,0,,,"ChestSpeedUp",24,"TRUE",,,,"sc/flood_water.sc",,,,80,-40,"TRUE",500,500,500,500,,,,,
"Arena2_Season","TID_INFO_ARENA_LEGENDARY","TID_INFO_ARENA_LEGENDARY",0,1,"sc/ui_arena.sc","arena_champion","Arena_L1","Arena_L1","FALSE",,,100,8000,,,8000,8000,530,100,40,8,1,1,"sc/ui_arena.sc","arena_02",,40,200,60,"PvP_bone","TeamVsTeam_bone",,360,0,,,"ChestSpeedUp",24,"TRUE",,,,"sc/flood_water.sc",,,,75,-40,"TRUE",500,500,500,500,,,,,
"Arena_Pancakes","TID_INFO_ARENA_LEGENDARY","TID_INFO_ARENA_LEGENDARY",0,1,"sc/ui_arena.sc","arena_champion","Arena_L1","Arena_L1","FALSE",,,100,8000,,,8000,8000,530,100,40,8,1,1,"sc/ui_arena_icon_pancakes.sc","arena_pancakes",,40,200,60,"PvP_pancakes_arena","TeamVsTeam_pancakes_arena",,360,0,,,"ChestSpeedUp",24,"FALSE","FALSE",,,"sc/flood_water.sc","UI_menu_background_pancakes",,,90,-40,"TRUE",500,500,500,500,,,,,
"Arena_ClashPast","TID_INFO_ARENA_LEGENDARY","TID_INFO_ARENA_LEGENDARY",0,1,"sc/ui_arena.sc","arena_champion","Arena_L1","Arena_L1","FALSE",,,100,8000,,,8000,8000,530,100,40,8,1,1,"sc/ui_arena_icon_clash_past.sc","arena_clash_past",,40,200,60,"PvP_clash_past_arena","TeamVsTeam_clash_past_arena",,360,0,,,"ChestSpeedUp",24,"FALSE","FALSE",,,"sc/flood_water.sc","UI_menu_background_clash_past",,,90,-40,"TRUE",500,500,500,500,,,,,
"Arena_ClashFest","TID_INFO_ARENA_LEGENDARY","TID_INFO_ARENA_LEGENDARY",0,1,"sc/ui_arena.sc","arena_champion","Arena_L1","Arena_L1","FALSE",,,100,8000,,,8000,8000,530,100,40,8,1,1,"sc/ui_arena_icon_clash_fest.sc","arena_clashfest",,40,200,60,"PvP_clash_fest_arena","TeamVsTeam_clash_fest_arena",,360,0,,,"ChestSpeedUp",24,"FALSE","FALSE",,,"sc/flood_water.sc","UI_menu_background_clash_fest",,,90,-40,"TRUE",500,500,500,500,,,,,
"Arena_T_Season","TID_INFO_ARENA_LEGENDARY","TID_INFO_ARENA_LEGENDARY",0,1,"sc/ui_arena.sc","arena_champion","Arena_L1","Arena_L1","FALSE",,,100,8000,,,8000,8000,530,100,40,8,1,1,"sc/ui_arena.sc","arena_spooky",,40,200,60,"PvP_spooky","TeamVsTeam_spooky",,360,0,,,"ChestSpeedUp",24,"TRUE",,,,,,,,95,-40,"TRUE",500,500,500,500,,,,,
"Arena_Monk","TID_INFO_ARENA_LEGENDARY","TID_INFO_ARENA_LEGENDARY",0,1,"sc/ui_arena.sc","arena_champion","Arena_L1","Arena_L1","FALSE",,,100,8000,,,8000,8000,530,100,40,8,1,1,"sc/ui_arena_icon_monk.sc","arena_monk",,40,200,60,"PvP_monk_arena","TeamVsTeam_monk_arena",,360,0,,,"ChestSpeedUp",24,"FALSE","FALSE",,,"sc/flood_water.sc","UI_menu_background_clash_fest",,,90,-40,"TRUE",500,500,500,500,,,,,
"Arena_XMas2022","TID_INFO_ARENA_LEGENDARY","TID_INFO_ARENA_LEGENDARY",0,1,"sc/ui_arena.sc","arena_champion","Arena_L1","Arena_L1","FALSE",,,100,8000,,,8000,8000,530,100,40,8,1,1,"sc/ui_arena_icon_xmas2022.sc","arena_xmas2022",,40,200,60,"PvP_XMas2022_arena","TeamVsTeam_XMas2022_arena",,360,0,,,"ChestSpeedUp",24,"FALSE",,,,"sc/flood_water.sc","UI_menu_background_holiday","UI_menu_background_holiday_snow",,90,-40,"TRUE",500,500,500,500,,,,,
"Arena_Ranked","TID_INFO_ARENA_LEGENDARY","TID_INFO_ARENA_LEGENDARY",0,1,"sc/ui_arena.sc","arena_champion","Arena_L1","Arena_L1","FALSE",,,100,8000,,,8000,8000,530,100,40,8,1,1,"sc/ui_arena_icon_ranked.sc","arena_ranked",,40,200,60,"PvP_ranked_arena","TeamVsTeam_ranked_arena",,360,0,,,"ChestSpeedUp",24,"FALSE",,,,"sc/flood_water.sc","UI_menu_background_holiday","UI_menu_background_holiday_snow",,90,-40,"TRUE",500,500,500,500,,,,,
"Arena_BootCamp","TID_INFO_ARENA_LEGENDARY","TID_INFO_ARENA_LEGENDARY",0,1,"sc/ui_arena.sc","arena_champion","Arena_L1","Arena_L1","FALSE",,,100,8000,,,8000,8000,530,100,40,8,1,1,"sc/ui_arena_icon_bootcamp.sc","arena_bootcamp",,40,200,60,"PvP_bootcamp_arena","TeamVsTeam_bootcamp_arena",,360,0,,,"ChestSpeedUp",24,"FALSE",,,,"sc/flood_water.sc","UI_menu_background_holiday","UI_menu_background_holiday_snow",,90,-40,"TRUE",500,500,500,500,,,,,
"Arena_BattleGround","TID_INFO_ARENA_BATTLEGROUND","TID_INFO_ARENA_BATTLEGROUND",0,,"sc/ui_arena.sc","arena_champion","Arena_L1","Arena_L1","FALSE",,,100,8000,,,8000,8000,100,100,40,8,1,1,"sc/ui_arena.sc","arena_07",,40,200,60,"PvP_BattleGround","TeamVsTeam_BattleGround",,360,0,,,"ChestSpeedUp",24,"TRUE",,,,,,,,90,-40,"TRUE",500,500,500,500,,,,,
"Arena_L_Season","TID_INFO_ARENA_LEGENDARY","TID_INFO_ARENA_LEGENDARY",0,1,"sc/ui_arena.sc","arena_champion","Arena_L1","Arena_L1","FALSE",,,100,8000,,,8000,8000,530,100,40,8,1,1,"sc/ui_arena.sc","arena_legendary",,40,200,60,"PvP_legendary","TeamVsTeam_legendary",,360,0,,,"ChestSpeedUp",24,"TRUE",,,,"sc/flood_water.sc",,,,75,-40,"TRUE",500,500,500,500,,,,,
"Arena_RockEvolution","TID_INFO_ARENA_LEGENDARY","TID_INFO_ARENA_LEGENDARY",0,,"sc/ui_arena.sc","arena_champion","Arena_L1","Arena_L1","FALSE",,,100,8000,,,8000,8000,530,100,40,8,1,1,"sc/ui_arena_icon_rock_evolution.sc","arena_rock_evolution",,40,200,60,"PvP_rock_evolution_arena","TeamVsTeam_rock_evolution_arena",,360,0,,,"ChestSpeedUp",24,"TRUE",,,,"sc/flood_water.sc",,,,75,-40,"TRUE",500,500,500,500,,,,,
"Arena_RockEvolution_stage","TID_INFO_ARENA_LEGENDARY","TID_INFO_ARENA_LEGENDARY",0,,"sc/ui_arena.sc","arena_champion","Arena_L1","Arena_L1","FALSE",,,100,8000,,,8000,8000,530,100,40,8,1,1,"sc/ui_arena_icon_dark_elixir.sc","arena_rock_evolution",,40,200,60,"PvP_rock_evolution_arena_stage","TeamVsTeam_rock_evolution_arena_stage",,360,0,,,"ChestSpeedUp",24,"TRUE",,,,"sc/flood_water.sc",,,,75,-40,"TRUE",500,500,500,500,,,,,
"Arena_DarkElixir","TID_INFO_ARENA_LEGENDARY","TID_INFO_ARENA_LEGENDARY",0,,"sc/ui_arena.sc","arena_champion","Arena_L1","Arena_L1","FALSE",,,100,8000,,,8000,8000,530,100,40,8,1,1,"sc/ui_arena_icon_dark_elixir.sc","arena_dark_elixir",,40,200,60,"PvP_dark_elixir_arena","TeamVsTeam_dark_elixir_arena",,360,0,,,"ChestSpeedUp",24,"TRUE",,,,"sc/flood_water.sc",,,,75,-40,"TRUE",500,500,500,500,,,,,
"Arena_ChessBoard","TID_INFO_ARENA_LEGENDARY","TID_INFO_ARENA_LEGENDARY",0,,"sc/ui_arena.sc","arena_champion","Arena_L1","Arena_L1","FALSE",,,100,8000,,,8000,8000,530,100,40,8,1,1,"sc/ui_arena_icon_chess.sc","arena_chess",,40,200,60,"PvP_chess_arena","TeamVsTeam_royal",,360,0,,,"ChestSpeedUp",24,"TRUE",,,,"sc/flood_water.sc",,,,75,-40,"TRUE",500,500,500,500,,,,,
"Arena_ChessSeason","TID_INFO_ARENA_LEGENDARY","TID_INFO_ARENA_LEGENDARY",0,1,"sc/ui_arena.sc","arena_champion","Arena_L1","Arena_L1","FALSE",,,100,8000,,,8000,8000,530,100,40,8,1,1,"sc/ui_arena_icon_chess.sc","arena_chess",,40,200,60,"PvP_season_chess","TeamVsTeam_season_chess",,360,0,,,"ChestSpeedUp",24,"FALSE",,,,"sc/flood_water.sc",,,,90,-40,"TRUE",500,500,500,500,,,,,
"Arena_Clashoween_Tombstone","TID_INFO_ARENA_LEGENDARY","TID_INFO_ARENA_LEGENDARY",0,1,"sc/ui_arena.sc","arena_champion","Arena_L1","Arena_L1","FALSE",,,100,8000,,,8000,8000,530,100,40,8,1,1,"sc/ui_arena_icon_clash_o_ween.sc","arena_clash_o_ween",,40,200,60,"PvP_Clashoween_Tombstone",,,360,0,,,"ChestSpeedUp",24,"TRUE",,,,"sc/flood_water.sc","UI_menu_background_halloween","UI_menu_background_halloween_mist",,90,-40,"TRUE",500,500,500,500,,,,,
"Arena_Clashoween","TID_INFO_ARENA_LEGENDARY","TID_INFO_ARENA_LEGENDARY",0,1,"sc/ui_arena.sc","arena_champion","Arena_L1","Arena_L1","FALSE",,,100,8000,,,8000,8000,530,100,40,8,1,1,"sc/ui_arena_icon_clash_o_ween.sc","arena_clash_o_ween",,40,200,60,"PvP_Clashoween","TeamVsTeam_Clashoween",,360,0,,,"ChestSpeedUp",24,"TRUE",,,,"sc/flood_water.sc","UI_menu_background_halloween","UI_menu_background_halloween_mist",,90,-40,"TRUE",500,500,500,500,,,,,
"Arena_LittlePrince_ElixirBarrel","TID_INFO_ARENA_LEGENDARY","TID_INFO_ARENA_LEGENDARY",0,1,"sc/ui_arena.sc","arena_champion","Arena_L1","Arena_L1","FALSE",,,100,8000,,,8000,8000,530,100,40,8,1,1,"sc/ui_arena_icon_littleprince.sc","arena_littleprince",,40,200,60,"PvP_littleprince_ElixirBarrel",,,360,0,,,"ChestSpeedUp",24,"TRUE",,,,"sc/flood_water.sc",,,,90,-40,"TRUE",500,500,500,500,,,,,
"Arena_LittlePrince","TID_INFO_ARENA_LEGENDARY","TID_INFO_ARENA_LEGENDARY",0,1,"sc/ui_arena.sc","arena_champion","Arena_L1","Arena_L1","FALSE",,,100,8000,,,8000,8000,530,100,40,8,1,1,"sc/ui_arena_icon_littleprince.sc","arena_littleprince",,40,200,60,"PvP_littleprince_arena","TeamVsTeam_littleprince_arena",,360,0,,,"ChestSpeedUp",24,"TRUE",,,,"sc/flood_water.sc",,,,90,-40,"TRUE",500,500,500,500,,,,,
"Arena_XMas2022_Freeze","TID_INFO_ARENA_LEGENDARY","TID_INFO_ARENA_LEGENDARY",0,1,"sc/ui_arena.sc","arena_champion","Arena_L1","Arena_L1","FALSE",,,100,8000,,,8000,8000,530,100,40,8,1,1,"sc/ui_arena_icon_xmas2022.sc","arena_xmas2022",,40,200,60,"PvP_XMas2022_arena_freeze","TeamVsTeam_XMas2022_arena_freeze",,360,0,,,"ChestSpeedUp",24,"FALSE",,,,"sc/flood_water.sc","UI_menu_background_holiday","UI_menu_background_holiday_snow",,90,-40,"TRUE",500,500,500,500,,,,,
"Arena_Valhalla","TID_INFO_ARENA_LEGENDARY","TID_INFO_ARENA_LEGENDARY",0,1,"sc/ui_arena.sc","arena_champion","Arena_L1","Arena_L1","FALSE",,,100,8000,,,8000,8000,530,100,40,8,1,1,"sc/ui_arena_icon_valhala.sc","arena_valhalla_icon",,40,200,60,"PvP_valhalla_arena","TeamVsTeam_valhalla_arena",,360,0,,,"ChestSpeedUp",24,"TRUE",,,,"sc/flood_water.sc",,,,90,-40,"TRUE",500,500,500,500,,,,,
"Arena_Valentines2024_LoveBuff","TID_INFO_ARENA_LEGENDARY","TID_INFO_ARENA_LEGENDARY",0,1,"sc/ui_arena.sc","arena_champion","Arena_L1","Arena_L1","FALSE",,,100,8000,,,8000,8000,530,100,40,8,1,1,"sc/ui_arena_icon_explosivevalentine.sc","arena_explosivevalentine_icon",,40,200,60,"PvP_valentines2024_lovebuff_arena","TeamVsTeam_valentines2024_lovebuff_arena",,360,0,,,"ChestSpeedUp",24,"TRUE",,,,"sc/flood_water.sc",,,,90,-40,"TRUE",500,500,500,500,,,,,
"Arena_Valentines2024","TID_INFO_ARENA_LEGENDARY","TID_INFO_ARENA_LEGENDARY",0,1,"sc/ui_arena.sc","arena_champion","Arena_L1","Arena_L1","FALSE",,,100,8000,,,8000,8000,530,100,40,8,1,1,"sc/ui_arena_icon_explosivevalentine.sc","arena_explosivevalentine_icon",,40,200,60,"PvP_valentines2024_arena","TeamVsTeam_valentines2024_arena",,360,0,,,"ChestSpeedUp",24,"TRUE",,,,"sc/flood_water.sc",,,,90,-40,"TRUE",500,500,500,500,,,,,
"Arena_Electric2_March","TID_INFO_ARENA_LEGENDARY","TID_INFO_ARENA_LEGENDARY",0,1,"sc/ui_arena.sc","arena_champion","Arena_L1","Arena_L1","FALSE",,,100,8000,,,8000,8000,530,100,40,8,1,1,"sc/ui_arena.sc","arena_electricbirthday_season",,40,200,60,"PvP_electricbirthday","TeamVsTeam_electricbirthday",,360,0,,,"ChestSpeedUp",24,"FALSE","FALSE",,,"sc/flood_water.sc","UI_menu_background_shocktober",,,90,-40,"TRUE",500,500,500,500,,,,,
"Arena_Electric2_March_GlobalLightning","TID_INFO_ARENA_LEGENDARY","TID_INFO_ARENA_LEGENDARY",0,1,"sc/ui_arena.sc","arena_champion","Arena_L1","Arena_L1","FALSE",,,100,8000,,,8000,8000,530,100,40,8,1,1,"sc/ui_arena.sc","arena_electricbirthday_season",,40,200,60,"PvP_electricbirthday_GlobalLightning","TeamVsTeam_electricbirthday_GlobalLightning",,360,0,,,"ChestSpeedUp",24,"FALSE","FALSE",,,"sc/flood_water.sc","UI_menu_background_shocktober",,,90,-40,"TRUE",500,500,500,500,,,,,
"Arena_MagicMay","TID_INFO_ARENA_LEGENDARY","TID_INFO_ARENA_LEGENDARY",0,1,"sc/ui_arena.sc","arena_champion","Arena_L1","Arena_L1","FALSE",,,100,8000,,,8000,8000,530,100,40,8,1,1,"sc/ui_arena_icon_magicmay.sc","arena_magicmay_icon",,40,200,60,"PvP_magicmay","TeamVsTeam_magicmay",,360,0,,,"ChestSpeedUp",24,"TRUE",,,,"sc/flood_water.sc",,,,90,-40,"TRUE",500,500,500,500,,,,,
"Arena_ElixirBarrel_GoblinScrapyard","TID_GOBLIN_ARENA_3","TID_INFO_GOBLIN_ARENA_3",0,1,"sc/ui_arena.sc","arena_champion","Arena_L1","Arena_L1","FALSE",,,100,8000,,,8000,8000,530,100,40,8,1,1,"sc/ui_arena_icon_goblinTR_scrappyard.sc","arena_scrappyard",,40,200,60,"PvP_globinTR_scrappyard_ElixirBarrel","TeamVsTeam_globinTR_scrappyard_ElixirBarrel",,360,0,,,"ChestSpeedUp",24,"TRUE","TRUE",,,,,,,90,-40,"TRUE",500,500,500,500,,,,,
"Arena_Season_GoblinScrapyard","TID_GOBLIN_ARENA_3","TID_INFO_GOBLIN_ARENA_3",0,1,"sc/ui_arena.sc","arena_champion","Arena_L1","Arena_L1","FALSE",,,100,8000,,,8000,8000,530,100,40,8,1,1,"sc/ui_arena_icon_goblinTR_scrappyard.sc","arena_scrappyard",,40,200,60,"PvP_globinTR_scrappyard","TeamVsTeam_globinTR_scrappyard",,360,0,,,"ChestSpeedUp",24,"TRUE","TRUE",,,,,,,90,-40,"TRUE",500,500,500,500,,,,,
"Arena_ChillBeach","TID_INFO_ARENA_LEGENDARY","TID_INFO_ARENA_LEGENDARY",0,1,"sc/ui_arena.sc","arena_champion","Arena_L1","Arena_L1","FALSE",,,100,8000,,,8000,8000,530,100,40,8,1,1,"sc/ui_arena_icon_goblinTR_chillbeach.sc","arena_goblinTR_chillbeach_icon",,40,200,60,"PvP_goblinTR_chillbeach","TeamVsTeam_goblinTR_chillbeach",,360,0,,,"ChestSpeedUp",24,"TRUE",,,,"sc/flood_water.sc",,,,90,-40,"TRUE",500,500,500,500,,,,,
"Arena_ChillBeach_NoRiver","TID_INFO_ARENA_LEGENDARY","TID_INFO_ARENA_LEGENDARY",0,1,"sc/ui_arena.sc","arena_champion","Arena_L1","Arena_L1","FALSE",,,100,8000,,,8000,8000,530,100,40,8,1,1,"sc/ui_arena_icon_goblinTR_chillbeach.sc","arena_goblinTR_chillbeach_icon",,40,200,60,"PvP_goblinTR_chillbeach_NoRiver","TeamVsTeam_goblinTR_chillbeach_NoRiver",,360,0,,,"ChestSpeedUp",24,"TRUE",,,,"sc/flood_water.sc",,,,90,-40,"TRUE",500,500,500,500,,,,,
"Arena_UltimateClash","TID_INFO_ARENA_LEGENDARY","TID_INFO_ARENA_LEGENDARY",0,1,"sc/ui_arena.sc","arena_champion","Arena_L1","Arena_L1","FALSE",,,100,8000,,,8000,8000,530,100,40,8,1,1,"sc/ui_arena_icon_ultimateclash.sc","arena_ultimateclash_icon",,40,200,60,"PvP_ultimateClash","TeamVsTeam_ultimateClash",,360,0,,,"ChestSpeedUp",24,"TRUE",,,,"sc/flood_water.sc",,,,90,-40,"TRUE",500,500,500,500,,,,,
"Arena_UltimateClash_PoL","TID_INFO_ARENA_LEGENDARY","TID_INFO_ARENA_LEGENDARY",0,1,"sc/ui_arena.sc","arena_champion","Arena_L1","Arena_L1","FALSE",,,100,8000,,,8000,8000,530,100,40,8,1,1,"sc/ui_arena_icon_ultimateclash_PoL.sc","arena_ultimateclash_icon_pol",,40,200,60,"PvP_ultimateClash","TeamVsTeam_ultimateClash",,360,0,,,"ChestSpeedUp",24,"TRUE",,,,"sc/flood_water.sc",,,,90,-40,"TRUE",500,500,500,500,,,,,
"Arena_Prototype","TID_INFO_ARENA_LEGENDARY","TID_INFO_ARENA_LEGENDARY",0,1,"sc/ui_arena.sc","arena_champion","Arena_L1","Arena_L1","FALSE",,,100,8000,,,8000,8000,530,100,40,8,1,1,"sc/ui_arena.sc","arena_00",,0,100,60,"PvP_prototype_arena","TeamVsTeam_royal",,360,0,,,"ChestSpeedUp",24,"TRUE",,,,"sc/flood_water.sc",,,,90,-40,"TRUE",500,500,500,500,,,,,
"202410_Arena_Spooky_Chess","TID_INFO_ARENA_LEGENDARY","TID_INFO_ARENA_LEGENDARY",0,,"sc/ui_arena.sc","arena_champion","Arena_L1","Arena_L1","FALSE",,,100,8000,,,8000,8000,530,100,40,8,1,1,"sc/ui_arena_icon_chess.sc","arena_chess",,40,200,60,"202410_PvP_spooky_chess_arena","TeamVsTeam_royal",,360,0,,,"ChestSpeedUp",24,"TRUE",,,,"sc/flood_water.sc",,,,75,-40,"TRUE",500,500,500,500,,,,,
"Arena_FrankHalloween","TID_INFO_ARENA_LEGENDARY","TID_INFO_ARENA_LEGENDARY",0,1,"sc/ui_arena.sc","arena_champion","Arena_L1","Arena_L1","FALSE",,,100,8000,,,8000,8000,530,100,40,8,1,1,"sc/ui_arena_icon_frankhalloween.sc","arena_frankhalloween_icon",,40,200,60,"PvP_frankhalloween","TeamVsTeam_frankhalloween",,360,0,,,"ChestSpeedUp",24,"TRUE",,,,"sc/flood_water.sc",,,,90,-40,"TRUE",500,500,500,500,,,,,
"Arena_WildWest","TID_INFO_ARENA_LEGENDARY","TID_INFO_ARENA_LEGENDARY",0,1,"sc/ui_arena.sc","arena_champion","Arena_L1","Arena_L1","FALSE",,,100,8000,,,8000,8000,530,100,40,8,1,1,"sc/ui_arena_icon_wildwest.sc","arena_wildwest_icon",,40,200,60,"PvP_wildwest","TeamVsTeam_wildwest",,360,0,,,"ChestSpeedUp",24,"TRUE",,,,"sc/flood_water.sc",,,,90,-40,"TRUE",500,500,500,500,,,,,
"Arena_CosyChristmas","TID_INFO_ARENA_LEGENDARY","TID_INFO_ARENA_LEGENDARY",0,1,"sc/ui_arena.sc","arena_champion","Arena_L1","Arena_L1","FALSE",,,100,8000,,,8000,8000,530,100,40,8,1,1,"sc/ui_arena_icon_cosychristmas.sc","arena_cosychristmas_icon",,40,200,60,"PvP_cosychristmas","TeamVsTeam_cosychristmas",,360,0,,,"ChestSpeedUp",24,"TRUE",,,,"sc/flood_water.sc",,,,90,-40,"TRUE",500,500,500,500,,,,,
"Arena_CosyChristmas_Table","TID_INFO_ARENA_LEGENDARY","TID_INFO_ARENA_LEGENDARY",0,1,"sc/ui_arena.sc","arena_champion","Arena_L1","Arena_L1","FALSE",,,100,8000,,,8000,8000,530,100,40,8,1,1,"sc/ui_arena_icon_cosychristmas.sc","arena_cosychristmas_icon",,40,200,60,"PvP_cosychristmas_table","TeamVsTeam_cosychristmas_table",,360,0,,,"ChestSpeedUp",24,"TRUE",,,,"sc/flood_water.sc",,,,90,-40,"TRUE",500,500,500,500,,,,,
"Arena_CosyChristmas_PoL","TID_INFO_ARENA_LEGENDARY","TID_INFO_ARENA_LEGENDARY",0,1,"sc/ui_arena.sc","arena_champion","Arena_L1","Arena_L1","FALSE",,,100,8000,,,8000,8000,530,100,40,8,1,1,"sc/ui_arena_icon_cosychristmas.sc","arena_cosychristmas_pol_icon",,40,200,60,"PvP_cosychristmas","TeamVsTeam_cosychristmas",,360,0,,,"ChestSpeedUp",24,"TRUE",,,,"sc/flood_water.sc",,,,90,-40,"TRUE",500,500,500,500,,,,,
"Arena_2v2Chess","TID_INFO_ARENA_LEGENDARY","TID_INFO_ARENA_LEGENDARY",0,1,"sc/ui_arena.sc","arena_champion","Arena_L1","Arena_L1","FALSE",,,100,8000,,,8000,8000,530,100,40,8,1,1,"sc/ui_arena_icon_2v2chess.sc","arena_chess",,40,200,60,"TeamVsTeam_2v2_chess","TeamVsTeam_2v2_chess",,360,0,,,"ChestSpeedUp",24,"FALSE",,,,"sc/flood_water.sc",,,,90,-40,"TRUE",500,500,500,500,,,,,
"Arena_RuneGiant","TID_INFO_ARENA_LEGENDARY","TID_INFO_ARENA_LEGENDARY",0,1,"sc/ui_arena.sc","arena_champion","Arena_L1","Arena_L1","FALSE",,,100,8000,,,8000,8000,530,100,40,8,1,1,"sc/ui_arena_icon_runegiant.sc","arena_runegiant",,40,200,60,"PVP_runegiant","TeamVsTeam_runegiant",,360,0,,,"ChestSpeedUp",24,"FALSE","FALSE",,,"sc/flood_water.sc",,,,90,-40,"TRUE",500,500,500,500,,,,,
"Arena_RuneGiant_PoL","TID_INFO_ARENA_LEGENDARY","TID_INFO_ARENA_LEGENDARY",0,1,"sc/ui_arena.sc","arena_champion","Arena_L1","Arena_L1","FALSE",,,100,8000,,,8000,8000,530,100,40,8,1,1,"sc/ui_arena_icon_runegiant.sc","arena_runegiant_pol",,40,200,60,"PVP_runegiant","TeamVsTeam_runegiant",,360,0,,,"ChestSpeedUp",24,"FALSE","FALSE",,,"sc/flood_water.sc",,,,90,-40,"TRUE",500,500,500,500,,,,,
"Arena_LumberLove","TID_INFO_ARENA_LEGENDARY","TID_INFO_ARENA_LEGENDARY",0,1,"sc/ui_arena.sc","arena_champion","Arena_L1","Arena_L1","FALSE",,,100,8000,,,8000,8000,530,100,40,8,1,1,"sc/ui_arena_icon_lumberlove.sc","arena_lumberlove_icon",,0,100,60,"PVP_lumberlove","TeamVsTeam_lumberlove",,360,0,,,"ChestSpeedUp",24,"TRUE",,,,"sc/flood_water.sc",,,,90,-40,"TRUE",500,500,500,500,,,,,
"Arena_LumberLove_PoL","TID_INFO_ARENA_LEGENDARY","TID_INFO_ARENA_LEGENDARY",0,1,"sc/ui_arena.sc","arena_champion","Arena_L1","Arena_L1","FALSE",,,100,8000,,,8000,8000,530,100,40,8,1,1,"sc/ui_arena_icon_lumberlove.sc","arena_lumberlove_pol_icon",,0,100,60,"PVP_lumberlove","TeamVsTeam_lumberlove",,360,0,,,"ChestSpeedUp",24,"TRUE",,,,"sc/flood_water.sc",,,,90,-40,"TRUE",500,500,500,500,,,,,
"Arena_LumberLove_LoveBuff","TID_INFO_ARENA_LEGENDARY","TID_INFO_ARENA_LEGENDARY",0,1,"sc/ui_arena.sc","arena_champion","Arena_L1","Arena_L1","FALSE",,,100,8000,,,8000,8000,530,100,40,8,1,1,"sc/ui_arena_icon_lumberlove.sc","arena_lumberlove_icon",,0,100,60,"PVP_lumberlove_lovebuff","TeamVsTeam_lumberlove_lovebuff",,360,0,,,"ChestSpeedUp",24,"TRUE",,,,"sc/flood_water.sc",,,,90,-40,"TRUE",500,500,500,500,,,,,
"Arena_9thBirthday","TID_INFO_ARENA_LEGENDARY","TID_INFO_ARENA_LEGENDARY",0,1,"sc/ui_arena.sc","arena_champion","Arena_L1","Arena_L1","FALSE",,,100,8000,,,8000,8000,530,100,40,8,1,1,"sc/ui_arena_icon_9thbirthday.sc","arena_9thbirthday_icon",,0,100,60,"PVP_9thbirthday","TeamVsTeam_9thbirthday",,360,0,,,,,"TRUE",,,,"sc/flood_water.sc",,,,90,-40,"TRUE",500,500,500,500,,,,,
"Arena_9thBirthday_PoL","TID_INFO_ARENA_LEGENDARY","TID_INFO_ARENA_LEGENDARY",0,1,"sc/ui_arena.sc","arena_champion","Arena_L1","Arena_L1","FALSE",,,100,8000,,,8000,8000,530,100,40,8,1,1,"sc/ui_arena_icon_9thbirthday.sc","arena_9thbirthday_pol_icon",,0,100,60,"PVP_9thbirthday","TeamVsTeam_9thbirthday",,360,0,,,,,"TRUE",,,,"sc/flood_water.sc",,,,90,-40,"TRUE",500,500,500,500,,,,,
"PLACEHOLDER_1","TID_ARENA_TRAINING_CAMP","TID_INFO_ARENA_TRAINING_CAMP",1,1,,,"TrainingCamp","TrainingCamp","FALSE","TRUE",,,,,,0,0,100,100,10,1,1,1,"sc/ui_arena.sc","arena_00",,0,100,60,"TrainingCamp","TeamVsTeam_training_camp",,90,5,,,,,"TRUE",,,,,,,,75,-40,,,,,,,,"Default",
"Arena_AllRandom","TID_INFO_ARENA_LEGENDARY","TID_INFO_ARENA_LEGENDARY",0,1,"sc/ui_arena.sc","arena_champion","Arena_L1","Arena_L1","FALSE",,,100,8000,,,8000,8000,530,100,40,8,1,1,"sc/ui_arena.sc","arena_00",,0,100,60,"PvP_prototype_AllRandom","TeamVsTeam_training_camp",,360,0,,,"ChestSpeedUp",24,"TRUE",,,,"sc/flood_water.sc",,,,90,-40,"TRUE",500,500,500,500,,,,,
"Arena_stolencrown","TID_INFO_ARENA_LEGENDARY","TID_INFO_ARENA_LEGENDARY",0,1,"sc/ui_arena.sc","arena_champion","Arena_L1","Arena_L1","FALSE",,,100,8000,,,8000,8000,530,100,40,8,1,1,"sc/ui_arena_icon_stolencrown.sc","arena_stolencrown_icon",,0,100,60,"PVP_stolecrown","TeamVsTeam_stolecrown",,360,0,,,"ChestSpeedUp",24,"TRUE",,,,"sc/flood_water.sc",,,,90,-40,"TRUE",500,500,500,500,,,,,
"Arena_stolencrown_PoL","TID_INFO_ARENA_LEGENDARY","TID_INFO_ARENA_LEGENDARY",0,1,"sc/ui_arena.sc","arena_champion","Arena_L1","Arena_L1","FALSE",,,100,8000,,,8000,8000,530,100,40,8,1,1,"sc/ui_arena_icon_stolencrown.sc","arena_stolencrown_pol_icon",,0,100,60,"PVP_stolecrown","TeamVsTeam_stolecrown",,360,0,,,"ChestSpeedUp",24,"TRUE",,,,"sc/flood_water.sc",,,,90,-40,"TRUE",500,500,500,500,,,,,
"Arena_graveyardKid","TID_INFO_ARENA_LEGENDARY","TID_INFO_ARENA_LEGENDARY",0,1,"sc/ui_arena.sc","arena_champion","Arena_L1","Arena_L1","FALSE",,,100,8000,,,8000,8000,530,100,40,8,1,1,"sc/ui_arena_icon_graveyardkid.sc","arena_graveyardkid_icon",,0,100,60,"PVP_graveyardKid","TeamVsTeam_graveyardKid",,360,0,,,"ChestSpeedUp",24,"TRUE",,,,"sc/flood_water.sc",,,,90,-40,"TRUE",500,500,500,500,,,,,
"Arena_graveyardKid_PoL","TID_INFO_ARENA_LEGENDARY","TID_INFO_ARENA_LEGENDARY",0,1,"sc/ui_arena.sc","arena_champion","Arena_L1","Arena_L1","FALSE",,,100,8000,,,8000,8000,530,100,40,8,1,1,"sc/ui_arena_icon_graveyardkid.sc","arena_graveyardkid_pol_icon",,0,100,60,"PVP_graveyardKid","TeamVsTeam_graveyardKid",,360,0,,,"ChestSpeedUp",24,"TRUE",,,,"sc/flood_water.sc",,,,90,-40,"TRUE",500,500,500,500,,,,,
"Arena_dragonisland","TID_INFO_ARENA_LEGENDARY","TID_INFO_ARENA_LEGENDARY",0,1,"sc/ui_arena.sc","arena_champion","Arena_L1","Arena_L1","FALSE",,,100,8000,,,8000,8000,530,100,40,8,1,1,"sc/ui_arena_icon_dragonisland.sc","arena_dragonisland_icon",,0,100,60,"PVP_dragonisland","TeamVsTeam_dragonisland",,360,0,,,"ChestSpeedUp",24,"TRUE",,,,"sc/flood_water.sc",,,,90,-40,"TRUE",500,500,500,500,,,,,
"Arena_dragonisland_PoL","TID_INFO_ARENA_LEGENDARY","TID_INFO_ARENA_LEGENDARY",0,1,"sc/ui_arena.sc","arena_champion","Arena_L1","Arena_L1","FALSE",,,100,8000,,,8000,8000,530,100,40,8,1,1,"sc/ui_arena_icon_dragonisland.sc","arena_dragonisland_pol_icon",,0,100,60,"PVP_dragonisland","TeamVsTeam_dragonisland",,360,0,,,"ChestSpeedUp",24,"TRUE",,,,"sc/flood_water.sc",,,,90,-40,"TRUE",500,500,500,500,,,,,
"Arena_L11","TID_ARENA25","TID_INFO_ARENA25",25,,,,"Arena_L11","Arena_L11","TRUE",,,100,10000,,,10000,10000,630,100,40,8,1,1,"sc/ui_arena_icon_lumberlove.sc","arena_lumberlove_icon",,40,200,60,"PVP_lumberlove","TeamVsTeam_lumberlove",,360,0,,"TRUE",,,"TRUE","TRUE",,"NULL","sc/flood_water.sc",,,,90,-40,"TRUE",500,500,500,500,,12,"Default",,
,,,,,,,,,,,,100,10500,,,,,,,,,,,,,,,,,,,,,,,,,,,,,,,,,,,,,,,,,,,,,
"Arena_spiritempress","TID_INFO_ARENA_LEGENDARY","TID_INFO_ARENA_LEGENDARY",0,1,"sc/ui_arena.sc","arena_champion","Arena_L1","Arena_L1","FALSE",,,100,8000,,,8000,8000,530,100,40,8,1,1,"sc/ui_arena_icon_spiritempress.sc","arena_spiritempress_icon",,0,100,60,"PvP_spiritempress","TeamVsTeam_spiritempress",,360,0,,,"ChestSpeedUp",24,"TRUE",,,,"sc/flood_water.sc",,,,90,-40,"TRUE",500,500,500,,,,,,
"Arena_spiritempress_PoL","TID_INFO_ARENA_LEGENDARY","TID_INFO_ARENA_LEGENDARY",0,1,"sc/ui_arena.sc","arena_champion","Arena_L1","Arena_L1","FALSE",,,100,8000,,,8000,8000,530,100,40,8,1,1,"sc/ui_arena_icon_spiritempress.sc","arena_spiritempress_pol_icon",,0,100,60,"PvP_spiritempress","TeamVsTeam_spiritempress",,360,0,,,"ChestSpeedUp",24,"TRUE",,,,"sc/flood_water.sc",,,,90,-40,"TRUE",500,500,500,,,,,,
"Arena_furnacepallace","TID_INFO_ARENA_LEGENDARY","TID_INFO_ARENA_LEGENDARY",0,1,"sc/ui_arena.sc","arena_champion","Arena_L1","Arena_L1","FALSE",,,100,8000,,,8000,8000,530,100,40,8,1,1,"sc/ui_arena_icon_furnacepallace.sc","arena_furnacepallace_icon",,0,100,60,"PvP_furnacepallace","TeamVsTeam_furnacepallace",,360,0,,,"ChestSpeedUp",24,"TRUE",,,,"sc/flood_water.sc",,,,90,-40,"TRUE",500,500,500,500,,,,,
"Arena_furnacepallace_PoL","TID_INFO_ARENA_LEGENDARY","TID_INFO_ARENA_LEGENDARY",0,1,"sc/ui_arena.sc","arena_champion","Arena_L1","Arena_L1","FALSE",,,100,8000,,,8000,8000,530,100,40,8,1,1,"sc/ui_arena_icon_furnacepallace.sc","arena_furnacepallace_pol_icon",,0,100,60,"PvP_furnacepallace","TeamVsTeam_furnacepallace",,360,0,,,"ChestSpeedUp",24,"TRUE",,,,"sc/flood_water.sc",,,,90,-40,"TRUE",500,500,500,500,,,,,
"Arena_dragonest","TID_INFO_ARENA_LEGENDARY","TID_INFO_ARENA_LEGENDARY",0,1,"sc/ui_arena.sc","arena_champion","Arena_L1","Arena_L1","FALSE","FALSE",,100,8000,,,8000,8000,530,100,40,8,1,1,"sc/ui_arena_icon_dragonest.sc","arena_dragonest_icon",,0,100,60,"PvP_dragonest","TeamVsTeam_dragonest",,360,0,,,"ChestSpeedUp",24,"TRUE",,,,"sc/flood_water.sc",,,,90,-40,"TRUE",500,500,500,500,,,,,
"Arena_dragonest_PoL","TID_INFO_ARENA_LEGENDARY","TID_INFO_ARENA_LEGENDARY",0,1,"sc/ui_arena.sc","arena_champion","Arena_L1","Arena_L1","FALSE","FALSE",,100,8000,,,8000,8000,530,100,40,8,1,1,"sc/ui_arena_icon_dragonest.sc","arena_dragonest_pol_icon",,0,100,60,"PvP_dragonest","TeamVsTeam_dragonest",,360,0,,,"ChestSpeedUp",24,"TRUE",,,,"sc/flood_water.sc",,,,90,-40,"TRUE",500,500,500,500,,,,,
"Arena_cryptrock","TID_INFO_ARENA_LEGENDARY","TID_INFO_ARENA_LEGENDARY",0,1,"sc/ui_arena.sc","arena_champion","Arena_L1","Arena_L1","FALSE","FALSE",,100,8000,,,8000,8000,530,100,40,8,1,1,"sc/ui_arena_icon_crypt_concert.sc","arena_crypt_concert_icon",,0,100,60,"PvP_cryptrock","TeamVsTeam_cryptrock",,360,0,,,"ChestSpeedUp",24,"TRUE",,,,"sc/flood_water.sc",,,,90,-40,"TRUE",500,500,500,500,,,,,
"Arena_cryptrock_PoL","TID_INFO_ARENA_LEGENDARY","TID_INFO_ARENA_LEGENDARY",0,1,"sc/ui_arena.sc","arena_champion","Arena_L1","Arena_L1","FALSE","FALSE",,100,8000,,,8000,8000,530,100,40,8,1,1,"sc/ui_arena_icon_crypt_concert.sc","arena_crypt_concert_pol_icon",,0,100,60,"PvP_cryptrock","TeamVsTeam_cryptrock",,360,0,,,"ChestSpeedUp",24,"TRUE",,,,"sc/flood_water.sc",,,,90,-40,"TRUE",500,500,500,500,,,,,
"Arena_goblinswamp","TID_INFO_ARENA_LEGENDARY","TID_INFO_ARENA_LEGENDARY",0,1,"sc/ui_arena.sc","arena_champion","Arena_L1","Arena_L1","FALSE","FALSE",,100,8000,,,8000,8000,530,100,40,8,1,1,"sc/ui_arena_icon_goblinswamp.sc","arena_goblin_swamp",,0,100,60,"PvP_goblinswamp","TeamVsTeam_goblinswamp",,360,0,,,"ChestSpeedUp",24,"TRUE",,,,"sc/flood_water.sc",,,,90,-40,"TRUE",500,500,500,500,,,,,
"Arena_goblinswamp_PoL","TID_INFO_ARENA_LEGENDARY","TID_INFO_ARENA_LEGENDARY",0,1,"sc/ui_arena.sc","arena_champion","Arena_L1","Arena_L1","FALSE","FALSE",,100,8000,,,8000,8000,530,100,40,8,1,1,"sc/ui_arena_icon_goblinswamp.sc","arena_goblin_swamp",,0,100,60,"PvP_goblinswamp","TeamVsTeam_goblinswamp",,360,0,,,"ChestSpeedUp",24,"TRUE",,,,"sc/flood_water.sc",,,,90,-40,"TRUE",500,500,500,500,,,,,
"Arena_hogsville","TID_INFO_ARENA_LEGENDARY","TID_INFO_ARENA_LEGENDARY",0,1,"sc/ui_arena.sc","arena_champion","Arena_L1","Arena_L1","FALSE","FALSE",,100,8000,,,8000,8000,530,100,40,8,1,1,"sc/ui_arena_icon_hogsville.sc","arena_musketeer_icon",,0,200,60,"PvP_hogsville","TeamVsTeam_hogsville",,360,0,,,"ChestSpeedUp",24,"TRUE",,,,"sc/flood_water.sc",,,,90,-40,"TRUE",500,500,500,500,,,,,
"Arena_hogsville_PoL","TID_INFO_ARENA_LEGENDARY","TID_INFO_ARENA_LEGENDARY",0,1,"sc/ui_arena.sc","arena_champion","Arena_L1","Arena_L1","FALSE","FALSE",,100,8000,,,8000,8000,530,100,40,8,1,1,"sc/ui_arena_icon_hogsville.sc","arena_musketeer_pol_icon",,0,200,60,"PvP_hogsville","TeamVsTeam_hogsville",,360,0,,,"ChestSpeedUp",24,"TRUE",,,,"sc/flood_water.sc",,,,90,-40,"TRUE",500,500,500,500,,,,,
"Arena_L12","TID_ARENA26","TID_INFO_ARENA26",26,,,,"Arena_L12","Arena_L12","TRUE",,,100,10500,,,10500,10500,630,100,40,8,1,1,"sc/ui_arena_icon_stolencrown.sc","arena_stolencrown_icon",,40,200,60,"PVP_stolecrown","TeamVsTeam_stolecrown",,360,0,,"TRUE",,,"TRUE","TRUE",,"NULL","sc/flood_water.sc",,,,90,-40,"TRUE",500,500,500,500,,12,"Default",,
,,,,,,,,,,,,100,11000,,,,,,,,,,,,,,,,,,,,,,,,,,,,,"NULL",,,,,,,,,,,,,,,,
"Arena_L13","TID_ARENA27","TID_INFO_ARENA27",27,,,,"Arena_L13","Arena_L13","TRUE",,,100,11000,,,11000,11000,640,100,40,8,1,1,"sc/ui_arena_icon_hogsville.sc","arena_musketeer_icon",,40,200,60,"PvP_hogsville","TeamVsTeam_hogsville",,360,0,,"TRUE",,,"TRUE","TRUE",,"NULL","sc/flood_water.sc",,,,90,-40,"TRUE",500,500,500,500,,13,"Default",,
,,,,,,,,,,,,100,11500,,,,,,,,,,,,,,,,,,,,,,,,,,,,,"NULL",,,,,,,,,,,,,,,,
"Arena_L14","TID_ARENA28","TID_INFO_ARENA28",28,,,,"Arena_L14","Arena_L14","TRUE",,,100,11500,,,11500,11500,650,100,40,8,1,1,"sc/ui_arena_icon_heroessummit.sc","arena_heroic_christmas_icon",,40,200,60,"PvP_heroessummit","TeamVsTeam_heroessummit",,360,0,,"TRUE",,,"TRUE","TRUE",,"NULL","sc/flood_water.sc",,,,90,-40,"TRUE",500,500,500,500,,13,"Default",,
,,,,,,,,,,,,100,12000,,,,,,,,,,,,,,,,,,,,,,,,,,,,,,,,,,,,,,,,,,,,,
"Arena_heroesSummit","TID_INFO_ARENA_LEGENDARY","TID_INFO_ARENA_LEGENDARY",0,1,"sc/ui_arena.sc","arena_champion","Arena_L1","Arena_L1","FALSE",,,100,8000,,,8000,8000,530,100,40,8,1,1,"sc/ui_arena_icon_heroessummit.sc","arena_heroic_christmas_icon",,40,200,60,"PvP_heroessummit","TeamVsTeam_heroessummit",,360,0,,,"ChestSpeedUp",24,"TRUE",,,,"sc/flood_water.sc",,,,90,-40,"TRUE",500,500,500,500,,,,,
"Arena_heroesSummit_PoL","TID_INFO_ARENA_LEGENDARY","TID_INFO_ARENA_LEGENDARY",0,1,"sc/ui_arena.sc","arena_champion","Arena_L1","Arena_L1","FALSE",,,100,8000,,,8000,8000,530,100,40,8,1,1,"sc/ui_arena_icon_heroessummit.sc","arena_heroic_christmas_pol_icon",,40,200,60,"PvP_heroessummit","TeamVsTeam_heroessummit",,360,0,,,"ChestSpeedUp",24,"TRUE",,,,"sc/flood_water.sc",,,,90,-40,"TRUE",500,500,500,500,,,,,
"Arena_elementalDuality","TID_INFO_ARENA_LEGENDARY","TID_INFO_ARENA_LEGENDARY",0,1,"sc/ui_arena.sc","arena_champion","Arena_L1","Arena_L1","FALSE",,,100,8000,,,8000,8000,530,100,40,8,1,1,"sc/ui_arena_icon_elementalduality.sc","arena_fire_ice_icon",,40,200,60,"PvP_elementalduality","TeamVsTeam_elementalduality",,360,0,,,"ChestSpeedUp",24,"TRUE",,,,"sc/flood_water.sc",,,,90,-40,"TRUE",500,500,500,500,,,,,
"Arena_elementalDuality_PoL","TID_INFO_ARENA_LEGENDARY","TID_INFO_ARENA_LEGENDARY",0,1,"sc/ui_arena.sc","arena_champion","Arena_L1","Arena_L1","FALSE",,,100,8000,,,8000,8000,530,100,40,8,1,1,"sc/ui_arena_icon_elementalduality.sc","arena_fire_ice_pol_icon",,40,200,60,"PvP_elementalduality","TeamVsTeam_elementalduality",,360,0,,,"ChestSpeedUp",24,"TRUE",,,,"sc/flood_water.sc",,,,90,-40,"TRUE",500,500,500,500,,,,,
"Arena_gothicLove","TID_INFO_ARENA_LEGENDARY","TID_INFO_ARENA_LEGENDARY",0,1,"sc/ui_arena.sc","arena_champion","Arena_L1","Arena_L1","FALSE",,,100,8000,,,8000,8000,530,100,40,8,1,1,"sc/ui_arena_icon_gothiclove.sc","arena_gothic_valentine_icon",,40,200,60,"PvP_gothiclove","TeamVsTeam_gothiclove",,360,0,,"TRUE","ChestSpeedUp",24,"TRUE",,,,"sc/flood_water.sc",,,,90,-40,"TRUE",500,500,500,500,,,,,
"Arena_gothicLove_PoL","TID_INFO_ARENA_LEGENDARY","TID_INFO_ARENA_LEGENDARY",0,1,"sc/ui_arena.sc","arena_champion","Arena_L1","Arena_L1","FALSE",,,100,8000,,,8000,8000,530,100,40,8,1,1,"sc/ui_arena_icon_gothiclove.sc","arena_gothic_valentine_pol_icon",,40,200,60,"PvP_gothiclove","TeamVsTeam_gothiclove",,360,0,,"TRUE","ChestSpeedUp",24,"TRUE",,,,"sc/flood_water.sc",,,,90,-40,"TRUE",500,500,500,500,,,,,
"Arena_AllRandom_Princess","TID_INFO_ARENA_LEGENDARY","TID_INFO_ARENA_LEGENDARY",0,1,"sc/ui_arena.sc","arena_champion","Arena_L1","Arena_L1","FALSE",,,100,8000,,,8000,8000,530,100,40,8,1,1,"sc/ui_arena.sc","arena_00",,0,100,60,"PvP_All_Random","TeamVsTeam_training_camp",,360,0,,,"ChestSpeedUp",24,"TRUE",,,,"sc/flood_water.sc",,,"TowerSkin1033",90,-40,"TRUE",500,500,500,500,,,,,
"Arena_Prototype_Wide","TID_INFO_ARENA_LEGENDARY","TID_INFO_ARENA_LEGENDARY",0,1,"sc/ui_arena.sc","arena_champion","Arena_L1","Arena_L1","FALSE",,,100,8000,,,8000,8000,530,100,40,8,1,1,"sc/ui_arena.sc","arena_00",,0,100,60,"PvP_prototype_AllRandom_Princess_Wide","TeamVsTeam_training_camp",,360,0,,,"ChestSpeedUp",24,"TRUE",,,,"sc/flood_water.sc",,,,90,-40,"TRUE",500,500,500,500,,,,,
"Arena_L15","TID_ARENA29","TID_INFO_ARENA29",29,,,,"Arena_L15","Arena_L15","TRUE",,,100,12000,,,12000,12000,660,100,40,8,1,1,"sc/ui_arena_icon_lvl16_magicacademy.sc","arena_lvl16_magicAcademy_icon",,40,200,60,"PvP_magicmay","TeamVsTeam_magicmay",,360,0,,"TRUE",,,"TRUE","TRUE",,"NULL","sc/flood_water.sc",,,,90,-40,"TRUE",500,500,500,500,,13,"Default",,
,,,,,,,,,,,,100,12500,,,,,,,,,,,,,,,,,,,,,,,,,,,,,"NULL",,,,,,,,,,,,,,,,
"Arena_L16","TID_ARENA30","TID_INFO_ARENA30",30,,,,"Arena_L16","Arena_L16","TRUE",,,100,12500,,,12500,12500,670,100,40,8,1,1,"sc/ui_arena_icon_lvl16_ultimateclash.sc","arena_lvl16_ultimateBattle_icon",,40,200,60,"PvP_ultimateClash","TeamVsTeam_ultimateClash",,360,0,,"TRUE",,,"TRUE","TRUE",,"NULL","sc/flood_water.sc",,,,90,-40,"TRUE",500,500,500,500,,13,"Default",,
,,,,,,,,,,,,100,13000,,,,,,,,,,,,,,,,,,,,,,,,,,,,,"NULL",,,,,,,,,,,,,,,,
"Arena_L17","TID_ARENA31","TID_INFO_ARENA31",31,,,,"Arena_L17","Arena_L17","TRUE",,,100,13000,,,13000,13000,680,100,40,8,1,1,"sc/ui_arena_icon_lvl16_littleprince.sc","arena_littleprince",,40,200,60,"PvP_littleprince_arena","TeamVsTeam_littleprince_arena",,360,0,,"TRUE",,,"TRUE","TRUE",,"NULL","sc/flood_water.sc",,,,90,-40,"TRUE",500,500,500,500,,13,"Default",,
,,,,,,,,,,,,100,13500,,,,,,,,,,,,,,,,,,,,,,,,,,,,,"NULL",,,,,,,,,,,,,,,,
"Arena_L18","TID_ARENA32","TID_INFO_ARENA32",32,,,,"Arena_L18","Arena_L18","TRUE",,,100,13500,,,13500,13500,690,100,40,8,1,1,"sc/ui_arena_icon_lvl16_spiritempress.sc","arena_spiritempress_icon",,40,200,60,"PvP_spiritempress","TeamVsTeam_spiritempress",,360,0,,"TRUE",,,"TRUE",,,"NULL","sc/flood_water.sc",,,,90,-40,"TRUE",500,500,500,500,,13,"Default",,
,,,,,,,,,,,,100,14000,,,,,,,,,,,,,,,,,,,,,,,,,,,,,,,,,,,,,,,,,,,,,
"Arena_10thbirthday","TID_INFO_ARENA_LEGENDARY","TID_INFO_ARENA_LEGENDARY",0,1,"sc/ui_arena.sc","arena_champion","Arena_L1","Arena_L1","FALSE",,,100,8000,,,8000,8000,530,100,40,8,1,1,"sc/ui_arena_icon_10thbirthday.sc","arena_birthday_2026_icon",,40,200,60,"PvP_10thbirthday","TeamVsTeam_10thbirthday",,360,0,,"TRUE","ChestSpeedUp",24,"TRUE",,,,"sc/flood_water.sc",,,,90,-40,"TRUE",500,500,500,500,,,,,
"Arena_10thbirthday_PoL","TID_INFO_ARENA_LEGENDARY","TID_INFO_ARENA_LEGENDARY",0,1,"sc/ui_arena.sc","arena_champion","Arena_L1","Arena_L1","FALSE",,,100,8000,,,8000,8000,530,100,40,8,1,1,"sc/ui_arena_icon_10thbirthday.sc","arena_birthday_2026_pol_icon",,40,200,60,"PvP_10thbirthday","TeamVsTeam_10thbirthday",,360,0,,"TRUE","ChestSpeedUp",24,"TRUE",,,,"sc/flood_water.sc",,,,90,-40,"TRUE",500,500,500,500,,,,,
"Arena_warballoon","TID_INFO_ARENA_LEGENDARY","TID_INFO_ARENA_LEGENDARY",0,1,"sc/ui_arena.sc","arena_champion","Arena_L1","Arena_L1","FALSE",,,100,8000,,,8000,8000,530,100,40,8,1,1,"sc/ui_arena_icon_warballoon.sc","arena_baloon_icon",,40,200,60,"PvP_warballoon","TeamVsTeam_warballoon",,360,0,,"TRUE","ChestSpeedUp",24,"TRUE",,,,"sc/flood_water.sc",,,,90,-40,"TRUE",500,500,500,500,,,,,
"Arena_warballoon_PoL","TID_INFO_ARENA_LEGENDARY","TID_INFO_ARENA_LEGENDARY",0,1,"sc/ui_arena.sc","arena_champion","Arena_L1","Arena_L1","FALSE",,,100,8000,,,8000,8000,530,100,40,8,1,1,"sc/ui_arena_icon_warballoon.sc","arena_baloon_pol_icon",,40,200,60,"PvP_warballoon","TeamVsTeam_10thbirthday",,360,0,,"TRUE","ChestSpeedUp",24,"TRUE",,,,"sc/flood_water.sc",,,,90,-40,"TRUE",500,500,500,500,,,,,
"Arena_darkregal","TID_INFO_ARENA_LEGENDARY","TID_INFO_ARENA_LEGENDARY",0,1,"sc/ui_arena.sc","arena_champion","Arena_L1","Arena_L1","FALSE",,,100,8000,,,8000,8000,530,100,40,8,1,1,"sc/ui_arena_icon_darkregal.sc","arena_darkregal_2026_icon",,40,200,60,"PvP_darkregal","TeamVsTeam_darkregal",,360,0,,"TRUE","ChestSpeedUp",24,"TRUE",,,,"sc/flood_water.sc",,,,90,-40,"TRUE",500,500,500,500,,,,,
"Arena_darkregal_PoL","TID_INFO_ARENA_LEGENDARY","TID_INFO_ARENA_LEGENDARY",0,1,"sc/ui_arena.sc","arena_champion","Arena_L1","Arena_L1","FALSE",,,100,8000,,,8000,8000,530,100,40,8,1,1,"sc/ui_arena_icon_darkregal.sc","arena_darkregal_2026_pol_icon",,40,200,60,"PvP_darkregal","TeamVsTeam_darkregal",,360,0,,"TRUE","ChestSpeedUp",24,"TRUE",,,,"sc/flood_water.sc",,,,90,-40,"TRUE",500,500,500,500,,,,,
"Arena_chaosRandomPool","TID_CLASSIC_ARENA_1","TID_INFO_CLASSIC_ARENA_1",1,,,,"Arena_T","Arena1","FALSE",,,0,0,5,0,0,0,100,100,20,4,1,1,"sc/ui_arena.sc","arena_03",,40,100,60,"PvP_barbarian","TeamVsTeam_barbarian",,180,0,,,,,"TRUE","TRUE",,,,,,,75,-40,"TRUE",500,500,500,500,500,1,,,
"Arena_frozenlair","TID_INFO_ARENA_LEGENDARY","TID_INFO_ARENA_LEGENDARY",0,1,"sc/ui_arena.sc","arena_champion","Arena_L1","Arena_L1","FALSE",,,100,8000,,,8000,8000,530,100,40,8,1,1,"sc/ui_arena_icon_frozenlair.sc","arena_frozenlair_icon",,40,200,60,"PvP_frozenlair","TeamVsTeam_frozenlair",,360,0,,"TRUE","ChestSpeedUp",24,"TRUE",,,,"sc/flood_water.sc",,,,90,-40,"TRUE",500,500,500,500,,,,,
"Arena_frozenlair_PoL","TID_INFO_ARENA_LEGENDARY","TID_INFO_ARENA_LEGENDARY",0,1,"sc/ui_arena.sc","arena_champion","Arena_L1","Arena_L1","FALSE",,,100,8000,,,8000,8000,530,100,40,8,1,1,"sc/ui_arena_icon_frozenlair.sc","arena_frozenlair_pol_icon",,40,200,60,"PvP_frozenlair","TeamVsTeam_frozenlair",,360,0,,"TRUE","ChestSpeedUp",24,"TRUE",,,,"sc/flood_water.sc",,,,90,-40,"TRUE",500,500,500,500,,,,,
"Arena_ronintemple","TID_INFO_ARENA_LEGENDARY","TID_INFO_ARENA_LEGENDARY",0,1,"sc/ui_arena.sc","arena_champion","Arena_L1","Arena_L1","FALSE",,,100,8000,,,8000,8000,530,100,40,8,1,1,"sc/ui_arena_icon_ronintemple.sc","arena_ronintemple_icon",,40,200,60,"PvP_ronintemple","TeamVsTeam_ronintemple",,360,0,,"TRUE","ChestSpeedUp",24,"TRUE",,,"NULL","sc/flood_water.sc",,,,90,-40,"TRUE",500,500,500,500,,,,,
"Arena_ronintemple_PoL","TID_INFO_ARENA_LEGENDARY","TID_INFO_ARENA_LEGENDARY",0,1,"sc/ui_arena.sc","arena_champion","Arena_L1","Arena_L1","FALSE",,,100,8000,,,8000,8000,530,100,40,8,1,1,"sc/ui_arena_icon_ronintemple.sc","arena_ronintemple_pol_icon",,40,200,60,"PvP_ronintemple","TeamVsTeam_ronintemple",,360,0,,"TRUE","ChestSpeedUp",24,"TRUE",,,"NULL","sc/flood_water.sc",,,,90,-40,"TRUE",500,500,500,500,,,,,
"Arena_viking","TID_INFO_ARENA_LEGENDARY","TID_INFO_ARENA_LEGENDARY",0,1,"sc/ui_arena.sc","arena_champion","Arena_L1","Arena_L1","FALSE",,,100,8000,,,8000,8000,530,100,40,8,1,1,"sc/ui_arena_icon_viking.sc","arena_viking_icon",,40,200,60,"PvP_viking","TeamVsTeam_viking",,360,0,,"TRUE","ChestSpeedUp",24,"TRUE",,,"NULL","sc/flood_water.sc",,,,90,-40,"TRUE",500,500,500,500,,,,,
"Arena_viking_PoL","TID_INFO_ARENA_LEGENDARY","TID_INFO_ARENA_LEGENDARY",0,1,"sc/ui_arena.sc","arena_champion","Arena_L1","Arena_L1","FALSE",,,100,8000,,,8000,8000,530,100,40,8,1,1,"sc/ui_arena_icon_viking.sc","arena_viking_pol_icon",,40,200,60,"PvP_viking","TeamVsTeam_viking",,360,0,,"TRUE","ChestSpeedUp",24,"TRUE",,,"NULL","sc/flood_water.sc",,,,90,-40,"TRUE",500,500,500,500,,,,,
"Arena_valhalla_ken","TID_INFO_ARENA_LEGENDARY","TID_INFO_ARENA_LEGENDARY",0,1,"sc/ui_arena.sc","arena_champion","Arena_L1","Arena_L1","FALSE",,,100,8000,,,8000,8000,530,100,40,8,1,1,"sc/ui_arena_icon_valhalla_ken.sc","arena_valhalla_ken_icon",,40,200,60,"PvP_valhalla_ken","TeamVsTeam_valhalla_ken",,360,0,,"TRUE","ChestSpeedUp",24,"TRUE",,,"NULL","sc/flood_water.sc",,,,90,-40,"TRUE",500,500,500,500,,,,,
"Arena_minionacademy","TID_INFO_ARENA_LEGENDARY","TID_INFO_ARENA_LEGENDARY",0,1,"sc/ui_arena.sc","arena_champion","Arena_L1","Arena_L1","FALSE",,,100,8000,,,8000,8000,530,100,40,8,1,1,"sc/ui_arena_icon_minionacademy.sc","arena_minionacademy_icon",,40,200,60,"PvP_minionacademy","TeamVsTeam_minionacademy",,360,0,,"TRUE","ChestSpeedUp",24,"TRUE",,,"NULL","sc/flood_water.sc",,,,90,-40,"TRUE",500,500,500,500,,,,,
"Arena_minionacademy_PoL","TID_INFO_ARENA_LEGENDARY","TID_INFO_ARENA_LEGENDARY",0,1,"sc/ui_arena.sc","arena_champion","Arena_L1","Arena_L1","FALSE",,,100,8000,,,8000,8000,530,100,40,8,1,1,"sc/ui_arena_icon_minionacademy.sc","arena_minionacademy_pol_icon",,40,200,60,"PvP_minionacademy","TeamVsTeam_minionacademy",,360,0,,"TRUE","ChestSpeedUp",24,"TRUE",,,"NULL","sc/flood_water.sc",,,,90,-40,"TRUE",500,500,500,500,,,,,
"Arena_shocktober","TID_INFO_ARENA_LEGENDARY","TID_INFO_ARENA_LEGENDARY",0,1,"sc/ui_arena.sc","arena_champion","Arena_L1","Arena_L1","FALSE",,,100,8000,,,8000,8000,530,100,40,8,1,1,"sc/ui_arena_icon_shocktober.sc","arena_shocktober_icon",,40,200,60,"PvP_shocktober","TeamVsTeam_shocktober",,360,0,,"TRUE","ChestSpeedUp",24,"TRUE",,,"NULL","sc/flood_water.sc",,,,90,-40,"TRUE",500,500,500,500,,,,,
"Arena_shocktober_PoL","TID_INFO_ARENA_LEGENDARY","TID_INFO_ARENA_LEGENDARY",0,1,"sc/ui_arena.sc","arena_champion","Arena_L1","Arena_L1","FALSE",,,100,8000,,,8000,8000,530,100,40,8,1,1,"sc/ui_arena_icon_shocktober.sc","arena_shocktober_pol_icon",,40,200,60,"PvP_shocktober","TeamVsTeam_shocktober",,360,0,,"TRUE","ChestSpeedUp",24,"TRUE",,,"NULL","sc/flood_water.sc",,,,90,-40,"TRUE",500,500,500,500,,,,,
