"Name","SectionLength","SectionType","SectionFlags","StartingElixir","ElixirRateLength","ElixirFullBarMS","ElixirRateVisible","ElixirNotifyChange","NextSpellCooldownLength","NextSpellCooldownMS","EventTime","EventType","EventIntParameter1","EventStringParameter1"
"String","IntArray","StringArray","StringArray","Int","IntArray","IntArray","IntArray","BooleanArray","IntArray","IntArray","IntArray","StringArray","IntArray","StringArray"
"Default",180,"Normal",,6,120,28000,10,"true",120,1000,,,,
,120,"Overtime",,,120,14000,20,"true",120,500,,,,
,,,,,60,9300,30,"true",60,350,,,,
"RampUp",180,"Normal",,3,60,28000,10,"true",60,1000,60,"PlaySound",,"soundbanks/ui_battle_general/ui_battle_general_60s_warn"
,120,"Overtime",,,60,14000,20,"true",60,500,120,"PlaySound",,"soundbanks/ui_battle_general/ui_battle_general_60s_warn"
,,,,,60,9300,30,"true",60,350,180,"PlaySound",,"soundbanks/ui_battle_general/ui_battle_general_60s_warn"
,,,,,60,7000,40,"true",60,250,240,"PlaySound",,"soundbanks/ui_battle_general/ui_battle_general_60s_warn"
,,,,,60,5600,50,"true",60,200,,,,
"DoubleElixir",180,"Normal",,0,300,14000,20,"true",300,500,,,,
,120,"Overtime",,,,,,,,,,,,
"TripleElixir",180,"Normal",,0,300,9300,30,"true",300,350,,,,
,120,"Overtime",,,,,,,,,,,,
"TeamVsTeam",180,"Normal",,6,120,40000,10,"true",120,1000,,,,
,120,"Overtime",,,120,20000,20,"true",120,500,,,,
,,,,,60,13300,30,"true",60,350,,,,
"TeamVsTeam_DoubleElixir",180,"Normal",,0,300,20000,20,"true",300,500,,,,
,120,"Overtime",,,,,,,,,,,,
"TeamVsTeam_TripleElixir",180,"Normal",,0,300,13300,30,"true",300,350,,,,
,120,"Overtime",,,,,,,,,,,,
"TeamVsTeam_RampUp",180,"Normal",,3,60,40000,10,"true",60,1000,60,"PlaySound",,"soundbanks/ui_battle_general/ui_battle_general_60s_warn"
,120,"Overtime",,,60,20000,20,"true",60,500,120,"PlaySound",,"soundbanks/ui_battle_general/ui_battle_general_60s_warn"
,,,,,60,13300,30,"true",60,350,180,"PlaySound",,"soundbanks/ui_battle_general/ui_battle_general_60s_warn"
,,,,,60,10000,40,"true",60,250,240,"PlaySound",,"soundbanks/ui_battle_general/ui_battle_general_60s_warn"
,,,,,60,8000,50,"true",60,200,,,,
"SuddenDeath",300,"Overtime",,6,120,14000,20,"true",120,500,,,,
,,,,,180,9300,30,"true",180,350,,,,
"RageMode",180,"Normal",,6,120,20750,13,"true",120,1000,,,,
,120,"Overtime",,,120,10550,27,"true",120,500,,,,
,,,,,60,7000,40,"true",60,350,,,,
"Tutorial",0,"Normal",,6,0,28000,10,"true",0,2000,,,,
"Spawning",180,"Normal",,3,60,28000,10,"true",60,1000,,,,
,120,"Overtime",,,120,14000,20,"true",120,500,,,,
,,,,,120,9300,30,"true",120,350,,,,
"TeamVsTeam_Spawning",180,"Normal",,3,60,40000,10,"true",60,1000,,,,
,120,"Overtime",,,120,20000,20,"true",120,500,,,,
,,,,,120,13300,30,"true",120,350,,,,
"Pve",0,"Normal",,6,0,14000,20,"true",0,1000,,,,
"7xElixir",180,"Normal",,0,300,4000,70,"true",300,50,,,,
,120,"Overtime",,,,,,,,,,,,
"ClanWar_BoatBattle",120,"Normal",,6,0,21000,15,"true",0,1000,,,,
,60,"BonusTime","No60sWarning",,0,10550,27,"true",,,,,,
,,,,,0,9300,30,"true",,,,,,
"DoubleToTripleElixir",180,"Normal",,3,180,14000,20,"true",300,500,,,,
,120,"Overtime",,0,120,9300,30,"true",300,350,,,,
"ElixirBarrel",180,"Normal",,3,120,150000,10,"true",120,1000,,,,
,120,"Overtime",,,120,150000,20,"true",120,500,,,,
,,,,,60,150000,30,"true",60,350,,,,
"Default_short",120,"Normal",,6,30,28000,10,"true",30,800,30,"PlaySound",,"soundbanks/ui_battle_general/ui_battle_general_2x_elixir_jingle"
,60,"Overtime",,,120,14000,20,"true",120,500,150,"PlaySound",,"soundbanks/ui_battle_general/ui_battle_general_3x_elixir_jingle"
,,,,,30,9300,30,"true",30,350,,,,
"TeamVsTeam_Default_short",120,"Normal",,6,30,40000,10,"true",30,800,30,"PlaySound",,"soundbanks/ui_battle_general/ui_battle_general_2x_elixir_jingle"
,60,"Overtime",,,120,20000,20,"true",120,500,150,"PlaySound",,"soundbanks/ui_battle_general/ui_battle_general_3x_elixir_jingle"
,,,,,30,13300,30,"true",30,350,,,,
"Default_UltimateClash",180,"Normal",,6,120,28000,10,"true",120,1000,120,"PlaySound",,"soundbanks/ui_battle_general/ui_battle_general_2x_elixir_jingle"
,120,"Overtime",,,120,14000,20,"true",120,500,240,"PlaySound",,"soundbanks/ui_battle_general/ui_battle_general_3x_elixir_jingle"
,,,,,60,9300,30,"true",60,350,,,,
"TeamVsTeam_UltimateClash",180,"Normal",,6,120,40000,10,"true",120,1000,120,"PlaySound",,"soundbanks/ui_battle_general/ui_battle_general_2x_elixir_jingle"
,120,"Overtime",,,120,20000,20,"true",120,500,240,"PlaySound",,"soundbanks/ui_battle_general/ui_battle_general_3x_elixir_jingle"
,,,,,60,13300,30,"true",60,350,,,,
"Crazy_Arena",180,"Normal",,6,120,18666,10,"true",120,1000,,,,
,120,"Overtime",,,120,9333,20,"true",120,500,,,,
,,,,,60,6200,30,"true",60,350,,,,
"AllRandom",180,"Overtime",,4,60,28000,10,"true",120,1000,1,"ActionSummoners",,"ActivateEvolutionsInDeck"
,,,,,90,14000,20,"true",120,500,,,,
,,,,,30,9300,30,"true",60,350,,,,
"Crazy_Arena_InfiniteElixir",180,"Normal",,0,300,4000,70,"true",300,50,,,,
,120,"Overtime",,,120,50,100,"true",120,50,,,,
,,,,,60,50,100,"true",60,50,,,,
"Crazy_Arena_SuddenDeath",300,"Overtime",,6,120,14000,20,"true",120,500,,,,
"Default_DeckPreview",180,"Normal",,4,120,28000,10,"true",120,1000,,,,
,120,"Overtime",,,120,14000,20,"true",120,500,,,,
,,,,,60,9300,30,"true",60,350,,,,
"RageMode_DeckPreview",180,"Normal",,4,120,20750,13,"true",120,1000,,,,
,120,"Overtime",,,120,10550,27,"true",120,500,,,,
,,,,,60,7000,40,"true",60,350,,,,
"SuddenDeath_DeckPreview",300,"Overtime",,4,120,14000,20,"true",120,500,,,,
,,,,,180,9300,30,"true",180,350,,,,
