"CardName","BadgeName","TaskNumber","IsTaskActive","TaskType","TaskOverrideTID","TaskUnlockLevel","Objective1","RewardType1","RewardAmount1","Objective2","RewardType2","RewardAmount2","Objective3","RewardType3","RewardAmount3","SingleRequirementAmount"
"string","string","int","boolean","string","string","int","int","string","int","int","string","int","int","string","int","int"
"MegaKnight",,0,"TRUE","WinMatches",,1,3,"Gold",1000,,,,,,,
,,1,"TRUE","DealDamage",,7,120000,"Gold",4000,330000,"Gold",4000,540000,"Gold",4000,
,,2,"TRUE","HitUnitsWithSpawn",,10,125,"Gold",6000,325,"Gold",6000,550,"Gold",6000,
,,3,"TRUE","KnockbackUnitsSingleDeploy","TID_MASTERY_TASK_KNOCKBACKUNITSSINGLEDEPLOY_MEGAKNIGHT",14,45,"Gold",15000,100,"Gold",15000,180,"Gold",15000,6
"ElectroWizard",,0,"TRUE","WinMatches",,1,3,"Gold",1000,,,,,,,
,,1,"TRUE","DealDamage",,7,65000,"Gold",4000,180000,"Gold",4000,300000,"Gold",4000,
,,2,"TRUE","HitUnitsWithSpawn",,10,125,"Gold",6000,350,"Gold",6000,600,"Gold",6000,
,,3,"TRUE","DebuffUnitsSingleDeploy",,14,60,"Gold",15000,120,"Gold",15000,200,"Gold",15000,12
"BattleHealer",,0,"TRUE","WinMatches",,1,3,"Gold",1000,,,,,,,
,,1,"TRUE","DealDamage",,7,28000,"Gold",4000,78000,"Gold",4000,130000,"Gold",4000,
,,2,"TRUE","HealAmount",,10,49000,"Gold",6000,130000,"Gold",6000,220000,"Gold",6000,
,,3,"TRUE","BuffedUnitsDealDamage","TID_MASTERY_TASK_HEALEDUNITSDEALDAMAGE",14,390000,"Gold",15000,930000,"Gold",15000,1350000,"Gold",15000,
"Pekka",,0,"TRUE","WinMatches",,1,3,"Gold",1000,,,,,,,
,,1,"TRUE","DealDamage",,7,99000,"Gold",4000,290000,"Gold",4000,490000,"Gold",4000,
,,2,"TRUE","KillUnits",,10,175,"Gold",6000,450,"Gold",6000,800,"Gold",6000,
,,3,"TRUE","HitsFullDamage",,14,450,"Gold",15000,900,"Gold",15000,1600,"Gold",15000,
"RoyalRecruits",,0,"TRUE","WinMatches",,1,3,"Gold",1000,,,,,,,
,,1,"TRUE","DealDamage",,7,70000,"Gold",4000,190000,"Gold",4000,330000,"Gold",4000,
,,2,"TRUE","HitTowers",,10,275,"Gold",6000,750,"Gold",6000,1300,"Gold",6000,
,,3,"FALSE",,,14,,,,,,,,,,
"DartBarrell",,0,"TRUE","WinMatches",,1,3,"Gold",1000,,,,,,,
,,1,"TRUE","DealDamage",,7,70000,"Gold",4000,200000,"Gold",4000,330000,"Gold",4000,
,,2,"TRUE","HitTowers",,10,175,"Gold",6000,425,"Gold",6000,750,"Gold",6000,
,,3,"TRUE","AttackSingleDeploy",,14,60,"Gold",15000,120,"Gold",15000,225,"Gold",15000,8
"Zap",,0,"TRUE","WinMatches",,1,3,"Gold",1000,,,,,,,
,,1,"TRUE","DealDamage",,7,15000,"Gold",4000,42000,"Gold",4000,67000,"Gold",4000,
,,2,"TRUE","HitUnits",,10,300,"Gold",6000,800,"Gold",6000,1300,"Gold",6000,
,,3,"FALSE",,,14,,,,,,,,,,
"Fisherman",,0,"TRUE","WinMatches",,1,3,"Gold",1000,,,,,,,
,,1,"TRUE","DealDamage",,7,40000,"Gold",4000,110000,"Gold",4000,220000,"Gold",4000,
,,2,"TRUE","HitUnits","TID_MASTERY_TASK_HOOKUNITS",10,150,"Gold",6000,375,"Gold",6000,650,"Gold",6000,
,,3,"FALSE",,,14,,,,,,,,,,
"GoblinDrill",,0,"TRUE","WinMatches",,1,3,"Gold",1000,,,,,,,
,,1,"TRUE","SpawnUnits",,7,225,"Gold",4000,650,"Gold",4000,1100,"Gold",4000,
,,2,"TRUE","DealDamage","TID_MASTERY_TASK_DEALDAMAGE_GOBLIN_DRILL",10,66000,"Gold",6000,170000,"Gold",6000,310000,"Gold",6000,
,,3,"FALSE",,,14,,,,,,,,,,
"RoyalDelivery",,0,"TRUE","WinMatches",,1,3,"Gold",1000,,,,,,,
,,1,"TRUE","DealDamage",,7,40000,"Gold",4000,110000,"Gold",4000,180000,"Gold",4000,
,,2,"TRUE","HitUnitsWithSpawn",,10,200,"Gold",6000,475,"Gold",6000,850,"Gold",6000,
,,3,"FALSE",,,14,,,,,,,,,,
"Wizard",,0,"TRUE","WinMatches",,1,3,"Gold",1000,,,,,,,
,,1,"TRUE","DealDamage",,7,88000,"Gold",4000,240000,"Gold",4000,400000,"Gold",4000,
,,2,"TRUE","KillUnits",,10,325,"Gold",6000,800,"Gold",6000,1400,"Gold",6000,
,,3,"TRUE","KillUnitsSingleDeploy",,14,45,"Gold",15000,90,"Gold",15000,150,"Gold",15000,10
"MovingCannon",,0,"TRUE","WinMatches",,1,3,"Gold",1000,,,,,,,
,,1,"TRUE","DealDamage",,7,97000,"Gold",4000,280000,"Gold",4000,510000,"Gold",4000,
,,2,"TRUE","ReceiveHitsTower",,10,375,"Gold",6000,950,"Gold",6000,1800,"Gold",6000,
,,3,"FALSE",,,14,,,,,,,,,,
"SkeletonArmy",,0,"TRUE","WinMatches",,1,3,"Gold",1000,,,,,,,
,,1,"TRUE","DealDamage",,7,59000,"Gold",4000,160000,"Gold",4000,260000,"Gold",4000,
,,2,"TRUE","HitUnits",,10,1100,"Gold",6000,2900,"Gold",6000,4800,"Gold",6000,
,,3,"FALSE",,,14,,,,,,,,,,
"Miner",,0,"TRUE","WinMatches",,1,3,"Gold",1000,,,,,,,
,,1,"TRUE","DealDamage",,7,23000,"Gold",4000,64000,"Gold",4000,110000,"Gold",4000,
,,2,"TRUE","ReceiveHitsTower",,10,700,"Gold",6000,1800,"Gold",6000,3100,"Gold",6000,
,,3,"FALSE",,,14,,,,,,,,,,
"HogRider",,0,"TRUE","WinMatches",,1,3,"Gold",1000,,,,,,,
,,1,"TRUE","DealDamage",,7,37000,"Gold",4000,100000,"Gold",4000,170000,"Gold",4000,
,,2,"TRUE","HitTowers",,10,225,"Gold",6000,600,"Gold",6000,1000,"Gold",6000,
,,3,"TRUE","DealTowerHitsSingleBattle",,14,60,"Gold",15000,120,"Gold",15000,180,"Gold",15000,10
"ThreeMusketeers",,0,"TRUE","WinMatches",,1,3,"Gold",1000,,,,,,,
,,1,"TRUE","DealDamage",,7,120000,"Gold",4000,340000,"Gold",4000,580000,"Gold",4000,
,,2,"TRUE","HitTowers",,10,300,"Gold",6000,750,"Gold",6000,1300,"Gold",6000,
,,3,"FALSE",,,14,,,,,,,,,,
"Arrows",,0,"TRUE","WinMatches",,1,3,"Gold",1000,,,,,,,
,,1,"TRUE","DealDamage",,7,30000,"Gold",4000,84000,"Gold",4000,130000,"Gold",4000,
,,2,"TRUE","KillUnits",,10,200,"Gold",6000,500,"Gold",6000,900,"Gold",6000,
,,3,"TRUE","HitUnitsSingleDeploy",,14,45,"Gold",15000,90,"Gold",15000,160,"Gold",15000,12
"Musketeer",,0,"TRUE","WinMatches",,1,3,"Gold",1000,,,,,,,
,,1,"TRUE","DealDamage",,7,76000,"Gold",4000,210000,"Gold",4000,350000,"Gold",4000,
,,2,"TRUE","KillUnits",,10,200,"Gold",6000,550,"Gold",6000,900,"Gold",6000,
,,3,"TRUE","HitUnitsSingleDeploy",,14,70,"Gold",15000,160,"Gold",15000,300,"Gold",15000,9
"Fireball",,0,"TRUE","WinMatches",,1,3,"Gold",1000,,,,,,,
,,1,"TRUE","DealDamage",,7,35000,"Gold",4000,98000,"Gold",4000,160000,"Gold",4000,
,,2,"TRUE","HitUnits",,10,175,"Gold",6000,425,"Gold",6000,700,"Gold",6000,
,,3,"FALSE",,,14,,,,,,,,,,
"Witch",,0,"TRUE","WinMatches",,1,3,"Gold",1000,,,,,,,
,,1,"TRUE","DealDamage",,7,99000,"Gold",4000,280000,"Gold",4000,460000,"Gold",4000,
,,2,"TRUE","SpawnUnits",,10,1300,"Gold",6000,3200,"Gold",6000,5600,"Gold",6000,
,,3,"FALSE",,,14,,,,,,,,,,
"GoblinBarrel",,0,"TRUE","WinMatches",,1,3,"Gold",1000,,,,,,,
,,1,"TRUE","DealDamage",,7,38000,"Gold",4000,110000,"Gold",4000,170000,"Gold",4000,
,,2,"TRUE","HitTowers",,10,600,"Gold",6000,1400,"Gold",6000,2300,"Gold",6000,
,,3,"FALSE",,,14,,,,,,,,,,
"Valkyrie",,0,"TRUE","WinMatches",,1,3,"Gold",1000,,,,,,,
,,1,"TRUE","DealDamage",,7,65000,"Gold",4000,190000,"Gold",4000,310000,"Gold",4000,
,,2,"TRUE","KillUnits",,10,175,"Gold",6000,500,"Gold",6000,850,"Gold",6000,
,,3,"TRUE","HitUnitsSingleDeploy",,14,45,"Gold",15000,90,"Gold",15000,150,"Gold",15000,15
"Bats",,0,"TRUE","WinMatches",,1,3,"Gold",1000,,,,,,,
,,1,"TRUE","DealDamage",,7,43000,"Gold",4000,120000,"Gold",4000,200000,"Gold",4000,
,,2,"TRUE","HitGroundUnits",,10,650,"Gold",6000,1700,"Gold",6000,3000,"Gold",6000,
,,3,"FALSE",,,14,,,,,,,,,,
"ElectroSpirit",,0,"TRUE","WinMatches",,1,3,"Gold",1000,,,,,,,
,,1,"TRUE","DealDamage",,7,15000,"Gold",4000,41000,"Gold",4000,67000,"Gold",4000,
,,2,"TRUE","HitUnits",,10,400,"Gold",6000,950,"Gold",6000,1600,"Gold",6000,
,,3,"TRUE","DebuffUnitsSingleDeploy","TID_MASTERY_TASK_DEBUFFUNITSSINGLEDEPLOY_ELECTROSPIRIT",14,40,"Gold",15000,100,"Gold",15000,180,"Gold",15000,6
"ElectroDragon",,0,"TRUE","WinMatches",,1,3,"Gold",1000,,,,,,,
,,1,"TRUE","DealDamage",,7,66000,"Gold",4000,190000,"Gold",4000,310000,"Gold",4000,
,,2,"TRUE","HitUnits",,10,600,"Gold",6000,1600,"Gold",6000,2800,"Gold",6000,
,,3,"FALSE",,,14,,,,,,,,,,
"MiniPekka",,0,"TRUE","WinMatches",,1,3,"Gold",1000,,,,,,,
,,1,"TRUE","DealDamage",,7,71000,"Gold",4000,200000,"Gold",4000,320000,"Gold",4000,
,,2,"TRUE","KillUnits",,10,150,"Gold",6000,400,"Gold",6000,650,"Gold",6000,
,,3,"TRUE","HitsFullDamage",,14,550,"Gold",15000,1000,"Gold",15000,1600,"Gold",15000,
"BabyDragon",,0,"TRUE","WinMatches",,1,3,"Gold",1000,,,,,,,
,,1,"TRUE","DealDamage",,7,73000,"Gold",4000,200000,"Gold",4000,320000,"Gold",4000,
,,2,"TRUE","KillUnits",,10,200,"Gold",6000,500,"Gold",6000,900,"Gold",6000,
,,3,"TRUE","HitUnitsSingleDeploy",,14,70,"Gold",15000,140,"Gold",15000,250,"Gold",15000,12
"RoyalGiant",,0,"TRUE","WinMatches",,1,3,"Gold",1000,,,,,,,
,,1,"TRUE","DealDamage",,7,43000,"Gold",4000,120000,"Gold",4000,210000,"Gold",4000,
,,2,"TRUE","HitTowers",,10,300,"Gold",6000,700,"Gold",6000,1200,"Gold",6000,
,,3,"TRUE","DealTowerHitsSingleBattle",,14,60,"Gold",15000,120,"Gold",15000,200,"Gold",15000,8
"Mortar",,0,"TRUE","WinMatches",,1,3,"Gold",1000,,,,,,,
,,1,"TRUE","DealDamage",,7,23000,"Gold",4000,65000,"Gold",4000,110000,"Gold",4000,
,,2,"TRUE","HitTowers",,10,150,"Gold",6000,350,"Gold",6000,650,"Gold",6000,
,,3,"TRUE","DealTowerHitsSingleBattle",,14,60,"Gold",15000,120,"Gold",15000,225,"Gold",15000,6
"Earthquake",,0,"TRUE","WinMatches",,1,3,"Gold",1000,,,,,,,
,,1,"TRUE","DealDamage",,7,18000,"Gold",4000,48000,"Gold",4000,81000,"Gold",4000,
,,2,"TRUE","HitBuildings",,10,400,"Gold",6000,950,"Gold",6000,1600,"Gold",6000,
,,3,"TRUE","DealBuildingHitsSingleBattle",,14,40,"Gold",15000,80,"Gold",15000,130,"Gold",15000,18
"Goblins",,0,"TRUE","WinMatches",,1,3,"Gold",1000,,,,,,,
,,1,"TRUE","DealDamage",,7,18000,"Gold",4000,49000,"Gold",4000,82000,"Gold",4000,
,,2,"TRUE","HitUnits",,10,450,"Gold",6000,1200,"Gold",6000,2000,"Gold",6000,
,,3,"FALSE",,,14,,,,,,,,,,
"Rascals",,0,"TRUE","WinMatches",,1,3,"Gold",1000,,,,,,,
,,1,"TRUE","DealDamage",,7,67000,"Gold",4000,180000,"Gold",4000,320000,"Gold",4000,
,,2,"TRUE","HitUnits",,10,1100,"Gold",6000,2700,"Gold",6000,4800,"Gold",6000,
,,3,"FALSE",,,14,,,,,,,,,,
"MiniSparkys",,0,"TRUE","WinMatches",,1,3,"Gold",1000,,,,,,,
,,1,"TRUE","DealDamage",,7,55000,"Gold",4000,150000,"Gold",4000,270000,"Gold",4000,
,,2,"TRUE","DebuffUnits","TID_MASTERY_TASK_SHOCKUNITS",10,600,"Gold",6000,1500,"Gold",6000,2700,"Gold",6000,
,,3,"FALSE",,,14,,,,,,,,,,
"LavaHound",,0,"TRUE","WinMatches",,1,3,"Gold",1000,,,,,,,
,,1,"TRUE","DealDamage",,7,44000,"Gold",4000,150000,"Gold",4000,250000,"Gold",4000,
,,2,"TRUE","ReceiveHitsTower",,10,1500,"Gold",6000,3700,"Gold",6000,6700,"Gold",6000,
,,3,"FALSE",,,14,,,,,,,,,,
"Balloon",,0,"TRUE","WinMatches",,1,3,"Gold",1000,,,,,,,
,,1,"TRUE","DealDamage",,7,65000,"Gold",4000,180000,"Gold",4000,320000,"Gold",4000,
,,2,"TRUE","HitTowers",,10,175,"Gold",6000,425,"Gold",6000,750,"Gold",6000,
,,3,"TRUE","DealTowerHitsSingleBattle",,14,60,"Gold",15000,130,"Gold",15000,200,"Gold",15000,6
"Log",,0,"TRUE","WinMatches",,1,3,"Gold",1000,,,,,,,
,,1,"TRUE","DealDamage",,7,36000,"Gold",4000,98000,"Gold",4000,160000,"Gold",4000,
,,2,"TRUE","KillUnits",,10,300,"Gold",6000,750,"Gold",6000,1200,"Gold",6000,
,,3,"TRUE","KnockbackUnitsSingleDeploy","TID_MASTERY_TASK_KNOCKBACKUNITSSINGLEDEPLOY_LOG",14,45,"Gold",15000,90,"Gold",15000,150,"Gold",15000,10
"GoblinGiant",,0,"TRUE","WinMatches",,1,3,"Gold",1000,,,,,,,
,,1,"TRUE","DealDamage",,7,47000,"Gold",4000,130000,"Gold",4000,230000,"Gold",4000,
,,2,"TRUE","HitBuildings",,10,400,"Gold",6000,1000,"Gold",6000,1800,"Gold",6000,
,,3,"FALSE",,,14,,,,,,,,,,
"Princess",,0,"TRUE","WinMatches",,1,3,"Gold",1000,,,,,,,
,,1,"TRUE","DealDamage",,7,63000,"Gold",4000,170000,"Gold",4000,290000,"Gold",4000,
,,2,"TRUE","HitTowers",,10,175,"Gold",6000,425,"Gold",6000,750,"Gold",6000,
,,3,"TRUE","AttackSingleDeploy",,14,60,"Gold",15000,130,"Gold",15000,225,"Gold",15000,7
"SkeletonDragons",,0,"TRUE","WinMatches",,1,3,"Gold",1000,,,,,,,
,,1,"TRUE","DealDamage",,7,62000,"Gold",4000,170000,"Gold",4000,300000,"Gold",4000,
,,2,"TRUE","KillUnits",,10,150,"Gold",6000,450,"Gold",6000,800,"Gold",6000,
,,3,"FALSE",,,14,,,,,,,,,,
"FireSpirits",,0,"TRUE","WinMatches",,1,3,"Gold",1000,,,,,,,
,,1,"TRUE","DealDamage",,7,15000,"Gold",4000,42000,"Gold",4000,70000,"Gold",4000,
,,2,"TRUE","HitUnits",,10,300,"Gold",6000,700,"Gold",6000,1200,"Gold",6000,
,,3,"TRUE","HitUnitsSingleDeploy",,14,100,"Gold",15000,200,"Gold",15000,400,"Gold",15000,5
"Heal",,0,"TRUE","WinMatches",,1,3,"Gold",1000,,,,,,,
,,1,"TRUE","DealDamage",,7,4100,"Gold",4000,11000,"Gold",4000,19000,"Gold",4000,
,,2,"TRUE","HealUnits",,10,250,"Gold",6000,650,"Gold",6000,1200,"Gold",6000,
,,3,"FALSE",,,14,,,,,,,,,,
"IceSpirits",,0,"TRUE","WinMatches",,1,3,"Gold",1000,,,,,,,
,,1,"TRUE","DealDamage",,7,8500,"Gold",4000,23000,"Gold",4000,38000,"Gold",4000,
,,2,"TRUE","DebuffUnits","TID_MASTERY_TASK_FREEZEUNITS",10,175,"Gold",6000,425,"Gold",6000,750,"Gold",6000,
,,3,"FALSE",,,14,,,,,,,,,,
"Skeletons",,0,"TRUE","WinMatches",,1,3,"Gold",1000,,,,,,,
,,1,"TRUE","DealDamage",,7,9800,"Gold",4000,28000,"Gold",4000,45000,"Gold",4000,
,,2,"TRUE","HitUnits",,10,300,"Gold",6000,800,"Gold",6000,1300,"Gold",6000,
,,3,"FALSE",,,14,,,,,,,,,,
"Mirror",,0,"TRUE","WinMatches",,1,3,"Gold",1000,,,,,,,
,,1,"TRUE","DealDamage",,7,41000,"Gold",4000,120000,"Gold",4000,190000,"Gold",4000,
,,2,"TRUE","SpendElixir",,10,450,"Gold",6000,1100,"Gold",6000,1900,"Gold",6000,
,,3,"FALSE",,,14,,,,,,,,,,
"Bomber",,0,"TRUE","WinMatches",,1,3,"Gold",1000,,,,,,,
,,1,"TRUE","DealDamage",,7,35000,"Gold",4000,96000,"Gold",4000,160000,"Gold",4000,
,,2,"TRUE","KillUnits",,10,125,"Gold",6000,325,"Gold",6000,600,"Gold",6000,
,,3,"FALSE",,,14,,,,,,,,,,
"IceGolemite",,0,"TRUE","WinMatches",,1,3,"Gold",1000,,,,,,,
,,1,"TRUE","DealDamage",,7,11000,"Gold",4000,30000,"Gold",4000,52000,"Gold",4000,
,,2,"TRUE","HitUnits","TID_MASTERY_TASK_HITUNITSDEATHDAMAGE",10,200,"Gold",6000,500,"Gold",6000,1000,"Gold",6000,
,,3,"FALSE",,,14,,,,,,,,,,
"SpearGoblins",,0,"TRUE","WinMatches",,1,3,"Gold",1000,,,,,,,
,,1,"TRUE","DealDamage",,7,30000,"Gold",4000,80000,"Gold",4000,130000,"Gold",4000,
,,2,"TRUE","HitUnits",,10,600,"Gold",6000,1500,"Gold",6000,2600,"Gold",6000,
,,3,"FALSE",,,14,,,,,,,,,,
"Wallbreakers",,0,"TRUE","WinMatches",,1,3,"Gold",1000,,,,,,,
,,1,"TRUE","DealDamage",,7,24000,"Gold",4000,68000,"Gold",4000,120000,"Gold",4000,
,,2,"TRUE","HitTowers",,10,100,"Gold",6000,250,"Gold",6000,450,"Gold",6000,
,,3,"TRUE","HitUnitsSingleDeploy","TID_MASTERY_TASK_HITUNITSSINGLEDEPLOY_WALLBREAKERS",14,60,"Gold",15000,140,"Gold",15000,250,"Gold",15000,1
"BarbLog",,0,"TRUE","WinMatches",,1,3,"Gold",1000,,,,,,,
,,1,"TRUE","DealDamage",,7,34000,"Gold",4000,97000,"Gold",4000,160000,"Gold",4000,
,,2,"TRUE","KillUnits",,10,125,"Gold",6000,375,"Gold",6000,650,"Gold",6000,
,,3,"FALSE",,,14,,,,,,,,,,
"Snowball",,0,"TRUE","WinMatches",,1,3,"Gold",1000,,,,,,,
,,1,"TRUE","DealDamage",,7,16000,"Gold",4000,44000,"Gold",4000,73000,"Gold",4000,
,,2,"TRUE","HitUnits",,10,225,"Gold",6000,550,"Gold",6000,950,"Gold",6000,
,,3,"FALSE",,,14,,,,,,,,,,
"Rage",,0,"TRUE","WinMatches",,1,3,"Gold",1000,,,,,,,
,,1,"TRUE","EnrageUnits",,7,200,"Gold",4000,550,"Gold",4000,950,"Gold",4000,
,,2,"TRUE","BuffedUnitsDealDamage","TID_MASTERY_TASK_ENRAGEDUNITSDEALDAMAGE",10,150000,"Gold",6000,370000,"Gold",6000,640000,"Gold",6000,
,,3,"FALSE",,,14,,,,,,,,,,
"Archer",,0,"TRUE","WinMatches",,1,3,"Gold",1000,,,,,,,
,,1,"TRUE","DealDamage",,7,50000,"Gold",4000,140000,"Gold",4000,230000,"Gold",4000,
,,2,"TRUE","HitUnits",,10,800,"Gold",6000,2000,"Gold",6000,3500,"Gold",6000,
,,3,"FALSE",,,14,,,,,,,,,,
"Assassin",,0,"TRUE","WinMatches",,1,3,"Gold",1000,,,,,,,
,,1,"TRUE","DealDamage",,7,60000,"Gold",4000,170000,"Gold",4000,280000,"Gold",4000,
,,2,"TRUE","HitAnythingWithCharge",,10,125,"Gold",6000,300,"Gold",6000,500,"Gold",6000,
,,3,"FALSE",,,14,,,,,,,,,,
"BlowdartGoblin",,0,"TRUE","WinMatches",,1,3,"Gold",1000,,,,,,,
,,1,"TRUE","DealDamage",,7,62000,"Gold",4000,170000,"Gold",4000,280000,"Gold",4000,
,,2,"TRUE","HitUnits",,10,650,"Gold",6000,1600,"Gold",6000,2700,"Gold",6000,
,,3,"TRUE","AttackSingleDeploy",,14,70,"Gold",15000,150,"Gold",15000,275,"Gold",15000,10
"ElixirGolem",,0,"TRUE","WinMatches",,1,3,"Gold",1000,,,,,,,
,,1,"TRUE","DealDamage",,7,44000,"Gold",4000,120000,"Gold",4000,210000,"Gold",4000,
,,2,"TRUE","HitTowers",,10,850,"Gold",6000,2200,"Gold",6000,4000,"Gold",6000,
,,3,"FALSE",,,14,,,,,,,,,,
"Firecracker",,0,"TRUE","WinMatches",,1,3,"Gold",1000,,,,,,,
,,1,"TRUE","DealDamage",,7,83000,"Gold",4000,230000,"Gold",4000,380000,"Gold",4000,
,,2,"TRUE","HitUnitsAndBuildings",,10,2600,"Gold",6000,6600,"Gold",6000,12000,"Gold",6000,
,,3,"TRUE","AttackSingleDeploy",,14,60,"Gold",15000,110,"Gold",15000,190,"Gold",15000,8
"GoblinGang",,0,"TRUE","WinMatches",,1,3,"Gold",1000,,,,,,,
,,1,"TRUE","DealDamage",,7,39000,"Gold",4000,110000,"Gold",4000,180000,"Gold",4000,
,,2,"TRUE","HitUnits",,10,750,"Gold",6000,1900,"Gold",6000,3300,"Gold",6000,
,,3,"FALSE",,,14,,,,,,,,,,
"SkeletonWarriors",,0,"TRUE","WinMatches",,1,3,"Gold",1000,,,,,,,
,,1,"TRUE","DealDamage",,7,43000,"Gold",4000,120000,"Gold",4000,200000,"Gold",4000,
,,2,"TRUE","ReceiveDamageIncludingOverkill",,10,200000,"Gold",6000,500000,"Gold",6000,880000,"Gold",6000,
,,3,"FALSE",,,14,,,,,,,,,,
"IceWizard",,0,"TRUE","WinMatches",,1,3,"Gold",1000,,,,,,,
,,1,"TRUE","DealDamage",,7,39000,"Gold",4000,110000,"Gold",4000,180000,"Gold",4000,
,,2,"TRUE","DebuffUnits","TID_MASTERY_TASK_FREEZEUNITS",10,350,"Gold",6000,900,"Gold",6000,1500,"Gold",6000,
,,3,"FALSE",,,14,,,,,,,,,,
"Knight",,0,"TRUE","WinMatches",,1,3,"Gold",1000,,,,,,,
,,1,"TRUE","DealDamage",,7,37000,"Gold",4000,110000,"Gold",4000,170000,"Gold",4000,
,,2,"TRUE","ReceiveHits",,10,1400,"Gold",6000,3500,"Gold",6000,5900,"Gold",6000,
,,3,"FALSE",,,14,,,,,,,,,,
"MegaMinion",,0,"TRUE","WinMatches",,1,3,"Gold",1000,,,,,,,
,,1,"TRUE","DealDamage",,7,51000,"Gold",4000,150000,"Gold",4000,260000,"Gold",4000,
,,2,"TRUE","KillUnits",,10,150,"Gold",6000,375,"Gold",6000,650,"Gold",6000,
,,3,"FALSE",,,14,,,,,,,,,,
"Minions",,0,"TRUE","WinMatches",,1,3,"Gold",1000,,,,,,,
,,1,"TRUE","DealDamage",,7,46000,"Gold",4000,120000,"Gold",4000,210000,"Gold",4000,
,,2,"TRUE","HitUnits",,10,600,"Gold",6000,1600,"Gold",6000,2900,"Gold",6000,
,,3,"FALSE",,,14,,,,,,,,,,
"Ghost",,0,"TRUE","WinMatches",,1,3,"Gold",1000,,,,,,,
,,1,"TRUE","DealDamage",,7,55000,"Gold",4000,150000,"Gold",4000,260000,"Gold",4000,
,,2,"TRUE","SneakAttack",,10,150,"Gold",6000,425,"Gold",6000,750,"Gold",6000,
,,3,"FALSE",,,14,,,,,,,,,,
"SkeletonBalloon",,0,"TRUE","WinMatches",,1,3,"Gold",1000,,,,,,,
,,1,"TRUE","DealDamage",,7,32000,"Gold",4000,89000,"Gold",4000,150000,"Gold",4000,
,,2,"TRUE","HitTowers",,10,550,"Gold",6000,1400,"Gold",6000,2400,"Gold",6000,
,,3,"FALSE",,,14,,,,,,,,,,
"Cannon",,0,"TRUE","WinMatches",,1,3,"Gold",1000,,,,,,,
,,1,"TRUE","DealDamage",,7,30000,"Gold",4000,83000,"Gold",4000,140000,"Gold",4000,
,,2,"TRUE","KillUnits",,10,90,"Gold",6000,225,"Gold",6000,400,"Gold",6000,
,,3,"FALSE",,,14,,,,,,,,,,
"Tombstone",,0,"TRUE","WinMatches",,1,3,"Gold",1000,,,,,,,
,,1,"TRUE","SpawnUnits",,7,650,"Gold",4000,1800,"Gold",4000,3000,"Gold",4000,
,,2,"TRUE","DealDamage","TID_MASTERY_TASK_DEALDAMAGE_GRAVEYARD_TOMBSTONE",10,42000,"Gold",6000,110000,"Gold",6000,200000,"Gold",6000,
,,3,"FALSE",,,14,,,,,,,,,,
"Clone",,0,"TRUE","WinMatches",,1,3,"Gold",1000,,,,,,,
,,1,"TRUE","CloneUnits",,7,150,"Gold",4000,425,"Gold",4000,700,"Gold",4000,
,,2,"TRUE","DealDamage",,10,61000,"Gold",6000,150000,"Gold",6000,260000,"Gold",6000,
,,3,"FALSE",,,14,,,,,,,,,,
"Tornado",,0,"TRUE","WinMatches",,1,3,"Gold",1000,,,,,,,
,,1,"TRUE","DealDamage",,7,23000,"Gold",4000,63000,"Gold",4000,110000,"Gold",4000,
,,2,"TRUE","HitUnits",,10,500,"Gold",6000,1100,"Gold",6000,2000,"Gold",6000,
,,3,"FALSE",,,14,,,,,,,,,,
"BattleRam",,0,"TRUE","WinMatches",,1,3,"Gold",1000,,,,,,,
,,1,"TRUE","DealDamage",,7,37000,"Gold",4000,100000,"Gold",4000,180000,"Gold",4000,
,,2,"TRUE","HitTowers",,10,200,"Gold",6000,500,"Gold",6000,900,"Gold",6000,
,,3,"TRUE","HitAnythingWithCharge","TID_MASTERY_TASK_HITBUILDINGSWITHCHARGE",14,325,"Gold",15000,600,"Gold",15000,950,"Gold",15000,
"DarkPrince",,0,"TRUE","WinMatches",,1,3,"Gold",1000,,,,,,,
,,1,"TRUE","DealDamage",,7,69000,"Gold",4000,190000,"Gold",4000,320000,"Gold",4000,
,,2,"TRUE","HitAnythingWithCharge",,10,125,"Gold",6000,300,"Gold",6000,500,"Gold",6000,
,,3,"FALSE",,,14,,,,,,,,,,
"GoblinCage",,0,"TRUE","WinMatches",,1,3,"Gold",1000,,,,,,,
,,1,"TRUE","ReceiveHits",,7,650,"Gold",4000,1700,"Gold",4000,2900,"Gold",4000,
,,2,"TRUE","DealDamage",,10,62000,"Gold",6000,170000,"Gold",6000,330000,"Gold",6000,
,,3,"FALSE",,,14,,,,,,,,,,
"GoldenKnight",,0,"TRUE","WinMatches",,1,3,"Gold",1000,,,,,,,
,,1,"TRUE","DealDamage",,7,98000,"Gold",4000,270000,"Gold",4000,440000,"Gold",4000,
,,2,"TRUE","HitAnythingWithCharge",,10,200,"Gold",6000,500,"Gold",6000,850,"Gold",6000,
,,3,"FALSE",,,14,,,,,,,,,,
"Hunter",,0,"TRUE","WinMatches",,1,3,"Gold",1000,,,,,,,
,,1,"TRUE","DealDamage",,7,77000,"Gold",4000,210000,"Gold",4000,360000,"Gold",4000,
,,2,"TRUE","KillUnits",,10,200,"Gold",6000,500,"Gold",6000,900,"Gold",6000,
,,3,"FALSE",,,14,,,,,,,,,,
"InfernoDragon",,0,"TRUE","WinMatches",,1,3,"Gold",1000,,,,,,,
,,1,"TRUE","DealDamage",,7,78000,"Gold",4000,220000,"Gold",4000,370000,"Gold",4000,
,,2,"TRUE","HitUnitsWithMaxStrength",,10,200,"Gold",6000,475,"Gold",6000,800,"Gold",6000,
,,3,"FALSE",,,14,,,,,,,,,,
"RageBarbarian",,0,"TRUE","WinMatches",,1,3,"Gold",1000,,,,,,,
,,1,"TRUE","DealDamage",,7,69000,"Gold",4000,190000,"Gold",4000,330000,"Gold",4000,
,,2,"TRUE","EnrageUnits",,10,175,"Gold",6000,450,"Gold",6000,750,"Gold",6000,
,,3,"FALSE",,,14,,,,,,,,,,
"EliteArcher",,0,"TRUE","WinMatches",,1,3,"Gold",1000,,,,,,,
,,1,"TRUE","DealDamage",,7,93000,"Gold",4000,270000,"Gold",4000,450000,"Gold",4000,
,,2,"TRUE","KillUnitsAndBuildings",,10,200,"Gold",6000,550,"Gold",6000,1000,"Gold",6000,
,,3,"FALSE",,,14,,,,,,,,,,
"WitchMother",,0,"TRUE","WinMatches",,1,3,"Gold",1000,,,,,,,
,,1,"TRUE","DealDamage",,7,57000,"Gold",4000,160000,"Gold",4000,270000,"Gold",4000,
,,2,"TRUE","KillUnits",,10,150,"Gold",6000,375,"Gold",6000,700,"Gold",6000,
,,3,"FALSE",,,14,,,,,,,,,,
"DarkWitch",,0,"TRUE","WinMatches",,1,3,"Gold",1000,,,,,,,
,,1,"TRUE","DealDamage",,7,66000,"Gold",4000,190000,"Gold",4000,320000,"Gold",4000,
,,2,"TRUE","SpawnUnits",,10,550,"Gold",6000,1400,"Gold",6000,2600,"Gold",6000,
,,3,"FALSE",,,14,,,,,,,,,,
"SkeletonKing",,0,"TRUE","WinMatches",,1,3,"Gold",1000,,,,,,,
,,1,"TRUE","DealDamage",,7,94000,"Gold",4000,260000,"Gold",4000,420000,"Gold",4000,
,,2,"TRUE","SpawnUnits",,10,650,"Gold",6000,1700,"Gold",6000,3000,"Gold",6000,
,,3,"FALSE",,,14,,,,,,,,,,
"BombTower",,0,"TRUE","WinMatches",,1,3,"Gold",1000,,,,,,,
,,1,"TRUE","DealDamage",,7,42000,"Gold",4000,120000,"Gold",4000,200000,"Gold",4000,
,,2,"TRUE","KillUnits",,10,200,"Gold",6000,500,"Gold",6000,900,"Gold",6000,
,,3,"FALSE",,,14,,,,,,,,,,
"Tesla",,0,"TRUE","WinMatches",,1,3,"Gold",1000,,,,,,,
,,1,"TRUE","DealDamage",,7,37000,"Gold",4000,100000,"Gold",4000,170000,"Gold",4000,
,,2,"TRUE","HitUnits",,10,475,"Gold",6000,1200,"Gold",6000,2100,"Gold",6000,
,,3,"FALSE",,,14,,,,,,,,,,
"FirespiritHut",,0,"TRUE","WinMatches",,1,3,"Gold",1000,,,,,,,
,,1,"TRUE","SpawnUnits",,7,225,"Gold",4000,650,"Gold",4000,1100,"Gold",4000,
,,2,"TRUE","DealDamage","TID_MASTERY_TASK_DEALDAMAGE_FURNACE",10,110000,"Gold",6000,290000,"Gold",6000,540000,"Gold",6000,
,,3,"FALSE",,,14,,,,,,,,,,
"Freeze",,0,"TRUE","WinMatches",,1,3,"Gold",1000,,,,,,,
,,1,"TRUE","HitUnitsAndBuildings",,7,125,"Gold",4000,350,"Gold",4000,600,"Gold",4000,
,,2,"TRUE","DebuffedUnitHitsReceived","TID_MASTERY_TASK_HITFROZENENEMIES",10,375,"Gold",6000,950,"Gold",6000,1600,"Gold",6000,
,,3,"FALSE",,,14,,,,,,,,,,
"Poison",,0,"TRUE","WinMatches",,1,3,"Gold",1000,,,,,,,
,,1,"TRUE","DealDamage",,7,25000,"Gold",4000,70000,"Gold",4000,110000,"Gold",4000,
,,2,"TRUE","KillUnits",,10,150,"Gold",6000,400,"Gold",6000,700,"Gold",6000,
,,3,"FALSE",,,14,,,,,,,,,,
"ArcherQueen",,0,"TRUE","WinMatches",,1,3,"Gold",1000,,,,,,,
,,1,"TRUE","DealDamage",,7,130000,"Gold",4000,350000,"Gold",4000,580000,"Gold",4000,
,,2,"TRUE","KillUnitsAndBuildings",,10,250,"Gold",6000,600,"Gold",6000,1000,"Gold",6000,
,,3,"FALSE",,,14,,,,,,,,,,
"Barbarians",,0,"TRUE","WinMatches",,1,3,"Gold",1000,,,,,,,
,,1,"TRUE","DealDamage",,7,55000,"Gold",4000,150000,"Gold",4000,250000,"Gold",4000,
,,2,"TRUE","KillUnits",,10,175,"Gold",6000,450,"Gold",6000,850,"Gold",6000,
,,3,"FALSE",,,14,,,,,,,,,,
"Bowler",,0,"TRUE","WinMatches",,1,3,"Gold",1000,,,,,,,
,,1,"TRUE","DealDamage",,7,74000,"Gold",4000,210000,"Gold",4000,350000,"Gold",4000,
,,2,"TRUE","KnockbackUnits",,10,225,"Gold",6000,600,"Gold",6000,1000,"Gold",6000,
,,3,"TRUE","KnockbackUnitsSingleDeploy","TID_MASTERY_TASK_KNOCKBACKUNITSSINGLEDEPLOY_BOWLER",14,60,"Gold",15000,130,"Gold",15000,225,"Gold",15000,10
"AxeMan",,0,"TRUE","WinMatches",,1,3,"Gold",1000,,,,,,,
,,1,"TRUE","DealDamage",,7,92000,"Gold",4000,260000,"Gold",4000,430000,"Gold",4000,
,,2,"TRUE","KillUnits",,10,300,"Gold",6000,800,"Gold",6000,1400,"Gold",6000,
,,3,"FALSE",,,14,,,,,,,,,,
"Giant",,0,"TRUE","WinMatches",,1,3,"Gold",1000,,,,,,,
,,1,"TRUE","DealDamage",,7,24000,"Gold",4000,66000,"Gold",4000,110000,"Gold",4000,
,,2,"TRUE","HitTowers",,10,200,"Gold",6000,475,"Gold",6000,850,"Gold",6000,
,,3,"FALSE",,,14,,,,,,,,,,
"Graveyard",,0,"TRUE","WinMatches",,1,3,"Gold",1000,,,,,,,
,,1,"TRUE","DealDamage",,7,47000,"Gold",4000,140000,"Gold",4000,240000,"Gold",4000,
,,2,"TRUE","HitTowers",,10,650,"Gold",6000,1700,"Gold",6000,3300,"Gold",6000,
,,3,"TRUE","DealTowerHitsSingleBattle",,14,40,"Gold",15000,80,"Gold",15000,130,"Gold",15000,30
"MinionHorde",,0,"TRUE","WinMatches",,1,3,"Gold",1000,,,,,,,
,,1,"TRUE","DealDamage",,7,71000,"Gold",4000,200000,"Gold",4000,340000,"Gold",4000,
,,2,"TRUE","KillUnits",,10,200,"Gold",6000,500,"Gold",6000,850,"Gold",6000,
,,3,"FALSE",,,14,,,,,,,,,,
"Prince",,0,"TRUE","WinMatches",,1,3,"Gold",1000,,,,,,,
,,1,"TRUE","DealDamage",,7,80000,"Gold",4000,230000,"Gold",4000,390000,"Gold",4000,
,,2,"TRUE","HitAnythingWithCharge",,10,100,"Gold",6000,250,"Gold",6000,450,"Gold",6000,
,,3,"FALSE",,,14,,,,,,,,,,
"RamRider",,0,"TRUE","WinMatches",,1,3,"Gold",1000,,,,,,,
,,1,"TRUE","DealDamage",,7,63000,"Gold",4000,180000,"Gold",4000,300000,"Gold",4000,
,,2,"TRUE","HitAnythingWithCharge","TID_MASTERY_TASK_HITBUILDINGSWITHCHARGE",10,80,"Gold",6000,200,"Gold",6000,350,"Gold",6000,
,,3,"FALSE",,,14,,,,,,,,,,
"RoyalHogs",,0,"TRUE","WinMatches",,1,3,"Gold",1000,,,,,,,
,,1,"TRUE","DealDamage",,7,47000,"Gold",4000,130000,"Gold",4000,230000,"Gold",4000,
,,2,"TRUE","HitTowers",,10,900,"Gold",6000,2300,"Gold",6000,4100,"Gold",6000,
,,3,"FALSE",,,14,,,,,,,,,,
"InfernoTower",,0,"TRUE","WinMatches",,1,3,"Gold",1000,,,,,,,
,,1,"TRUE","DealDamage",,7,46000,"Gold",4000,130000,"Gold",4000,230000,"Gold",4000,
,,2,"TRUE","HitUnitsWithMaxStrength",,10,100,"Gold",6000,275,"Gold",6000,475,"Gold",6000,
,,3,"FALSE",,,14,,,,,,,,,,
"GoblinHut",,0,"TRUE","WinMatches",,1,3,"Gold",1000,,,,,,,
,,1,"TRUE","SpawnUnits",,7,350,"Gold",4000,900,"Gold",4000,1500,"Gold",4000,
,,2,"TRUE","DealDamage","TID_MASTERY_TASK_DEALDAMAGE_GOBLIN_HUT",10,89000,"Gold",6000,220000,"Gold",6000,390000,"Gold",6000,
,,3,"FALSE",,,14,,,,,,,,,,
"AngryBarbarians",,0,"TRUE","WinMatches",,1,3,"Gold",1000,,,,,,,
,,1,"TRUE","DealDamage",,7,82000,"Gold",4000,230000,"Gold",4000,410000,"Gold",4000,
,,2,"TRUE","KillUnitsAndBuildings",,10,150,"Gold",6000,400,"Gold",6000,700,"Gold",6000,
,,3,"FALSE",,,14,,,,,,,,,,
"GiantSkeleton",,0,"TRUE","WinMatches",,1,3,"Gold",1000,,,,,,,
,,1,"TRUE","DealDamage",,7,99000,"Gold",4000,290000,"Gold",4000,470000,"Gold",4000,
,,2,"TRUE","HitTowers",,10,125,"Gold",6000,325,"Gold",6000,550,"Gold",6000,
,,3,"FALSE",,,14,,,,,,,,,,
"ZapMachine",,0,"TRUE","WinMatches",,1,3,"Gold",1000,,,,,,,
,,1,"TRUE","DealDamage",,7,110000,"Gold",4000,310000,"Gold",4000,530000,"Gold",4000,
,,2,"TRUE","KillUnitsAndBuildings",,10,175,"Gold",6000,475,"Gold",6000,850,"Gold",6000,
,,3,"FALSE",,,14,,,,,,,,,,
"Xbow",,0,"TRUE","WinMatches",,1,3,"Gold",1000,,,,,,,
,,1,"TRUE","DealDamage",,7,40000,"Gold",4000,110000,"Gold",4000,190000,"Gold",4000,
,,2,"TRUE","HitTowers",,10,1400,"Gold",6000,3600,"Gold",6000,6700,"Gold",6000,
,,3,"FALSE",,,14,,,,,,,,,,
"Elixir Collector",,0,"TRUE","WinMatches",,1,3,"Gold",1000,,,,,,,
,,1,"TRUE","PlayCard",,7,40,"Gold",4000,100,"Gold",4000,200,"Gold",4000,
,,2,"TRUE","GenerateElixir",,10,250,"Gold",6000,650,"Gold",6000,1200,"Gold",6000,
,,3,"FALSE",,,14,,,,,,,,,,
"Lightning",,0,"TRUE","WinMatches",,1,3,"Gold",1000,,,,,,,
,,1,"TRUE","DealDamage",,7,34000,"Gold",4000,94000,"Gold",4000,160000,"Gold",4000,
,,2,"TRUE","KillUnitsAndBuildings",,10,80,"Gold",6000,200,"Gold",6000,325,"Gold",6000,
,,3,"FALSE",,,14,,,,,,,,,,
"Rocket",,0,"TRUE","WinMatches",,1,3,"Gold",1000,,,,,,,
,,1,"TRUE","DealDamage",,7,25000,"Gold",4000,73000,"Gold",4000,120000,"Gold",4000,
,,2,"TRUE","KillUnitsAndBuildings",,10,60,"Gold",6000,175,"Gold",6000,275,"Gold",6000,
,,3,"FALSE",,,14,,,,,,,,,,
"BarbarianHut",,0,"TRUE","WinMatches",,1,3,"Gold",1000,,,,,,,
,,1,"TRUE","SpawnUnits",,7,375,"Gold",4000,1000,"Gold",4000,1700,"Gold",4000,
,,2,"TRUE","DealDamage","TID_MASTERY_TASK_DEALDAMAGE_BARBARIAN_HUT",10,67000,"Gold",6000,170000,"Gold",6000,300000,"Gold",6000,
,,3,"FALSE",,,14,,,,,,,,,,
"ElectroGiant",,0,"TRUE","WinMatches",,1,3,"Gold",1000,,,,,,,
,,1,"TRUE","DealDamage",,7,94000,"Gold",4000,270000,"Gold",4000,470000,"Gold",4000,
,,2,"TRUE","HitTowers",,10,375,"Gold",6000,950,"Gold",6000,1600,"Gold",6000,
,,3,"FALSE",,,14,,,,,,,,,,
"Golem",,0,"TRUE","WinMatches",,1,3,"Gold",1000,,,,,,,
,,1,"TRUE","DealDamage",,7,54000,"Gold",4000,150000,"Gold",4000,260000,"Gold",4000,
,,2,"TRUE","HitTowers",,10,375,"Gold",6000,900,"Gold",6000,1600,"Gold",6000,
,,3,"FALSE",,,14,,,,,,,,,,
"MightyMiner",,0,"TRUE","WinMatches",,1,3,"Gold",1000,,,,,,,
,,1,"TRUE","DealDamage",,7,110000,"Gold",4000,310000,"Gold",4000,530000,"Gold",4000,
,,2,"TRUE","HitUnitsWithMaxStrength","TID_MASTERY_TASK_DRILLMAXSTRENGTH",10,150,"Gold",6000,350,"Gold",6000,650,"Gold",6000,
,,3,"FALSE",,,14,,,,,,,,,,
"Monk",,0,"TRUE","WinMatches",,1,3,"Gold",1000,,,,,,,
,,1,"TRUE","DealDamage",,7,88000,"Gold",4000,250000,"Gold",4000,420000,"Gold",4000,
,,2,"TRUE","KnockbackUnits",,10,100,"Gold",6000,275,"Gold",6000,475,"Gold",6000,
,,3,"FALSE",,,14,,,,,,,,,,
"Phoenix",,0,"TRUE","WinMatches",,1,3,"Gold",1000,,,,,,,
,,1,"TRUE","DealDamage",,7,50000,"Gold",4000,140000,"Gold",4000,250000,"Gold",4000,
,,2,"TRUE","HitUnits",,10,350,"Gold",6000,900,"Gold",6000,1600,"Gold",6000,
,,3,"FALSE",,,14,,,,,,,,,,
"LittlePrince",,0,"TRUE","WinMatches",,1,3,"Gold",1000,,,,,,,
,,1,"TRUE","DealDamage",,7,120000,"Gold",4000,320000,"Gold",4000,580000,"Gold",4000,
,,2,"TRUE","HitAnythingWithCharge","TID_MASTERY_TASK_GUARDIENNE_CHARGE",10,175,"Gold",6000,550,"Gold",6000,950,"Gold",6000,
,,3,"FALSE",,,14,,,,,,,,,,
"DarkMagic",,0,"TRUE","WinMatches",,1,3,"Gold",1000,,,,,,,
,,1,"TRUE","DealDamage",,7,27000,"Gold",4000,71000,"Gold",4000,130000,"Gold",4000,
,,2,"TRUE","KillUnits",,10,150,"Gold",6000,400,"Gold",6000,700,"Gold",6000,
,,3,"FALSE",,,14,,,,,,,,,,
"GoblinDemolisher",,0,"TRUE","WinMatches",,1,3,"Gold",1000,,,,,,,
,,1,"TRUE","DealDamage",,7,74000,"Gold",4000,210000,"Gold",4000,340000,"Gold",4000,
,,2,"TRUE","KillUnits",,10,275,"Gold",6000,650,"Gold",6000,1300,"Gold",6000,
,,3,"FALSE",,,14,,,,,,,,,,
"GoblinMachine",,0,"TRUE","WinMatches",,1,3,"Gold",1000,,,,,,,
,,1,"TRUE","DealDamage",,7,74000,"Gold",4000,230000,"Gold",4000,390000,"Gold",4000,
,,2,"TRUE","KillUnits",,10,250,"Gold",6000,750,"Gold",6000,1300,"Gold",6000,
,,3,"FALSE",,,14,,,,,,,,,,
"GoblinCurse",,0,"TRUE","WinMatches",,1,3,"Gold",1000,,,,,,,
,,1,"TRUE","DealDamage",,7,12000,"Gold",4000,35000,"Gold",4000,59000,"Gold",4000,
,,2,"TRUE","KillUnits",,10,150,"Gold",6000,375,"Gold",6000,650,"Gold",6000,
,,3,"FALSE",,,14,,,,,,,,,,
"SuspiciousBush",,0,"TRUE","WinMatches",,1,3,"Gold",1000,,,,,,,
,,1,"TRUE","DealDamage",,7,38000,"Gold",4000,110000,"Gold",4000,180000,"Gold",4000,
,,2,"TRUE","HitTowers",,10,450,"Gold",6000,1500,"Gold",6000,2600,"Gold",6000,
,,3,"FALSE",,,14,,,,,,,,,,
"Goblinstein",,0,"TRUE","WinMatches",,1,3,"Gold",1000,,,,,,,
,,1,"TRUE","DealDamage",,7,110000,"Gold",4000,320000,"Gold",4000,530000,"Gold",4000,
,,2,"TRUE","HitAnythingWithCharge","TID_MASTERY_TASK_GOBLINSTEIN_AOE_TITLE",10,250,"Gold",6000,450,"Gold",6000,1100,"Gold",6000,
,,3,"FALSE",,,14,,,,,,,,,,
"GiantBuffer",,0,"TRUE","WinMatches",,1,3,"Gold",1000,,,,,,,
,,1,"TRUE","HitTowers",,7,150,"Gold",4000,425,"Gold",4000,750,"Gold",4000,
,,2,"TRUE","ReceiveHits",,10,1500,"Gold",6000,3700,"Gold",6000,6500,"Gold",6000,
,,3,"FALSE",,,14,,,,,,,,,,
"Berserker",,0,"TRUE","WinMatches",,1,3,"Gold",1000,,,,,,,
,,1,"TRUE","DealDamage",,7,41000,"Gold",4000,110000,"Gold",4000,190000,"Gold",4000,
,,2,"TRUE","HitUnits",,10,750,"Gold",6000,1600,"Gold",6000,2700,"Gold",6000,
,,3,"FALSE",,,14,,,,,,,,,,
"BossBandit",,0,"TRUE","WinMatches",,1,3,"Gold",1000,,,,,,,
,,1,"TRUE","DealDamage",,7,120000,"Gold",4000,330000,"Gold",4000,550000,"Gold",4000,
,,2,"TRUE","HitAnythingWithCharge",,10,125,"Gold",6000,325,"Gold",6000,600,"Gold",6000,
,,3,"FALSE",,,14,,,,,,,,,,
"MergeMaiden",,0,"TRUE","WinMatches",,1,3,"Gold",1000,,,,,,,
,,1,"TRUE","DealDamage",,7,84000,"Gold",4000,230000,"Gold",4000,390000,"Gold",4000,
,,2,"TRUE","KillUnits",,10,300,"Gold",6000,750,"Gold",6000,1300,"Gold",6000,
,,3,"FALSE",,,14,,,,,,,,,,
"Vines",,0,"TRUE","WinMatches",,1,3,"Gold",1000,,,,,,,
,,1,"TRUE","DealDamage",,7,11000,"Gold",4000,32000,"Gold",4000,53000,"Gold",4000,
,,2,"TRUE","DebuffUnitsSingleDeploy",,10,150,"Gold",6000,375,"Gold",6000,650,"Gold",6000,3
,,3,"FALSE",,,14,,,,,,,,,,
"Ronin",,0,"TRUE","WinMatches",,1,3,"Gold",1000,,,,,,,
,,1,"TRUE","DealDamage",,7,84000,"Gold",4000,230000,"Gold",4000,390000,"Gold",4000,
,,2,"TRUE","KillUnits",,10,300,"Gold",6000,750,"Gold",6000,1300,"Gold",6000,
,,3,"FALSE",,,14,,,,,,,,,,
"MinionGiant",,0,"TRUE","WinMatches",,1,3,"Gold",1000,,,,,,,
,,1,"TRUE","DealDamage",,7,47000,"Gold",4000,130000,"Gold",4000,230000,"Gold",4000,
,,2,"TRUE","HitBuildings",,10,400,"Gold",6000,1000,"Gold",6000,1800,"Gold",6000,
,,3,"FALSE",,,14,,,,,,,,,,
