"Name","TID","TID_INFO","IconSWF","IconExportName","CastTime","TriggerDelay","ManaCost","Cooldown","PendingBuff","Buff","BuffTime","BuffRadius","AreaEffectObject","MorphTarget","ResurrectGainChargeEffect","ResurrectChargeFilter","ResurrectHealthBar","ResurrectEnemies","ResurrectOwnTroops","ResurrectBaseCount","SpawnLimit","DashRange","DashTargetFurthest","SwitchLanes","DeployedEffect","DeployedClip","ActivationSpawnCharacter","ActivationSpawnDeployTime","AbilityStateDuration","OnActivationAction","KeepCurrentTarget","PopoverIconFileName","PopoverIconExportName","Stats"
"String","String","String","String","String","int","int","int","int","String","String","int","int","String","String","String","String","String","boolean","boolean","int","int","int","boolean","boolean","string","string","string","int","int","string","boolean","string","string","string"
"MightyMinerLaneSwitch",,,,,,,,,,,,,,,,,,,,,,,,,,,,,,,,,,
"SuperHogJump",,,,,,,,,,,,,,,,,,,,,,,,,,,,,,,,,,
"ChampGuardianAbility",,,,,,,,,,,,,,,,,,,,,,,,,,,,,,,,,,
"SkeletonKing",,,,,,,,,,,,,,,,,,,,,,,,,,,,,,,,,,
"NOTINUSEABILITY2","TID_ABILITY_NAME_GOLDEN_KNIGHT_CHAIN_ATTACK","TID_ABILITY_DESCRIPTION_GOLDEN_KNIGHT","sc/ui_spells.sc","icon_ability_golden_knight",766,200,1,11000,"GoldenKnightCharge",,,,,,,,,,,,,6000,,,"ability_charging_golden_knight","champion_select_ring_rampup_golden_knight",,,,,,,,
"Deflect",,,,,,,,,,,,,,,,,,,,,,,,,,,,,,,,,,
"MegaDeflect",,,,,,,,,,,,,,,,,,,,,,,,,,,,,,,,,,
"NOTINUSEABILITY3","TID_ABILITY_NAME_GOLDEN_KNIGHT_CHAIN_ATTACK","TID_ABILITY_DESCRIPTION_GOLDEN_KNIGHT","sc/ui_spells.sc","icon_ability_golden_knight",766,200,1,11000,"GoldenKnightCharge",,,,,,,,,,,,,6000,,,"ability_charging_golden_knight","champion_select_ring_rampup_golden_knight",,,,,,,,
"GoldenKnightChain",,,,,,,,,,,,,,,,,,,,,,,,,,,,,,,,,,
"ArcherQueenRapid",,,,,,,,,,,,,,,,,,,,,,,,,,,,,,,,,,
"NOTINUSEABILITY4","TID_ABILITY_NAME_GOLDEN_KNIGHT_CHAIN_ATTACK","TID_ABILITY_DESCRIPTION_GOLDEN_KNIGHT","sc/ui_spells.sc","icon_ability_golden_knight",766,200,1,11000,"GoldenKnightCharge",,,,,,,,,,,,,6000,,,"ability_charging_golden_knight","champion_select_ring_rampup_golden_knight",,,,,,,,
"NOTINUSEABILITY5","TID_ABILITY_NAME_GOLDEN_KNIGHT_CHAIN_ATTACK","TID_ABILITY_DESCRIPTION_GOLDEN_KNIGHT","sc/ui_spells.sc","icon_ability_golden_knight",766,200,1,11000,"GoldenKnightCharge",,,,,,,,,,,,,6000,,,"ability_charging_golden_knight","champion_select_ring_rampup_golden_knight",,,,,,,,
"NOTINUSEABILITY6","TID_ABILITY_NAME_GOLDEN_KNIGHT_CHAIN_ATTACK","TID_ABILITY_DESCRIPTION_GOLDEN_KNIGHT","sc/ui_spells.sc","icon_ability_golden_knight",766,200,1,11000,"GoldenKnightCharge",,,,,,,,,,,,,6000,,,"ability_charging_golden_knight","champion_select_ring_rampup_golden_knight",,,,,,,,
"NOTINUSEABILITY7","TID_ABILITY_NAME_GOLDEN_KNIGHT_CHAIN_ATTACK","TID_ABILITY_DESCRIPTION_GOLDEN_KNIGHT","sc/ui_spells.sc","icon_ability_golden_knight",766,200,1,11000,"GoldenKnightCharge",,,,,,,,,,,,,6000,,,"ability_charging_golden_knight","champion_select_ring_rampup_golden_knight",,,,,,,,
"NOTINUSEABILITY8","TID_ABILITY_NAME_GOLDEN_KNIGHT_CHAIN_ATTACK","TID_ABILITY_DESCRIPTION_GOLDEN_KNIGHT","sc/ui_spells.sc","icon_ability_golden_knight",766,200,1,11000,"GoldenKnightCharge",,,,,,,,,,,,,6000,,,"ability_charging_golden_knight","champion_select_ring_rampup_golden_knight",,,,,,,,
"NOTINUSEABILITY9","TID_ABILITY_NAME_GOLDEN_KNIGHT_CHAIN_ATTACK","TID_ABILITY_DESCRIPTION_GOLDEN_KNIGHT","sc/ui_spells.sc","icon_ability_golden_knight",766,200,1,11000,"GoldenKnightCharge",,,,,,,,,,,,,6000,,,"ability_charging_golden_knight","champion_select_ring_rampup_golden_knight",,,,,,,,
"NOTINUSEABILITY10","TID_ABILITY_NAME_GOLDEN_KNIGHT_CHAIN_ATTACK","TID_ABILITY_DESCRIPTION_GOLDEN_KNIGHT","sc/ui_spells.sc","icon_ability_golden_knight",766,200,1,11000,"GoldenKnightCharge",,,,,,,,,,,,,6000,,,"ability_charging_golden_knight","champion_select_ring_rampup_golden_knight",,,,,,,,
