"Name","TID","DescriptionTID","Type","Count","TaskGroup"
"String","String","String","String","int","String"
"DailyCompletion","TID_DAILY_TASK_DAILY_COMPLETION_NAME","TID_DAILY_TASK_DAILY_COMPLETION_DESC","DailyCompletion",1,"Disabled"
"WeeklyCompletion","TID_DAILY_TASK_WEEKLY_COMPLETION_NAME","TID_DAILY_TASK_WEEKLY_COMPLETION_DESC","WeeklyCompletion",1,"Disabled"
"PlayBattleTrophyRoad","TID_DAILY_TASK_PLAY_BATTLE_TROPHY_ROAD_NAME","TID_DAILY_TASK_PLAY_BATTLE_TROPHY_ROAD_DESC","PlayBattleTrophyRoad",1,"Disabled"
"PlayBattlePartyMode","TID_DAILY_TASK_PLAY_BATTLE_PARTY_MODE_NAME","TID_DAILY_TASK_PLAY_BATTLE_PARTY_MODE_DESC","PlayBattlePartyMode",1,"Disabled"
"PlayBattleChallengeOrTournament","TID_DAILY_TASK_PLAY_BATTLE_CHALLENGE_OR_TOURNAMENT_NAME","TID_DAILY_TASK_PLAY_BATTLE_CHALLENGE_OR_TOURNAMENT_DESC","PlayBattleChallengeOrTournament",1,"Disabled"
"PlayBattleRankedBattle","TID_DAILY_TASK_PLAY_BATTLE_RANKED_BATTLE_NAME","TID_DAILY_TASK_PLAY_BATTLE_RANKED_BATTLE_DESC","PlayBattleRankedBattle",1,"Disabled"
"PlayBattleClanWarsOrFriendly","TID_DAILY_TASK_PLAY_BATTLE_CLAN_WARS_OR_FRIENDLY_NAME","TID_DAILY_TASK_PLAY_BATTLE_CLAN_WARS_OR_FRIENDLY_DESC","PlayBattleClanWarsOrFriendly",1,"Disabled"
"PlayBattleAnyBattle","TID_DAILY_TASK_PLAY_BATTLE_ANY_BATTLE_NAME","TID_DAILY_TASK_PLAY_BATTLE_ANY_BATTLE_DESC","PlayBattleAnyBattle",1,"Basic"
"OpenChest","TID_DAILY_TASK_OPEN_CHEST_NAME","TID_DAILY_TASK_OPEN_CHEST_DESC","OpenChest",1,"Disabled"
"GetSomethingFromStore","TID_DAILY_TASK_GET_SOMETHING_FROM_STORE_NAME","TID_DAILY_TASK_GET_SOMETHING_FROM_STORE_DESC","GetSomethingFromStore",1,"Disabled"
"RequestCards","TID_DAILY_TASK_REQUEST_CARDS_NAME","TID_DAILY_TASK_REQUEST_CARDS_DESC","RequestCards",1,"Disabled"
"UseEmote","TID_DAILY_TASK_USE_EMOTE_NAME","TID_DAILY_TASK_USE_EMOTE_DESC","UseEmote",2,"Disabled"
"WinBattle","TID_DAILY_TASK_WIN_BATTLES_NAME","TID_DAILY_TASK_WIN_BATTLES_DESC","WinBattles",3,"Basic"
"EarnCrowns","TID_DAILY_TASK_EARN_CROWNS_NAME","TID_DAILY_TASK_EARN_CROWNS_DESC","EarnCrowns",10,"Basic"
"Login","TID_DAILY_TASK_LOGIN_NAME","TID_DAILY_TASK_LOGIN_DESC","Login",1,"Basic"
"WinBattle2","TID_DAILY_TASK_WIN_BATTLES_NAME","TID_DAILY_TASK_WIN_BATTLES_DESC","WinBattles",2,"Basic"
"WinBattle3","TID_DAILY_TASK_WIN_BATTLES_NAME","TID_DAILY_TASK_WIN_BATTLES_DESC","WinBattles",3,"Basic"
"EarnCrowns8","TID_DAILY_TASK_EARN_CROWNS_NAME","TID_DAILY_TASK_EARN_CROWNS_DESC","EarnCrowns",8,"Basic"
"EarnCrowns16","TID_DAILY_TASK_EARN_CROWNS_NAME","TID_DAILY_TASK_EARN_CROWNS_DESC","EarnCrowns",16,"Basic"
"EarnCrowns30","TID_DAILY_TASK_EARN_CROWNS_NAME","TID_DAILY_TASK_EARN_CROWNS_DESC","EarnCrowns",30,"Basic"
"PlayBattle3","TID_DAILY_TASK_PLAY_BATTLE_ANY_BATTLE_NAME","TID_DAILY_TASK_PLAY_BATTLE_ANY_BATTLE_DESC","PlayBattleAnyBattle",3,"Basic"
"EarnCrowns6","TID_DAILY_TASK_EARN_CROWNS_NAME","TID_DAILY_TASK_EARN_CROWNS_DESC","EarnCrowns",6,"Basic"
"EarnCrowns12","TID_DAILY_TASK_EARN_CROWNS_NAME","TID_DAILY_TASK_EARN_CROWNS_DESC","EarnCrowns",12,"Basic"
"WinBattle1","TID_DAILY_TASK_WIN_BATTLES_NAME","TID_DAILY_TASK_WIN_BATTLES_DESC","WinBattles",1,"Basic"
"WinBattle4","TID_DAILY_TASK_WIN_BATTLES_NAME","TID_DAILY_TASK_WIN_BATTLES_DESC","WinBattles",4,"Basic"
"WinBattle5","TID_DAILY_TASK_WIN_BATTLES_NAME","TID_DAILY_TASK_WIN_BATTLES_DESC","WinBattles",5,"Basic"
