"RewardGroup","RewardInfoTID","Arena","RewardType","RewardAmount","RewardChest","RewardMysteryBox","RewardSpell","RewardRandomSpell"
"String","String","String","String","Int","String","String","String","String"
"DailyReward1","TID_DAILY_TASK_REWARD_TOOLTIP_1","TrainingCamp","Gold",10000,,,,
,,"Arena1","MysteryBox",1,,"LowArenaRareLuckyDropGold",,
,,"Arena3","MysteryBox",1,,"LowArenaRareLuckyDrop",,
,,"Arena5","MysteryBox",1,,"RareLuckyDrop",,
"DailyReward2","TID_DAILY_TASK_REWARD_TOOLTIP_2","TrainingCamp","Gold",10000,,,,
,,"Arena1","MysteryBox",1,,"LowArenaCommonLuckyDropCard",,
,,"Arena3","MysteryBox",1,,"LowArenaCommonLuckyDrop",,
,,"Arena5","MysteryBox",1,,"CommonLuckyDrop",,
"DailyReward3","TID_DAILY_TASK_REWARD_TOOLTIP_3","TrainingCamp","Gold",10000,,,,
,,"Arena1","MysteryBox",1,,"LowArenaCommonLuckyDropCard",,
,,"Arena3","MysteryBox",1,,"LowArenaCommonLuckyDrop",,
,,"Arena5","MysteryBox",1,,"CommonLuckyDrop",,
"DailyReward4","TID_DAILY_TASK_REWARD_TOOLTIP_1","TrainingCamp","Gold",10000,,,,
,,"Arena1","MysteryBox",1,,"LowArenaCommonLuckyDropCard",,
,,"Arena3","MysteryBox",1,,"LowArenaCommonLuckyDrop",,
,,"Arena5","MysteryBox",1,,"CommonLuckyDrop",,
"DailyReward5","TID_DAILY_TASK_REWARD_TOOLTIP_1","TrainingCamp","Gold",10000,,,,
,,"Arena1","MysteryBox",1,,"LowArenaCommonLuckyDropCard",,
,,"Arena3","MysteryBox",1,,"LowArenaCommonLuckyDrop",,
,,"Arena5","MysteryBox",1,,"CommonLuckyDrop",,
"StreakReward1","TID_DAILY_TASK_REWARD_TOOLTIP_1","TrainingCamp","Gold",10000,,,,
,,"Arena1","MysteryBox",1,,"LowArenaCommonLuckyDrop",,
,,"Arena5","MysteryBox",1,,"CommonLuckyDrop",,
"StreakReward2","TID_DAILY_TASK_REWARD_TOOLTIP_1","TrainingCamp","Gold",10000,,,,
,,"Arena1","MysteryBox",1,,"LowArenaCommonLuckyDrop",,
,,"Arena5","MysteryBox",1,,"CommonLuckyDrop",,
"StreakReward3","TID_DAILY_TASK_REWARD_TOOLTIP_1","TrainingCamp","Gold",10000,,,,
,,"Arena1","MysteryBox",1,,"LowArenaCommonLuckyDrop",,
,,"Arena5","MysteryBox",1,,"CommonLuckyDrop",,
"StreakReward4","TID_DAILY_TASK_REWARD_TOOLTIP_1","TrainingCamp","Gold",10000,,,,
,,"Arena1","MysteryBox",1,,"LowArenaCommonLuckyDrop",,
,,"Arena5","MysteryBox",1,,"CommonLuckyDrop",,
"LowKLDailyReward1","TID_DAILY_TASK_REWARD_TOOLTIP_1","TrainingCamp","Gold",10000,,,,
,,"Arena1","MysteryBox",1,,"LowArenaCommonLuckyDrop",,
,,"Arena5","MysteryBox",1,,"CommonLuckyDrop",,
"DailyReward1of3","TID_DAILY_TASK_REWARD_TOOLTIP_1","TrainingCamp","Gold",10000,,,,
,,"Arena1","MysteryBox",1,,"LowArenaCommonLuckyDrop",,
,,"Arena5","MysteryBox",1,,"CommonLuckyDrop",,
"DailyReward2of3","TID_DAILY_TASK_REWARD_TOOLTIP_1","TrainingCamp","Gold",10000,,,,
,,"Arena1","MysteryBox",1,,"LowArenaCommonLuckyDrop",,
,,"Arena5","MysteryBox",1,,"CommonLuckyDrop",,
"DailyReward3of3","TID_DAILY_TASK_REWARD_TOOLTIP_1","TrainingCamp","Gold",10000,,,,
,,"Arena1","MysteryBox",1,,"LowArenaCommonLuckyDrop",,
,,"Arena5","MysteryBox",1,,"CommonLuckyDrop",,
"DailyReward1of4","TID_DAILY_TASK_REWARD_TOOLTIP_1","TrainingCamp","Chest",1,"Giant_Arena4",,,
,,"Arena1","Card",123,,,"Knight",
,,"Arena2","Gems",11,,,,
,,"Arena3","Card",1,,,"Knight",
,,"Arena4","MysteryBox",1,,"EpicLuckyDrop",,
"DailyReward2of4","TID_DAILY_TASK_REWARD_TOOLTIP_1","TrainingCamp","Chest",1,"Giant_Arena4",,,
,,"Arena1","WildcardCommon",22,,,,
,,"Arena2","WildcardCommon",11,,,,
,,"Arena3","WildcardCommon",1,,"EpicLuckyDrop",,
,,"Arena5","MysteryBox",1,,"EpicLuckyDrop",,
"DailyReward3of4","TID_DAILY_TASK_REWARD_TOOLTIP_1","TrainingCamp","Chest",1,"Giant_Arena4",,,
,,"Arena1","Gold",22,,,,
,,"Arena2","Gems",11,,,,
,,"Arena3","MysteryBox",1,,"EpicLuckyDrop",,
"DailyReward4of4","TID_DAILY_TASK_REWARD_TOOLTIP_1","TrainingCamp","MysteryBox",1,,"EpicLuckyDrop",,
"BonusRewardDefault1","TID_DAILY_TASK_REWARD_TOOLTIP_1","TrainingCamp","RandomSpell",10,,,,"Rare"
,,"Arena4","RandomSpell",15,,,,"Rare"
,,"Arena6","RandomSpell",20,,,,"Rare"
,,"Arena8","RandomSpell",25,,,,"Rare"
,,"Arena_L","RandomSpell",30,,,,"Rare"
,,"Arena_T","RandomSpell",35,,,,"Rare"
,,"Arena13","RandomSpell",40,,,,"Rare"
,,"Arena14","RandomSpell",45,,,,"Rare"
,,"Arena_L1","RandomSpell",50,,,,"Rare"
,,"Arena_L2","RandomSpell",55,,,,"Rare"
,,"Arena_L5","RandomSpell",60,,,,"Rare"
"BonusRewardDefault2","TID_DAILY_TASK_REWARD_TOOLTIP_1","TrainingCamp","RandomSpell",30,,,,"Common"
,,"Arena3","RandomSpell",40,,,,"Common"
,,"Arena4","RandomSpell",50,,,,"Common"
,,"Arena5","RandomSpell",60,,,,"Common"
,,"Arena6","RandomSpell",70,,,,"Common"
,,"Arena7","RandomSpell",80,,,,"Common"
,,"Arena8","RandomSpell",90,,,,"Common"
,,"Arena9","RandomSpell",100,,,,"Common"
,,"Arena_L","RandomSpell",110,,,,"Common"
,,"Arena_Electric","RandomSpell",130,,,,"Common"
,,"Arena_T","RandomSpell",140,,,,"Common"
,,"Arena13","RandomSpell",160,,,,"Common"
,,"Arena14","RandomSpell",180,,,,"Common"
,,"Arena_L1","RandomSpell",200,,,,"Common"
,,"Arena_L2","RandomSpell",220,,,,"Common"
,,"Arena_L3","RandomSpell",230,,,,"Common"
,,"Arena_L5","RandomSpell",240,,,,"Common"
,,"Arena_L7","RandomSpell",250,,,,"Common"
"BonusRewardDefault3","TID_DAILY_TASK_REWARD_TOOLTIP_1","TrainingCamp","Gold",1000,,,,
,,"Arena2","Gold",1500,,,,
,,"Arena4","Gold",2000,,,,
,,"Arena5","Gold",2500,,,,
,,"Arena6","Gold",3000,,,,
,,"Arena7","Gold",3500,,,,
,,"Arena8","Gold",4000,,,,
,,"Arena_L","Gold",4500,,,,
,,"Arena_Electric","Gold",5000,,,,
,,"Arena_T","Gold",5500,,,,
,,"Arena13","Gold",6500,,,,
,,"Arena14","Gold",7500,,,,
,,"Arena_L1","Gold",8000,,,,
,,"Arena_L2","Gold",9000,,,,
,,"Arena_L4","Gold",9500,,,,
,,"Arena_L7","Gold",10000,,,,
"BonusRewardDefault4","TID_DAILY_TASK_REWARD_TOOLTIP_1","TrainingCamp","RandomSpell",30,,,,"Common"
,,"Arena3","RandomSpell",40,,,,"Common"
,,"Arena4","RandomSpell",50,,,,"Common"
,,"Arena5","RandomSpell",60,,,,"Common"
,,"Arena6","RandomSpell",3,,,,"Epic"
,,"Arena7","RandomSpell",4,,,,"Epic"
,,"Arena_L","RandomSpell",5,,,,"Epic"
,,"Arena_T","RandomSpell",6,,,,"Epic"
,,"Arena13","RandomSpell",7,,,,"Epic"
,,"Arena14","RandomSpell",8,,,,"Epic"
,,"Arena_L2","RandomSpell",9,,,,"Epic"
,,"Arena_L4","RandomSpell",10,,,,"Epic"
"BonusRewardDefault5","TID_DAILY_TASK_REWARD_TOOLTIP_1","TrainingCamp","RandomSpell",10,,,,"Rare"
,,"Arena4","RandomSpell",15,,,,"Rare"
,,"Arena6","RandomSpell",20,,,,"Rare"
,,"Arena8","RandomSpell",25,,,,"Rare"
,,"Arena_L","RandomSpell",30,,,,"Rare"
,,"Arena_T","RandomSpell",35,,,,"Rare"
,,"Arena13","RandomSpell",40,,,,"Rare"
,,"Arena14","RandomSpell",45,,,,"Rare"
,,"Arena_L1","RandomSpell",50,,,,"Rare"
,,"Arena_L2","RandomSpell",55,,,,"Rare"
,,"Arena_L5","RandomSpell",60,,,,"Rare"
"BonusRewardDefault6","TID_DAILY_TASK_REWARD_TOOLTIP_1","TrainingCamp","Gold",1000,,,,
,,"Arena3","Gold",1500,,,,
,,"Arena5","Gold",2000,,,,
,,"Arena6","Gold",2500,,,,
,,"Arena8","Gold",3000,,,,
,,"Arena9","Gold",3500,,,,
,,"Arena_L","Gold",4000,,,,
,,"Arena_T","Gold",4500,,,,
,,"Arena13","Gold",5000,,,,
,,"Arena14","Gold",6000,,,,
,,"Arena_L1","Gold",6500,,,,
,,"Arena_L2","Gold",7500,,,,
,,"Arena_L6","Gold",8000,,,,
"BonusRewardDefault7","TID_DAILY_TASK_REWARD_TOOLTIP_1","TrainingCamp","RandomSpell",30,,,,"Common"
,,"Arena3","RandomSpell",40,,,,"Common"
,,"Arena4","RandomSpell",50,,,,"Common"
,,"Arena5","RandomSpell",60,,,,"Common"
,,"Arena6","RandomSpell",70,,,,"Common"
,,"Arena7","RandomSpell",80,,,,"Common"
,,"Arena8","RandomSpell",90,,,,"Common"
,,"Arena9","RandomSpell",100,,,,"Common"
,,"Arena_L","RandomSpell",110,,,,"Common"
,,"Arena_Electric","RandomSpell",130,,,,"Common"
,,"Arena_T","RandomSpell",140,,,,"Common"
,,"Arena13","RandomSpell",160,,,,"Common"
,,"Arena14","RandomSpell",180,,,,"Common"
,,"Arena_L1","RandomSpell",200,,,,"Common"
,,"Arena_L2","RandomSpell",220,,,,"Common"
,,"Arena_L3","RandomSpell",230,,,,"Common"
,,"Arena_L5","RandomSpell",240,,,,"Common"
,,"Arena_L7","RandomSpell",250,,,,"Common"
"BonusRewardDefault8","TID_DAILY_TASK_REWARD_TOOLTIP_1","TrainingCamp","RandomSpell",10,,,,"Rare"
,,"Arena4","RandomSpell",15,,,,"Rare"
,,"Arena6","RandomSpell",3,,,,"Epic"
,,"Arena7","RandomSpell",4,,,,"Epic"
,,"Arena_L","RandomSpell",5,,,,"Epic"
,,"Arena_T","RandomSpell",6,,,,"Epic"
,,"Arena13","RandomSpell",7,,,,"Epic"
,,"Arena14","RandomSpell",8,,,,"Epic"
,,"Arena_L2","RandomSpell",9,,,,"Epic"
,,"Arena_L4","RandomSpell",10,,,,"Epic"
"BonusRewardDefault9","TID_DAILY_TASK_REWARD_TOOLTIP_1","TrainingCamp","Gold",1000,,,,
,,"Arena2","Gold",1500,,,,
,,"Arena4","Gold",2000,,,,
,,"Arena5","Gold",2500,,,,
,,"Arena6","Gold",3000,,,,
,,"Arena7","Gold",3500,,,,
,,"Arena8","Gold",4000,,,,
,,"Arena_L","Gold",4500,,,,
,,"Arena_Electric","Gold",5000,,,,
,,"Arena_T","Gold",5500,,,,
,,"Arena13","Gold",6500,,,,
,,"Arena14","Gold",7500,,,,
,,"Arena_L1","Gold",8000,,,,
,,"Arena_L2","Gold",9000,,,,
,,"Arena_L4","Gold",9500,,,,
,,"Arena_L7","Gold",10000,,,,
"BonusRewardDefault10","TID_DAILY_TASK_REWARD_TOOLTIP_1","TrainingCamp","RandomSpell",10,,,,"Rare"
,,"Arena4","RandomSpell",15,,,,"Rare"
,,"Arena6","RandomSpell",20,,,,"Rare"
,,"Arena8","RandomSpell",25,,,,"Rare"
,,"Arena_L","RandomSpell",30,,,,"Rare"
,,"Arena_T","RandomSpell",35,,,,"Rare"
,,"Arena13","RandomSpell",40,,,,"Rare"
,,"Arena14","RandomSpell",45,,,,"Rare"
,,"Arena_L1","RandomSpell",50,,,,"Rare"
,,"Arena_L2","RandomSpell",55,,,,"Rare"
,,"Arena_L5","RandomSpell",60,,,,"Rare"
"BonusRewardDefault11","TID_DAILY_TASK_REWARD_TOOLTIP_1","TrainingCamp","RandomSpell",30,,,,"Common"
,,"Arena3","RandomSpell",40,,,,"Common"
,,"Arena4","RandomSpell",50,,,,"Common"
,,"Arena5","RandomSpell",60,,,,"Common"
,,"Arena6","RandomSpell",3,,,,"Epic"
,,"Arena7","RandomSpell",4,,,,"Epic"
,,"Arena_L","RandomSpell",5,,,,"Epic"
,,"Arena_Electric","RandomSpell",1,,,,"Legendary"
"BonusRewardDefault12","TID_DAILY_TASK_REWARD_TOOLTIP_1","TrainingCamp","Gold",1000,,,,
,,"Arena3","Gold",1500,,,,
,,"Arena5","Gold",2000,,,,
,,"Arena6","Gold",2500,,,,
,,"Arena8","Gold",3000,,,,
,,"Arena9","Gold",3500,,,,
,,"Arena_L","Gold",4000,,,,
,,"Arena_T","Gold",4500,,,,
,,"Arena13","Gold",5000,,,,
,,"Arena14","Gold",6000,,,,
,,"Arena_L1","Gold",6500,,,,
,,"Arena_L2","Gold",7500,,,,
,,"Arena_L6","Gold",8000,,,,
"BonusRewardDefault13","TID_DAILY_TASK_REWARD_TOOLTIP_1","TrainingCamp","RandomSpell",30,,,,"Common"
,,"Arena3","RandomSpell",40,,,,"Common"
,,"Arena4","RandomSpell",50,,,,"Common"
,,"Arena5","RandomSpell",60,,,,"Common"
,,"Arena6","RandomSpell",70,,,,"Common"
,,"Arena7","RandomSpell",80,,,,"Common"
,,"Arena8","RandomSpell",90,,,,"Common"
,,"Arena9","RandomSpell",100,,,,"Common"
,,"Arena_L","RandomSpell",110,,,,"Common"
,,"Arena_Electric","RandomSpell",130,,,,"Common"
,,"Arena_T","RandomSpell",140,,,,"Common"
,,"Arena13","RandomSpell",160,,,,"Common"
,,"Arena14","RandomSpell",180,,,,"Common"
,,"Arena_L1","RandomSpell",200,,,,"Common"
,,"Arena_L2","RandomSpell",220,,,,"Common"
,,"Arena_L3","RandomSpell",230,,,,"Common"
,,"Arena_L5","RandomSpell",240,,,,"Common"
,,"Arena_L7","RandomSpell",250,,,,"Common"
"BonusRewardDefault14","TID_DAILY_TASK_REWARD_TOOLTIP_1","TrainingCamp","RandomSpell",5,,,,"Rare"
,,"Arena3","RandomSpell",10,,,,"Rare"
,,"Arena6","RandomSpell",15,,,,"Rare"
,,"Arena9","RandomSpell",20,,,,"Rare"
,,"Arena_T","RandomSpell",25,,,,"Rare"
,,"Arena14","RandomSpell",30,,,,"Rare"
,,"Arena_L1","RandomSpell",35,,,,"Rare"
,,"Arena_L2","RandomSpell",40,,,,"Rare"
"BonusRewardDefault15","TID_DAILY_TASK_REWARD_TOOLTIP_1","TrainingCamp","Gold",1000,,,,
,,"Arena4","Gold",1500,,,,
,,"Arena6","Gold",2000,,,,
,,"Arena8","Gold",2500,,,,
,,"Arena_L","Gold",3000,,,,
,,"Arena_T","Gold",3500,,,,
,,"Arena13","Gold",4000,,,,
,,"Arena14","Gold",4500,,,,
,,"Arena_L1","Gold",5000,,,,
,,"Arena_L2","Gold",5500,,,,
,,"Arena_L5","Gold",6000,,,,
"TutorialReward1","TID_DAILY_TASK_REWARD_TOOLTIP_3","TrainingCamp","Chest",1,"TutorialChest_1_1",,,
,,"Arena1","Gold",1000,,,,
,,"Arena4","Gold",1500,,,,
,,"Arena6","Gold",2000,,,,
,,"Arena8","Gold",2500,,,,
,,"Arena_L","Gold",3000,,,,
,,"Arena_T","Gold",3500,,,,
,,"Arena13","Gold",4000,,,,
,,"Arena14","Gold",4500,,,,
,,"Arena_L1","Gold",5000,,,,
,,"Arena_L2","Gold",5500,,,,
,,"Arena_L5","Gold",6000,,,,
"TutorialReward2","TID_DAILY_TASK_REWARD_TOOLTIP_3","TrainingCamp","MysteryBox",1,,"Tutorial2LuckyDrop",,
,,"Arena1","Gold",1000,,,,
,,"Arena4","Gold",1500,,,,
,,"Arena6","Gold",2000,,,,
,,"Arena8","Gold",2500,,,,
,,"Arena_L","Gold",3000,,,,
,,"Arena_T","Gold",3500,,,,
,,"Arena13","Gold",4000,,,,
,,"Arena14","Gold",4500,,,,
,,"Arena_L1","Gold",5000,,,,
,,"Arena_L2","Gold",5500,,,,
,,"Arena_L5","Gold",6000,,,,
"TutorialReward3","TID_DAILY_TASK_REWARD_TOOLTIP_3","TrainingCamp","MysteryBox",1,,"Tutorial3LuckyDrop",,
,,"Arena1","Gold",1000,,,,
,,"Arena4","Gold",1500,,,,
,,"Arena6","Gold",2000,,,,
,,"Arena8","Gold",2500,,,,
,,"Arena_L","Gold",3000,,,,
,,"Arena_T","Gold",3500,,,,
,,"Arena13","Gold",4000,,,,
,,"Arena14","Gold",4500,,,,
,,"Arena_L1","Gold",5000,,,,
,,"Arena_L2","Gold",5500,,,,
,,"Arena_L5","Gold",6000,,,,
"BonusGold1",,"TrainingCamp","Gold",460,,,,
,,"Arena2","Gold",650,,,,
,,"Arena3","Gold",900,,,,
,,"Arena4","Gold",1100,,,,
,,"Arena5","Gold",1400,,,,
,,"Arena6","Gold",1700,,,,
,,"Arena7","Gold",2000,,,,
,,"Arena8","Gold",2300,,,,
,,"Arena9","Gold",2600,,,,
,,"Arena_L","Gold",2900,,,,
,,"Arena_Electric","Gold",3100,,,,
,,"Arena_T","Gold",3400,,,,
,,"Arena13","Gold",4000,,,,
,,"Arena14","Gold",4600,,,,
,,"Arena_L1","Gold",5000,,,,
,,"Arena_L2","Gold",5500,,,,
,,"Arena_L4","Gold",6000,,,,
,,"Arena_L8","Gold",6500,,,,
"BonusGold2",,"TrainingCamp","Gold",320,,,,
,,"Arena2","Gold",480,,,,
,,"Arena3","Gold",600,,,,
,,"Arena4","Gold",800,,,,
,,"Arena5","Gold",1000,,,,
,,"Arena6","Gold",1200,,,,
,,"Arena7","Gold",1400,,,,
,,"Arena8","Gold",1600,,,,
,,"Arena9","Gold",1800,,,,
,,"Arena_L","Gold",2000,,,,
,,"Arena_Electric","Gold",2200,,,,
,,"Arena_T","Gold",2400,,,,
,,"Arena13","Gold",2800,,,,
,,"Arena14","Gold",3200,,,,
,,"Arena_L1","Gold",3600,,,,
,,"Arena_L2","Gold",4000,,,,
,,"Arena_L4","Gold",4100,,,,
,,"Arena_L5","Gold",4200,,,,
,,"Arena_L6","Gold",4300,,,,
,,"Arena_L7","Gold",4400,,,,
,,"Arena_L8","Gold",4500,,,,
,,"Arena_L10","Gold",4600,,,,
"BonusGold3",,"TrainingCamp","Gold",150,,,,
,,"Arena2","Gold",225,,,,
,,"Arena3","Gold",300,,,,
,,"Arena4","Gold",375,,,,
,,"Arena5","Gold",450,,,,
,,"Arena6","Gold",600,,,,
,,"Arena7","Gold",750,,,,
,,"Arena8","Gold",975,,,,
,,"Arena9","Gold",1200,,,,
,,"Arena_Electric","Gold",1500,,,,
,,"Arena13","Gold",1800,,,,
,,"Arena_L2","Gold",2100,,,,
,,"Arena_L5","Gold",2400,,,,
,,"Arena_L8","Gold",2700,,,,
,,"Arena_L11","Gold",3000,,,,
,,"Arena_L14","Gold",3300,,,,
"BonusGold4",,"TrainingCamp","Gold",160,,,,
,,"Arena2","Gold",240,,,,
,,"Arena3","Gold",320,,,,
,,"Arena4","Gold",400,,,,
,,"Arena5","Gold",500,,,,
,,"Arena6","Gold",600,,,,
,,"Arena7","Gold",700,,,,
,,"Arena8","Gold",800,,,,
,,"Arena9","Gold",900,,,,
,,"Arena_L","Gold",1000,,,,
,,"Arena_Electric","Gold",1100,,,,
,,"Arena_T","Gold",1200,,,,
,,"Arena13","Gold",1400,,,,
,,"Arena14","Gold",1600,,,,
,,"Arena_L1","Gold",1800,,,,
,,"Arena_L2","Gold",2000,,,,
,,"Arena_L4","Gold",2100,,,,
,,"Arena_L6","Gold",2200,,,,
,,"Arena_L8","Gold",2300,,,,
"BonusGold5",,"TrainingCamp","Gold",140,,,,
,,"Arena2","Gold",200,,,,
,,"Arena3","Gold",280,,,,
,,"Arena4","Gold",340,,,,
,,"Arena5","Gold",440,,,,
,,"Arena6","Gold",500,,,,
,,"Arena7","Gold",600,,,,
,,"Arena8","Gold",700,,,,
,,"Arena9","Gold",800,,,,
,,"Arena_L","Gold",850,,,,
,,"Arena_Electric","Gold",950,,,,
,,"Arena_T","Gold",1000,,,,
,,"Arena13","Gold",1200,,,,
,,"Arena14","Gold",1400,,,,
,,"Arena_L1","Gold",1600,,,,
,,"Arena_L2","Gold",1700,,,,
,,"Arena_L3","Gold",1800,,,,
,,"Arena_L6","Gold",1900,,,,
,,"Arena_L8","Gold",2000,,,,
"BonusGold6",,"TrainingCamp","Gold",100,,,,
,,"Arena2","Gold",150,,,,
,,"Arena3","Gold",200,,,,
,,"Arena4","Gold",240,,,,
,,"Arena5","Gold",300,,,,
,,"Arena6","Gold",360,,,,
,,"Arena7","Gold",420,,,,
,,"Arena8","Gold",500,,,,
,,"Arena9","Gold",550,,,,
,,"Arena_L","Gold",600,,,,
,,"Arena_Electric","Gold",650,,,,
,,"Arena_T","Gold",750,,,,
,,"Arena13","Gold",850,,,,
,,"Arena14","Gold",1000,,,,
,,"Arena_L1","Gold",1100,,,,
,,"Arena_L2","Gold",1200,,,,
,,"Arena_L4","Gold",1300,,,,
,,"Arena_L8","Gold",1400,,,,
"BonusCardCommon1",,"TrainingCamp","RandomSpell",19,,,,"Common"
,,"Arena2","RandomSpell",22,,,,"Common"
,,"Arena3","RandomSpell",26,,,,"Common"
,,"Arena4","RandomSpell",32,,,,"Common"
,,"Arena5","RandomSpell",36,,,,"Common"
,,"Arena6","RandomSpell",42,,,,"Common"
,,"Arena7","RandomSpell",48,,,,"Common"
,,"Arena8","RandomSpell",50,,,,"Common"
,,"Arena9","RandomSpell",55,,,,"Common"
,,"Arena_L","RandomSpell",60,,,,"Common"
,,"Arena_Electric","RandomSpell",65,,,,"Common"
,,"Arena_T","RandomSpell",75,,,,"Common"
,,"Arena13","RandomSpell",80,,,,"Common"
,,"Arena14","RandomSpell",85,,,,"Common"
,,"Arena_L1","RandomSpell",95,,,,"Common"
,,"Arena_L2","RandomSpell",100,,,,"Common"
,,"Arena_L4","RandomSpell",110,,,,"Common"
,,"Arena_L8","RandomSpell",120,,,,"Common"
"BonusCardCommon2",,"TrainingCamp","RandomSpell",12,,,,"Common"
,,"Arena2","RandomSpell",14,,,,"Common"
,,"Arena3","RandomSpell",16,,,,"Common"
,,"Arena4","RandomSpell",20,,,,"Common"
,,"Arena5","RandomSpell",22,,,,"Common"
,,"Arena6","RandomSpell",26,,,,"Common"
,,"Arena7","RandomSpell",30,,,,"Common"
,,"Arena8","RandomSpell",32,,,,"Common"
,,"Arena9","RandomSpell",36,,,,"Common"
,,"Arena_L","RandomSpell",40,,,,"Common"
,,"Arena_Electric","RandomSpell",42,,,,"Common"
,,"Arena_T","RandomSpell",46,,,,"Common"
,,"Arena13","RandomSpell",50,,,,"Common"
,,"Arena_L1","RandomSpell",60,,,,"Common"
,,"Arena_L2","RandomSpell",65,,,,"Common"
,,"Arena_L5","RandomSpell",70,,,,"Common"
,,"Arena_L8","RandomSpell",75,,,,"Common"
"BonusCardCommon3",,"TrainingCamp","RandomSpell",8,,,,"Common"
,,"Arena2","RandomSpell",9,,,,"Common"
,,"Arena3","RandomSpell",11,,,,"Common"
,,"Arena4","RandomSpell",13,,,,"Common"
,,"Arena5","RandomSpell",15,,,,"Common"
,,"Arena6","RandomSpell",17,,,,"Common"
,,"Arena7","RandomSpell",20,,,,"Common"
,,"Arena8","RandomSpell",22,,,,"Common"
,,"Arena9","RandomSpell",24,,,,"Common"
,,"Arena_L","RandomSpell",26,,,,"Common"
,,"Arena_Electric","RandomSpell",28,,,,"Common"
,,"Arena_T","RandomSpell",30,,,,"Common"
,,"Arena13","RandomSpell",32,,,,"Common"
,,"Arena14","RandomSpell",34,,,,"Common"
,,"Arena_L1","RandomSpell",40,,,,"Common"
,,"Arena_L2","RandomSpell",44,,,,"Common"
,,"Arena_L4","RandomSpell",46,,,,"Common"
,,"Arena_L6","RandomSpell",48,,,,"Common"
,,"Arena_L8","RandomSpell",50,,,,"Common"
"BonusCardCommon4",,"TrainingCamp","RandomSpell",6,,,,"Common"
,,"Arena2","RandomSpell",7,,,,"Common"
,,"Arena3","RandomSpell",8,,,,"Common"
,,"Arena4","RandomSpell",10,,,,"Common"
,,"Arena5","RandomSpell",12,,,,"Common"
,,"Arena6","RandomSpell",14,,,,"Common"
,,"Arena7","RandomSpell",16,,,,"Common"
,,"Arena8","RandomSpell",17,,,,"Common"
,,"Arena9","RandomSpell",19,,,,"Common"
,,"Arena_L","RandomSpell",20,,,,"Common"
,,"Arena_Electric","RandomSpell",22,,,,"Common"
,,"Arena_T","RandomSpell",24,,,,"Common"
,,"Arena13","RandomSpell",26,,,,"Common"
,,"Arena14","RandomSpell",28,,,,"Common"
,,"Arena_L1","RandomSpell",32,,,,"Common"
,,"Arena_L2","RandomSpell",34,,,,"Common"
,,"Arena_L3","RandomSpell",36,,,,"Common"
,,"Arena_L6","RandomSpell",38,,,,"Common"
,,"Arena_L8","RandomSpell",40,,,,"Common"
"BonusCardCommon5",,"TrainingCamp","RandomSpell",4,,,,"Common"
,,"Arena3","RandomSpell",5,,,,"Common"
,,"Arena4","RandomSpell",6,,,,"Common"
,,"Arena5","RandomSpell",7,,,,"Common"
,,"Arena6","RandomSpell",8,,,,"Common"
,,"Arena7","RandomSpell",10,,,,"Common"
,,"Arena8","RandomSpell",11,,,,"Common"
,,"Arena9","RandomSpell",12,,,,"Common"
,,"Arena_L","RandomSpell",13,,,,"Common"
,,"Arena_Electric","RandomSpell",14,,,,"Common"
,,"Arena_T","RandomSpell",15,,,,"Common"
,,"Arena13","RandomSpell",16,,,,"Common"
,,"Arena14","RandomSpell",17,,,,"Common"
,,"Arena_L1","RandomSpell",20,,,,"Common"
,,"Arena_L2","RandomSpell",22,,,,"Common"
,,"Arena_L6","RandomSpell",24,,,,"Common"
"BonusCardCommon6",,"TrainingCamp","RandomSpell",1,,,,"Common"
,,"Arena3","RandomSpell",2,,,,"Common"
,,"Arena5","RandomSpell",3,,,,"Common"
,,"Arena7","RandomSpell",4,,,,"Common"
,,"Arena_L","RandomSpell",5,,,,"Common"
,,"Arena_T","RandomSpell",6,,,,"Common"
,,"Arena14","RandomSpell",7,,,,"Common"
,,"Arena_L1","RandomSpell",8,,,,"Common"
,,"Arena_L3","RandomSpell",9,,,,"Common"
,,"Arena_L8","RandomSpell",10,,,,"Common"
"BonusCardRare1",,"TrainingCamp","RandomSpell",4,,,,"Rare"
,,"Arena2","RandomSpell",5,,,,"Rare"
,,"Arena3","RandomSpell",6,,,,"Rare"
,,"Arena4","RandomSpell",8,,,,"Rare"
,,"Arena5","RandomSpell",9,,,,"Rare"
,,"Arena6","RandomSpell",10,,,,"Rare"
,,"Arena7","RandomSpell",12,,,,"Rare"
,,"Arena8","RandomSpell",13,,,,"Rare"
,,"Arena9","RandomSpell",14,,,,"Rare"
,,"Arena_L","RandomSpell",16,,,,"Rare"
,,"Arena_Electric","RandomSpell",17,,,,"Rare"
,,"Arena_T","RandomSpell",18,,,,"Rare"
,,"Arena13","RandomSpell",20,,,,"Rare"
,,"Arena_L1","RandomSpell",24,,,,"Rare"
,,"Arena_L2","RandomSpell",26,,,,"Rare"
,,"Arena_L5","RandomSpell",28,,,,"Rare"
,,"Arena_L8","RandomSpell",30,,,,"Rare"
"BonusCardRare2",,"TrainingCamp","RandomSpell",3,,,,"Rare"
,,"Arena3","RandomSpell",4,,,,"Rare"
,,"Arena4","RandomSpell",5,,,,"Rare"
,,"Arena5","RandomSpell",6,,,,"Rare"
,,"Arena6","RandomSpell",7,,,,"Rare"
,,"Arena7","RandomSpell",8,,,,"Rare"
,,"Arena9","RandomSpell",9,,,,"Rare"
,,"Arena_L","RandomSpell",10,,,,"Rare"
,,"Arena_Electric","RandomSpell",11,,,,"Rare"
,,"Arena_T","RandomSpell",12,,,,"Rare"
,,"Arena13","RandomSpell",13,,,,"Rare"
,,"Arena14","RandomSpell",14,,,,"Rare"
,,"Arena_L1","RandomSpell",16,,,,"Rare"
,,"Arena_L2","RandomSpell",17,,,,"Rare"
,,"Arena_L3","RandomSpell",18,,,,"Rare"
,,"Arena_L6","RandomSpell",19,,,,"Rare"
,,"Arena_L8","RandomSpell",20,,,,"Rare"
"BonusCardRare3",,"TrainingCamp","RandomSpell",2,,,,"Rare"
,,"Arena3","RandomSpell",3,,,,"Rare"
,,"Arena4","RandomSpell",4,,,,"Rare"
,,"Arena6","RandomSpell",5,,,,"Rare"
,,"Arena7","RandomSpell",6,,,,"Rare"
,,"Arena9","RandomSpell",7,,,,"Rare"
,,"Arena_L","RandomSpell",8,,,,"Rare"
,,"Arena_T","RandomSpell",9,,,,"Rare"
,,"Arena13","RandomSpell",10,,,,"Rare"
,,"Arena_L1","RandomSpell",12,,,,"Rare"
,,"Arena_L2","RandomSpell",13,,,,"Rare"
,,"Arena_L5","RandomSpell",14,,,,"Rare"
,,"Arena_L8","RandomSpell",15,,,,"Rare"
"BonusCardRare4",,"TrainingCamp","RandomSpell",1,,,,"Rare"
,,"Arena3","RandomSpell",2,,,,"Rare"
,,"Arena5","RandomSpell",3,,,,"Rare"
,,"Arena7","RandomSpell",4,,,,"Rare"
,,"Arena_L","RandomSpell",5,,,,"Rare"
,,"Arena_T","RandomSpell",6,,,,"Rare"
,,"Arena14","RandomSpell",7,,,,"Rare"
,,"Arena_L1","RandomSpell",8,,,,"Rare"
,,"Arena_L3","RandomSpell",9,,,,"Rare"
,,"Arena_L8","RandomSpell",10,,,,"Rare"
"BonusCardRare5",,"TrainingCamp","RandomSpell",1,,,,"Rare"
,,"Arena7","RandomSpell",2,,,,"Rare"
,,"Arena_T","RandomSpell",3,,,,"Rare"
,,"Arena_L1","RandomSpell",4,,,,"Rare"
,,"Arena_L8","RandomSpell",5,,,,"Rare"
"BonusCardRare6",,"TrainingCamp","RandomSpell",1,,,,"Rare"
,,"Arena_L","RandomSpell",2,,,,"Rare"
,,"Arena_L1","RandomSpell",3,,,,"Rare"
,,"Arena_L8","RandomSpell",4,,,,"Rare"
"BonusCardEpic1",,"TrainingCamp","RandomSpell",12,,,,"Common"
,,"Arena2","RandomSpell",14,,,,"Common"
,,"Arena3","RandomSpell",16,,,,"Common"
,,"Arena4","RandomSpell",20,,,,"Common"
,,"Arena5","RandomSpell",22,,,,"Common"
,,"Arena6","RandomSpell",2,,,,"Epic"
,,"Arena_L","RandomSpell",3,,,,"Epic"
,,"Arena13","RandomSpell",4,,,,"Epic"
,,"Arena_L2","RandomSpell",5,,,,"Epic"
,,"Arena_L8","RandomSpell",6,,,,"Epic"
"BonusCardEpic2",,"TrainingCamp","RandomSpell",2,,,,"Rare"
,,"Arena3","RandomSpell",3,,,,"Rare"
,,"Arena4","RandomSpell",4,,,,"Rare"
,,"Arena6","RandomSpell",1,,,,"Epic"
,,"Arena_L","RandomSpell",2,,,,"Epic"
,,"Arena_L1","RandomSpell",3,,,,"Epic"
,,"Arena_L8","RandomSpell",4,,,,"Epic"
"BonusGoldN1",,"TrainingCamp","Gold",750,,,,
,,"Arena2","Gold",1100,,,,
,,"Arena3","Gold",1500,,,,
,,"Arena4","Gold",1800,,,,
,,"Arena5","Gold",2300,,,,
,,"Arena6","Gold",2800,,,,
,,"Arena7","Gold",3200,,,,
,,"Arena8","Gold",3700,,,,
,,"Arena9","Gold",4200,,,,
,,"Arena_L","Gold",4600,,,,
,,"Arena_Electric","Gold",5000,,,,
,,"Arena_T","Gold",5500,,,,
,,"Arena13","Gold",6500,,,,
,,"Arena14","Gold",7500,,,,
,,"Arena_L1","Gold",8000,,,,
,,"Arena_L2","Gold",9000,,,,
,,"Arena_L3","Gold",9500,,,,
,,"Arena_L6","Gold",10000,,,,
"BonusCardCommonN1",,"TrainingCamp","RandomSpell",28,,,,"Common"
,,"Arena2","RandomSpell",32,,,,"Common"
,,"Arena3","RandomSpell",40,,,,"Common"
,,"Arena4","RandomSpell",48,,,,"Common"
,,"Arena5","RandomSpell",55,,,,"Common"
,,"Arena6","RandomSpell",60,,,,"Common"
,,"Arena7","RandomSpell",70,,,,"Common"
,,"Arena8","RandomSpell",80,,,,"Common"
,,"Arena9","RandomSpell",85,,,,"Common"
,,"Arena_L","RandomSpell",95,,,,"Common"
,,"Arena_Electric","RandomSpell",100,,,,"Common"
,,"Arena_T","RandomSpell",110,,,,"Common"
,,"Arena13","RandomSpell",120,,,,"Common"
,,"Arena_L1","RandomSpell",140,,,,"Common"
,,"Arena_L2","RandomSpell",160,,,,"Common"
,,"Arena_L5","RandomSpell",170,,,,"Common"
,,"Arena_L8","RandomSpell",180,,,,"Common"
"BonusCardRareN1",,"TrainingCamp","RandomSpell",7,,,,"Rare"
,,"Arena2","RandomSpell",8,,,,"Rare"
,,"Arena3","RandomSpell",10,,,,"Rare"
,,"Arena4","RandomSpell",12,,,,"Rare"
,,"Arena5","RandomSpell",14,,,,"Rare"
,,"Arena6","RandomSpell",16,,,,"Rare"
,,"Arena7","RandomSpell",18,,,,"Rare"
,,"Arena8","RandomSpell",20,,,,"Rare"
,,"Arena9","RandomSpell",22,,,,"Rare"
,,"Arena_L","RandomSpell",24,,,,"Rare"
,,"Arena_Electric","RandomSpell",26,,,,"Rare"
,,"Arena_T","RandomSpell",28,,,,"Rare"
,,"Arena13","RandomSpell",30,,,,"Rare"
,,"Arena14","RandomSpell",32,,,,"Rare"
,,"Arena_L1","RandomSpell",36,,,,"Rare"
,,"Arena_L2","RandomSpell",40,,,,"Rare"
,,"Arena_L5","RandomSpell",42,,,,"Rare"
,,"Arena_L7","RandomSpell",44,,,,"Rare"
,,"Arena_L10","RandomSpell",46,,,,"Rare"
"BonusCardEpicN1",,"TrainingCamp","RandomSpell",28,,,,"Common"
,,"Arena2","RandomSpell",32,,,,"Common"
,,"Arena3","RandomSpell",40,,,,"Common"
,,"Arena4","RandomSpell",48,,,,"Common"
,,"Arena5","RandomSpell",55,,,,"Common"
,,"Arena6","RandomSpell",3,,,,"Epic"
,,"Arena7","RandomSpell",4,,,,"Epic"
,,"Arena_L","RandomSpell",5,,,,"Epic"
,,"Arena_T","RandomSpell",6,,,,"Epic"
,,"Arena14","RandomSpell",7,,,,"Epic"
,,"Arena_L1","RandomSpell",8,,,,"Epic"
,,"Arena_L3","RandomSpell",9,,,,"Epic"
,,"Arena_L8","RandomSpell",10,,,,"Epic"
"DailyReward4SilverChest","TID_DAILY_TASK_REWARD_TOOLTIP_1","TrainingCamp","Gold",10000,,,,
,,"Arena1","Chest",1,"Silver_Arena1",,,
,,"Arena2","Chest",1,"Silver_Arena2",,,
,,"Arena3","Chest",1,"Silver_Arena3",,,
,,"Arena4","Chest",1,"Silver_Arena4",,,
,,"Arena5","Chest",1,"Silver_Arena5",,,
,,"Arena6","Chest",1,"Silver_Arena6",,,
,,"Arena7","Chest",1,"Silver_Arena7",,,
,,"Arena8","Chest",1,"Silver_Arena8",,,
,,"Arena9","Chest",1,"Silver_Arena9",,,
,,"Arena_L","Chest",1,"Silver_Arena_L",,,
,,"Arena_Electric","Chest",1,"Silver_Arena_Electric",,,
,,"Arena_T","Chest",1,"Silver_Arena_T",,,
,,"Arena13","Chest",1,"Silver_Arena13",,,
,,"Arena14","Chest",1,"Silver_Arena14",,,
,,"Arena_L1","Chest",1,"Silver_Arena_L1",,,
,,"Arena_L2","Chest",1,"Silver_Arena_L2",,,
,,"Arena_L3","Chest",1,"Silver_Arena_L3",,,
,,"Arena_L4","Chest",1,"Silver_Arena_L4",,,
,,"Arena_L5","Chest",1,"Silver_Arena_L5",,,
,,"Arena_L6","Chest",1,"Silver_Arena_L6",,,
,,"Arena_L7","Chest",1,"Silver_Arena_L7",,,
,,"Arena_L8","Chest",1,"Silver_Arena_L8",,,
,,"Arena_L9","Chest",1,"Silver_Arena_L9",,,
,,"Arena_L10","Chest",1,"Silver_Arena_L10",,,
,,"Arena_L11","Chest",1,"Silver_Arena_L11",,,
,,"Arena_L12","Chest",1,"Silver_Arena_L12",,,
,,"Arena_L13","Chest",1,"Silver_Arena_L13",,,
,,"Arena_L14","Chest",1,"Silver_Arena_L14",,,
,,"Arena_L15","Chest",1,"Silver_Arena_L15",,,
,,"Arena_L16","Chest",1,"Silver_Arena_L16",,,
,,"Arena_L17","Chest",1,"Silver_Arena_L17",,,
,,"Arena_L18","Chest",1,"Silver_Arena_L18",,,
"DailyReward5SilverChest","TID_DAILY_TASK_REWARD_TOOLTIP_1","TrainingCamp","Gold",10000,,,,
,,"Arena1","Chest",1,"Silver_Arena1",,,
,,"Arena2","Chest",1,"Silver_Arena2",,,
,,"Arena3","Chest",1,"Silver_Arena3",,,
,,"Arena4","Chest",1,"Silver_Arena4",,,
,,"Arena5","Chest",1,"Silver_Arena5",,,
,,"Arena6","Chest",1,"Silver_Arena6",,,
,,"Arena7","Chest",1,"Silver_Arena7",,,
,,"Arena8","Chest",1,"Silver_Arena8",,,
,,"Arena9","Chest",1,"Silver_Arena9",,,
,,"Arena_L","Chest",1,"Silver_Arena_L",,,
,,"Arena_Electric","Chest",1,"Silver_Arena_Electric",,,
,,"Arena_T","Chest",1,"Silver_Arena_T",,,
,,"Arena13","Chest",1,"Silver_Arena13",,,
,,"Arena14","Chest",1,"Silver_Arena14",,,
,,"Arena_L1","Chest",1,"Silver_Arena_L1",,,
,,"Arena_L2","Chest",1,"Silver_Arena_L2",,,
,,"Arena_L3","Chest",1,"Silver_Arena_L3",,,
,,"Arena_L4","Chest",1,"Silver_Arena_L4",,,
,,"Arena_L5","Chest",1,"Silver_Arena_L5",,,
,,"Arena_L6","Chest",1,"Silver_Arena_L6",,,
,,"Arena_L7","Chest",1,"Silver_Arena_L7",,,
,,"Arena_L8","Chest",1,"Silver_Arena_L8",,,
,,"Arena_L9","Chest",1,"Silver_Arena_L9",,,
,,"Arena_L10","Chest",1,"Silver_Arena_L10",,,
,,"Arena_L11","Chest",1,"Silver_Arena_L11",,,
,,"Arena_L12","Chest",1,"Silver_Arena_L12",,,
,,"Arena_L13","Chest",1,"Silver_Arena_L13",,,
,,"Arena_L14","Chest",1,"Silver_Arena_L14",,,
,,"Arena_L15","Chest",1,"Silver_Arena_L15",,,
,,"Arena_L16","Chest",1,"Silver_Arena_L16",,,
,,"Arena_L17","Chest",1,"Silver_Arena_L17",,,
,,"Arena_L18","Chest",1,"Silver_Arena_L18",,,
"DailyReward6SilverChest","TID_DAILY_TASK_REWARD_TOOLTIP_1","TrainingCamp","Gold",10000,,,,
,,"Arena1","Chest",1,"Silver_Arena1",,,
,,"Arena2","Chest",1,"Silver_Arena2",,,
,,"Arena3","Chest",1,"Silver_Arena3",,,
,,"Arena4","Chest",1,"Silver_Arena4",,,
,,"Arena5","Chest",1,"Silver_Arena5",,,
,,"Arena6","Chest",1,"Silver_Arena6",,,
,,"Arena7","Chest",1,"Silver_Arena7",,,
,,"Arena8","Chest",1,"Silver_Arena8",,,
,,"Arena9","Chest",1,"Silver_Arena9",,,
,,"Arena_L","Chest",1,"Silver_Arena_L",,,
,,"Arena_Electric","Chest",1,"Silver_Arena_Electric",,,
,,"Arena_T","Chest",1,"Silver_Arena_T",,,
,,"Arena13","Chest",1,"Silver_Arena13",,,
,,"Arena14","Chest",1,"Silver_Arena14",,,
,,"Arena_L1","Chest",1,"Silver_Arena_L1",,,
,,"Arena_L2","Chest",1,"Silver_Arena_L2",,,
,,"Arena_L3","Chest",1,"Silver_Arena_L3",,,
,,"Arena_L4","Chest",1,"Silver_Arena_L4",,,
,,"Arena_L5","Chest",1,"Silver_Arena_L5",,,
,,"Arena_L6","Chest",1,"Silver_Arena_L6",,,
,,"Arena_L7","Chest",1,"Silver_Arena_L7",,,
,,"Arena_L8","Chest",1,"Silver_Arena_L8",,,
,,"Arena_L9","Chest",1,"Silver_Arena_L9",,,
,,"Arena_L10","Chest",1,"Silver_Arena_L10",,,
,,"Arena_L11","Chest",1,"Silver_Arena_L11",,,
,,"Arena_L12","Chest",1,"Silver_Arena_L12",,,
,,"Arena_L13","Chest",1,"Silver_Arena_L13",,,
,,"Arena_L14","Chest",1,"Silver_Arena_L14",,,
,,"Arena_L15","Chest",1,"Silver_Arena_L15",,,
,,"Arena_L16","Chest",1,"Silver_Arena_L16",,,
,,"Arena_L17","Chest",1,"Silver_Arena_L17",,,
,,"Arena_L18","Chest",1,"Silver_Arena_L18",,,
"DailyReward3SilverChest","TID_DAILY_TASK_REWARD_TOOLTIP_1","TrainingCamp","Gold",10000,,,,
,,"Arena1","Chest",1,"Silver_Arena1",,,
,,"Arena2","Chest",1,"Silver_Arena2",,,
,,"Arena3","Chest",1,"Silver_Arena3",,,
,,"Arena4","Chest",1,"Silver_Arena4",,,
,,"Arena5","Chest",1,"Silver_Arena5",,,
,,"Arena6","Chest",1,"Silver_Arena6",,,
,,"Arena7","Chest",1,"Silver_Arena7",,,
,,"Arena8","Chest",1,"Silver_Arena8",,,
,,"Arena9","Chest",1,"Silver_Arena9",,,
,,"Arena_L","Chest",1,"Silver_Arena_L",,,
,,"Arena_Electric","Chest",1,"Silver_Arena_Electric",,,
,,"Arena_T","Chest",1,"Silver_Arena_T",,,
,,"Arena13","Chest",1,"Silver_Arena13",,,
,,"Arena14","Chest",1,"Silver_Arena14",,,
,,"Arena_L1","Chest",1,"Silver_Arena_L1",,,
,,"Arena_L2","Chest",1,"Silver_Arena_L2",,,
,,"Arena_L3","Chest",1,"Silver_Arena_L3",,,
,,"Arena_L4","Chest",1,"Silver_Arena_L4",,,
,,"Arena_L5","Chest",1,"Silver_Arena_L5",,,
,,"Arena_L6","Chest",1,"Silver_Arena_L6",,,
,,"Arena_L7","Chest",1,"Silver_Arena_L7",,,
,,"Arena_L8","Chest",1,"Silver_Arena_L8",,,
,,"Arena_L9","Chest",1,"Silver_Arena_L9",,,
,,"Arena_L10","Chest",1,"Silver_Arena_L10",,,
,,"Arena_L11","Chest",1,"Silver_Arena_L11",,,
,,"Arena_L12","Chest",1,"Silver_Arena_L12",,,
,,"Arena_L13","Chest",1,"Silver_Arena_L13",,,
,,"Arena_L14","Chest",1,"Silver_Arena_L14",,,
,,"Arena_L15","Chest",1,"Silver_Arena_L15",,,
,,"Arena_L16","Chest",1,"Silver_Arena_L16",,,
,,"Arena_L17","Chest",1,"Silver_Arena_L17",,,
,,"Arena_L18","Chest",1,"Silver_Arena_L18",,,
"DailyReward2GoldChest","TID_DAILY_TASK_REWARD_TOOLTIP_1","TrainingCamp","Gold",10000,,,,
,,"Arena1","Chest",1,"Gold_Arena1",,,
,,"Arena2","Chest",1,"Gold_Arena2",,,
,,"Arena3","Chest",1,"Gold_Arena3",,,
,,"Arena4","Chest",1,"Gold_Arena4",,,
,,"Arena5","Chest",1,"Gold_Arena5",,,
,,"Arena6","Chest",1,"Gold_Arena6",,,
,,"Arena7","Chest",1,"Gold_Arena7",,,
,,"Arena8","Chest",1,"Gold_Arena8",,,
,,"Arena9","Chest",1,"Gold_Arena9",,,
,,"Arena_L","Chest",1,"Gold_Arena_L",,,
,,"Arena_Electric","Chest",1,"Gold_Arena_Electric",,,
,,"Arena_T","Chest",1,"Gold_Arena_T",,,
,,"Arena13","Chest",1,"Gold_Arena13",,,
,,"Arena14","Chest",1,"Gold_Arena14",,,
,,"Arena_L1","Chest",1,"Gold_Arena_L1",,,
,,"Arena_L2","Chest",1,"Gold_Arena_L2",,,
,,"Arena_L3","Chest",1,"Gold_Arena_L3",,,
,,"Arena_L4","Chest",1,"Gold_Arena_L4",,,
,,"Arena_L5","Chest",1,"Gold_Arena_L5",,,
,,"Arena_L6","Chest",1,"Gold_Arena_L6",,,
,,"Arena_L7","Chest",1,"Gold_Arena_L7",,,
,,"Arena_L8","Chest",1,"Gold_Arena_L8",,,
,,"Arena_L9","Chest",1,"Gold_Arena_L9",,,
,,"Arena_L10","Chest",1,"Gold_Arena_L10",,,
,,"Arena_L11","Chest",1,"Gold_Arena_L11",,,
,,"Arena_L12","Chest",1,"Gold_Arena_L12",,,
,,"Arena_L13","Chest",1,"Gold_Arena_L13",,,
,,"Arena_L14","Chest",1,"Gold_Arena_L14",,,
,,"Arena_L15","Chest",1,"Gold_Arena_L15",,,
,,"Arena_L16","Chest",1,"Gold_Arena_L16",,,
,,"Arena_L17","Chest",1,"Gold_Arena_L17",,,
,,"Arena_L18","Chest",1,"Gold_Arena_L18",,,
"DailyReward1LightningChest","TID_DAILY_TASK_REWARD_TOOLTIP_1","TrainingCamp","Gold",10000,,,,
,,"Arena1","Chest",1,"Shop_Small_1_Arena1",,,
,,"Arena2","Chest",1,"Shop_Small_1_Arena2",,,
,,"Arena3","Chest",1,"Shop_Small_1_Arena3",,,
,,"Arena4","Chest",1,"Shop_Small_1_Arena4",,,
,,"Arena5","Chest",1,"Shop_Small_1_Arena5",,,
,,"Arena6","Chest",1,"Shop_Small_1_Arena6",,,
,,"Arena7","Chest",1,"Shop_Small_1_Arena7",,,
,,"Arena8","Chest",1,"Shop_Small_1_Arena8",,,
,,"Arena9","Chest",1,"Shop_Small_1_Arena9",,,
,,"Arena_L","Chest",1,"Shop_Small_1_Arena_L",,,
,,"Arena_Electric","Chest",1,"Shop_Small_1_Arena_Electric",,,
,,"Arena_T","Chest",1,"Shop_Small_1_Arena_T",,,
,,"Arena13","Chest",1,"Shop_Small_1_Arena13",,,
,,"Arena14","Chest",1,"Shop_Small_1_Arena14",,,
,,"Arena_L1","Chest",1,"Shop_Small_1_Arena_L1",,,
,,"Arena_L2","Chest",1,"Shop_Small_1_Arena_L2",,,
,,"Arena_L3","Chest",1,"Shop_Small_1_Arena_L3",,,
,,"Arena_L4","Chest",1,"Shop_Small_1_Arena_L4",,,
,,"Arena_L5","Chest",1,"Shop_Small_1_Arena_L5",,,
,,"Arena_L6","Chest",1,"Shop_Small_1_Arena_L6",,,
,,"Arena_L7","Chest",1,"Shop_Small_1_Arena_L7",,,
,,"Arena_L8","Chest",1,"Shop_Small_1_Arena_L8",,,
,,"Arena_L9","Chest",1,"Shop_Small_1_Arena_L9",,,
,,"Arena_L10","Chest",1,"Shop_Small_1_Arena_L10",,,
,,"Arena_L11","Chest",1,"Shop_Small_1_Arena_L11",,,
,,"Arena_L12","Chest",1,"Shop_Small_1_Arena_L12",,,
,,"Arena_L13","Chest",1,"Shop_Small_1_Arena_L13",,,
,,"Arena_L14","Chest",1,"Shop_Small_1_Arena_L14",,,
,,"Arena_L15","Chest",1,"Shop_Small_1_Arena_L15",,,
,,"Arena_L16","Chest",1,"Shop_Small_1_Arena_L16",,,
,,"Arena_L17","Chest",1,"Shop_Small_1_Arena_L17",,,
,,"Arena_L18","Chest",1,"Shop_Small_1_Arena_L18",,,
"DailyReward4in6wins","TID_DAILY_TASK_REWARD_TOOLTIP_1","TrainingCamp","Gold",10000,,,,
,,"Arena1","MysteryBox",1,,"Basic_Lucky_Chest",,
"DailyReward5in6wins","TID_DAILY_TASK_REWARD_TOOLTIP_1","TrainingCamp","Gold",10000,,,,
,,"Arena1","MysteryBox",1,,"Basic_Lucky_Chest",,
"DailyReward6in6wins","TID_DAILY_TASK_REWARD_TOOLTIP_1","TrainingCamp","Gold",10000,,,,
,,"Arena1","MysteryBox",1,,"Basic_Lucky_Chest",,
"1StarLuckyChest","TID_DAILY_TASK_REWARD_TOOLTIP_2","TrainingCamp","Gold",10000,,,,
,,"Arena1","MysteryBox",1,,"LowArenaCommonLuckyDropCard",,
,,"Arena3","MysteryBox",1,,"LowArenaCommonLuckyDrop",,
,,"Arena5","MysteryBox",1,,"CommonLuckyDrop",,
"2StarLuckyChest","TID_DAILY_TASK_REWARD_TOOLTIP_1","TrainingCamp","Gold",10000,,,,
,,"Arena1","MysteryBox",1,,"LowArenaRareLuckyDropGold",,
,,"Arena3","MysteryBox",1,,"LowArenaRareLuckyDrop",,
,,"Arena5","MysteryBox",1,,"RareLuckyDrop",,
"3StarLuckyChest","TID_DAILY_TASK_REWARD_TOOLTIP_1","TrainingCamp","Gold",10000,,,,
,,"Arena1","MysteryBox",1,,"EpicLuckyDrop",,
"2026JulyDailyReward1","TID_DAILY_TASK_REWARD_TOOLTIP_1","TrainingCamp","Gold",10000,,,,
,,"Arena1","MysteryBox",1,,"LowArenaRareLuckyDropGold",,
,,"Arena3","MysteryBox",1,,"LowArenaRareLuckyDrop",,
,,"Arena5","MysteryBox",1,,"RareChoiceChest",,
