"Name","RequiredSets","OptionalSets","UseAllRequired"
"String","String","String","Boolean"
"Draft_old","Draft_AllRandom","Draft_TankUnit",
,"Draft_DamageSpell","Draft_3costUnit",
,"Draft_AntiAir","Draft_4costUnit",
,"Draft_AntiAir2","Draft_5costUnit",
,"Draft_MainAttack","Draft_Aggressive",
,,"Draft_Buildings",
,,"Draft_CheapDudes",
,,"Draft_CoolStuff",
,,"Draft_Legendary",
,,"Draft_CheapCards",
"TEST_Draft_balance_test","TEST_Draft_All_live_cards","Draft_TankUnit",
,"Draft_DamageSpell","Draft_3costUnit",
,"Draft_AntiAir","Draft_4costUnit",
,"Draft_AntiAir2","Draft_5costUnit",
,"Draft_MainAttack","Draft_Aggressive",
,,"Draft_Buildings",
,,"Draft_CheapDudes",
,,"Draft_CoolStuff",
,,"Draft_Legendary",
,,"Draft_CheapCards",
"TEST_Draft_new_cards_test","TEST_Draft_New_cards","Draft_TankUnit",
,"Draft_DamageSpell","Draft_3costUnit",
,"Draft_AntiAir","Draft_4costUnit",
,"Draft_AntiAir2","Draft_5costUnit",
,"Draft_MainAttack","Draft_Aggressive",
,,"Draft_Buildings",
,,"Draft_CheapDudes",
,,"Draft_CoolStuff",
,,"Draft_Legendary",
,,"Draft_CheapCards",
"TEST_Draft_new_cards_daily_test","TEST_Draft_New_cards_daily","Draft_TankUnit",
,"Draft_DamageSpell","Draft_3costUnit",
,"Draft_AntiAir","Draft_4costUnit",
,"Draft_AntiAir2","Draft_5costUnit",
,"Draft_MainAttack","Draft_Aggressive",
,,"Draft_Buildings",
,,"Draft_CheapDudes",
,,"Draft_CoolStuff",
,,"Draft_Legendary",
,,"Draft_CheapCards",
"Draft_Touchdown_v1","Draft_TD_FastRunners","Draft_TD_Buildings",
,"Draft_TD_BigRunners","Draft_TD_DamageSpells",
,"Draft_TD_AntiAir","Draft_TD_AntiAir",
,"Draft_TD_Melee","Draft_TD_CheapDudes",
,"Draft_TD_Buildings","Draft_TD_Champions",
,"Draft_TD_DamageSpells",,
"Draft_H_v1","Draft_H_any",,
,"Draft_H_any",,
,"Draft_H_any",,
,"Draft_H_any",,
,"Draft_H_any",,
,"Draft_H_any",,
,"Draft_H_any",,
,"Draft_H_any",,
"Draft_v1_dec_card_release","Draft_DecNewCards","Draft_TankUnit",
,"Draft_AllRandom","Draft_3costUnit",
,"Draft_DamageSpell","Draft_4costUnit",
,"Draft_AntiAir","Draft_5costUnit",
,"Draft_AntiAir2","Draft_Aggressive",
,"Draft_MainAttack","Draft_Buildings",
,,"Draft_CheapDudes",
,,"Draft_CoolStuff",
,,"Draft_Legendary",
,,"Draft_CheapCards",
"Draft_v1","Draft_RH_TankUnit","Draft_RH_Investment",
,"Draft_RH_AntiAir","Draft_RH_Punish",
,"Draft_RH_Distractions","Draft_RH_HitTower",
,"Draft_RH_DirectDamage","Draft_RH_VersatileLegs",
,"Draft_RH_WinCons","Draft_RH_TankSupport",
,,"Draft_RH_AntiTank",
,,"Draft_RH_2ndSpell",
,,"Draft_RH_Splash",
,,"Draft_RH_MiniTank",
,,"Draft_RH_Basic3s",
,,"Draft_RH_CycleUnder3",
,,"Draft_RH_CheapAntiAir",
"Draft_SnowHogs","Draft_RH_TankUnit","Draft_RH_Investment",
,"Draft_RH_AntiAir","Draft_RH_HitTower",
,"Draft_RH_CycleUnder3","Draft_RH_CombatTricks",
,"Draft_RH_DirectDamage","Draft_RH_VersatileLegs",
,"Draft_RH_Punish","Draft_RH_TankSupport",
,,"Draft_RH_AntiTank",
,,"Draft_RH_Distractions",
,,"Draft_RH_Splash",
,,"Draft_RH_MiniTank",
,,"Draft_RH_WinCons",
,,"Draft_RH_Basic3s",
,,"Draft_RH_2ndSpell",
"Draft_Level5to8","Draft_58_Tank",,
,"Draft_58_Spell",,
,"Draft_58_AntiAir",,
,"Draft_58_Distractions",,
,"Draft_58_AntiTank",,
,"Draft_58_Buildings",,
,"Draft_58_WinCons",,
,"Draft_58_Splash",,
"Draft_NewCardsTest","Draft_TEST_TankUnit","Draft_TEST_Investment",
,"Draft_TEST_AntiAir","Draft_TEST_Punish",
,"Draft_TEST_Distractions","Draft_TEST_HitTower",
,"Draft_TEST_DirectDamage","Draft_TEST_CombatTricks",
,"Draft_TEST_WinCons","Draft_TEST_VersatileLegs",
,,"Draft_TEST_TankSupport",
,,"Draft_TEST_AntiTank",
,,"Draft_TEST_2ndSpell",
,,"Draft_TEST_Splash",
,,"Draft_TEST_MiniTank",
,,"Draft_TEST_Basic3s",
,,"Draft_TEST_CycleUnder3",
,,"Draft_TEST_CheapAntiAir",
"Draft_Promo","Draft_RH_TankUnit","Draft_RH_Punish",
,"Draft_Promo","Draft_Promo_HitTower",
,"Draft_RH_Distractions","Draft_RH_CombatTricks",
,"Draft_RH_DirectDamage","Draft_Promo_VersatileLegs",
,"Draft_RH_WinCons","Draft_Promo_TankSupport",
,,"Draft_Promo_AntiTank",
,,"Draft_RH_2ndSpell",
,,"Draft_Promo_Splash",
,,"Draft_RH_MiniTank",
,,"Draft_RH_Basic3s",
,,"Draft_RH_CycleUnder3",
,,"Draft_Promo_CheapAntiAir",
"Draft_2017","Draft_2017_TankUnit","Draft_2017_Investment",
,"Draft_2017_AntiAir","Draft_2017_Punish",
,"Draft_2017_Distractions","Draft_2017_VersatileLegs",
,"Draft_2017_DirectDamage","Draft_2017_TankSupport",
,"Draft_2017_AntiTank","Draft_2017_2ndSpell",
,"Draft_2017_WinCons","Draft_2017_Splash",
,,"Draft_2017_MiniTank",
,,"Draft_2017_Basic3s",
,,"Draft_2017_CycleUnder3",
,,"Draft_2017_CheapAntiAir",
"Draft_TestSpellSupport",,,
"Draft_Competitive","Draft_Comp_WinCon","Draft_Comp_TankSupport",
,"Draft_Comp_SmallSpell","Draft_Comp_AntiTank",
,"Draft_Comp_BigSpell","Draft_Comp_MiniTank",
,"Draft_Comp_AntiAir","Draft_Comp_Distractions",
,"Draft_Comp_CheapAntiAir",,
"Build_A_Deck","BAD_WinCon","Draft_AllRandom",
,"BAD_AntiTank",,
,"BAD_AntiAir",,
,"BAD_MiniTank",,
,"BAD_Distraction",,
,"BAD_SmallSpell",,
,"BAD_BigSpell",,
"Build_A_Defense","BoatDefense_Attackers",,
,"BoatDefense_Defenders",,
,"BoatDefense_Spells",,
,"BoatDefense_Range",,
"Draft_ValentinesDay","Draft_RH_Valentines_TankUnit","Draft_RH_Valentines_Investment",
,"Draft_RH_Valentines_AntiAir","Draft_RH_Valentines_Punish",
,"Draft_RH_Valentines_Distractions","Draft_RH_Valentines_HitTower",
,"Draft_RH_Valentines_DirectDamage","Draft_RH_Valentines_VersatileLegs",
,"Draft_RH_Valentines_WinCons","Draft_RH_Valentines_TankSupport",
,"Draft_RH_Valentines_MagicArcher_and_Princess","Draft_RH_Valentines_AntiTank",
,,"Draft_RH_Valentines_2ndSpell",
,,"Draft_RH_Valentines_Splash",
,,"Draft_RH_Valentines_MiniTank",
,,"Draft_RH_Valentines_Basic3s",
,,"Draft_RH_Valentines_CycleUnder3",
,,"Draft_RH_Valentines_CheapAntiAir",
,,"Draft_RH_Valentines_Champions",
"Draft_v1_Champions","Draft_RH_TankUnit","Draft_RH_Investment",
,"Draft_RH_AntiAir","Draft_RH_Punish",
,"Draft_RH_Distractions","Draft_RH_HitTower",
,"Draft_RH_DirectDamage","Draft_RH_VersatileLegs",
,"Draft_RH_WinCons","Draft_RH_TankSupport",
,,"Draft_RH_AntiTank",
,,"Draft_RH_2ndSpell",
,,"Draft_RH_Splash",
,,"Draft_RH_MiniTank",
,,"Draft_RH_Basic3s",
,,"Draft_RH_CycleUnder3",
,,"Draft_RH_CheapAntiAir",
,,"Draft_RH_Champions",
"Draft_WhichWitch","Draft_RH_WhichWitch_TankUnit","Draft_RH_WhichWitch_Investment",
,"Draft_RH_WhichWitch_AntiAir","Draft_RH_WhichWitch_Punish",
,"Draft_RH_WhichWitch_Distractions","Draft_RH_WhichWitch_HitTower",
,"Draft_RH_WhichWitch_DirectDamage","Draft_RH_WhichWitch_VersatileLegs",
,"Draft_RH_WhichWitch_WinCons","Draft_RH_WhichWitch_TankSupport",
,"Draft_RH_WhichWitch_Witch_NightWitch","Draft_RH_WhichWitch_AntiTank",
,,"Draft_RH_WhichWitch_2ndSpell",
,,"Draft_RH_WhichWitch_Splash",
,,"Draft_RH_WhichWitch_MiniTank",
,,"Draft_RH_WhichWitch_Basic3s",
,,"Draft_RH_WhichWitch_CycleUnder3",
,,"Draft_RH_WhichWitch_CheapAntiAir",
,,"Draft_RH_Champions",
"Draft_Goblins_vs_Skeletons","Draft_GvsS_BigSpell","Draft_GvsS_Goblins_Skeletons",
,"Draft_GvsS_SmallSpell","Draft_GvsS_GoblinHut_Tombstone",
,"Draft_GvsS_GoblinGiant_GiantSkeleton","Draft_GvsS_GoblinGang_SkeletonArmy",
,"Draft_GvsS_GoblinDrill_SkeletonBalloon","Draft_GvsS_SpearGoblins_Bomber",
,"Draft_GvsS_GoblinBarrel_Graveyard","Draft_GvsS_DartGoblin_SkeletonDragons",
,,"Draft_GvsS_DartGoblin_BattleTricks",
"Draft_Competitive_SuperCards","Draft_Comp_SuperCards","Draft_Comp_TankSupport",
,"Draft_Comp_WinCon","Draft_Comp_AntiTank",
,"Draft_Comp_SmallSpell","Draft_Comp_MiniTank",
,"Draft_Comp_BigSpell","Draft_Comp_Distractions",
,"Draft_Comp_AntiAir",,
,"Draft_Comp_CheapAntiAir",,
"Draft_V2_EVO","Draft_V2_EVO","Draft_V2_Investment",
,"Draft_V2_TankUnit","Draft_V2_Punish",
,"Draft_V2_AntiAir","Draft_V2_HitTower",
,"Draft_V2_Distractions","Draft_V2_VersatileLegs",
,"Draft_V2_DirectDamage","Draft_V2_TankSupport",
,"Draft_V2_WinCons","Draft_V2_AntiTank",
,,"Draft_V2_2ndSpell",
,,"Draft_V2_Splash",
,,"Draft_V2_MiniTank",
,,"Draft_V2_Basic3s",
,,"Draft_V2_CycleUnder3",
,,"Draft_V2_CheapAntiAir",
"Draft_Competitive_Champions","Draft_Comp_Champions","Draft_Comp_TankSupport",
,"Draft_Comp_WinCon","Draft_Comp_AntiTank",
,"Draft_Comp_SmallSpell","Draft_Comp_MiniTank",
,"Draft_Comp_BigSpell","Draft_Comp_Distractions",
,"Draft_Comp_AntiAir",,
,"Draft_Comp_CheapAntiAir",,
"Draft_V2_EVO_Cannoneer","Draft_V2_EVO_Cannoneer","Draft_V2_Investment",
,"Draft_V2_TankUnit","Draft_V2_Punish",
,"Draft_V2_AntiAir","Draft_V2_HitTower",
,"Draft_V2_Distractions","Draft_V2_VersatileLegs",
,"Draft_V2_DirectDamage","Draft_V2_TankSupport",
,"Draft_V2_WinCons","Draft_V2_AntiTank",
,,"Draft_V2_2ndSpell",
,,"Draft_V2_Splash",
,,"Draft_V2_MiniTank",
,,"Draft_V2_Basic3s",
,,"Draft_V2_CycleUnder3",
,,"Draft_V2_CheapAntiAir",
"Draft_V2_BomberWallbreaker","Draft_V2_BomberWallbreaker","Draft_V2_Investment",
,"Draft_V2_TankUnit","Draft_V2_Punish",
,"Draft_V2_AntiAir","Draft_V2_HitTower",
,"Draft_V2_Distractions","Draft_V2_VersatileLegs",
,"Draft_V2_DirectDamage","Draft_V2_TankSupport",
,"Draft_V2_WinCons","Draft_V2_AntiTank",
,,"Draft_V2_2ndSpell",
,,"Draft_V2_Splash",
,,"Draft_V2_MiniTank",
,,"Draft_V2_Basic3s",
,,"Draft_V2_CycleUnder3",
,,"Draft_V2_CheapAntiAir",
"Draft_V2_EVO_DaggerDuchess","Draft_V2_EVO_DaggerDuchess","Draft_V2_Investment",
,"Draft_V2_TankUnit","Draft_V2_Punish",
,"Draft_V2_AntiAir","Draft_V2_HitTower",
,"Draft_V2_Distractions","Draft_V2_VersatileLegs",
,"Draft_V2_DirectDamage","Draft_V2_TankSupport",
,"Draft_V2_WinCons","Draft_V2_AntiTank",
,,"Draft_V2_2ndSpell",
,,"Draft_V2_Splash",
,,"Draft_V2_MiniTank",
,,"Draft_V2_Basic3s",
,,"Draft_V2_CycleUnder3",
,,"Draft_V2_CheapAntiAir",
"Draft_V2_GGvsRG","Draft_V2_GGvsRG","Draft_V2_Investment",
,"Draft_V2_EVO","Draft_V2_Punish",
,"Draft_V2_TankUnit","Draft_V2_HitTower",
,"Draft_V2_AntiAir","Draft_V2_VersatileLegs",
,"Draft_V2_DirectDamage","Draft_V2_TankSupport",
,,"Draft_V2_AntiTank",
,,"Draft_V2_2ndSpell",
,,"Draft_V2_Splash",
,,"Draft_V2_MiniTank",
,,"Draft_V2_Basic3s",
,,"Draft_V2_CycleUnder3",
,,"Draft_V2_CheapAntiAir",
,,"Draft_V2_Distractions",
"Draft_V2_MKvsPekka","Draft_V3_MKvsPekka","Draft_V2_Investment",
,"Draft_V2_EVO","Draft_V2_Punish",
,"Draft_V2_TankUnit","Draft_V2_HitTower",
,"Draft_V2_AntiAir","Draft_V2_VersatileLegs",
,"Draft_V2_DirectDamage","Draft_V2_TankSupport",
,,"Draft_V2_AntiTank",
,,"Draft_V2_2ndSpell",
,,"Draft_V2_Splash",
,,"Draft_V2_MiniTank",
,,"Draft_V2_Basic3s",
,,"Draft_V2_CycleUnder3",
,,"Draft_V2_CheapAntiAir",
,,"Draft_V2_Distractions",
"Draft_V2_SKvsSMPekka","Draft_V2_SKvsSMPekka","Draft_V2_Investment",
,"Draft_V2_TankUnit","Draft_V2_Punish",
,"Draft_V2_AntiAir","Draft_V2_HitTower",
,"Draft_V2_Distractions","Draft_V2_VersatileLegs",
,"Draft_V2_DirectDamage","Draft_V2_TankSupport",
,"Draft_V2_WinCons","Draft_V2_AntiTank",
,,"Draft_V2_2ndSpell",
,,"Draft_V2_Splash",
,,"Draft_V2_MiniTank",
,,"Draft_V2_Basic3s",
,,"Draft_V2_CycleUnder3",
,,"Draft_V2_CheapAntiAir",
"Draft_V3","Draft_V3_Base_WinCon","Draft_V3_Base_BigTank",
,"Draft_V3_Base_SmallSpell","Draft_V3_Base_AntiTank",
,"Draft_V3_Base_BigSpell","Draft_V3_Base_Splash",
,"Draft_V3_Base_AntiAir","Draft_V3_Base_Swarm",
,"Draft_V3_Base_SmallTank","Draft_V3_Base_Distraction",
,,"Draft_V3_Base_Support",
,,"Draft_V3_Base_Building",
,,"Draft_V3_Base_WinLightCon",
"Draft_V3_Evo","Draft_V3_Evo","Draft_V3_Base_BigTank",
,"Draft_V3_Base_WinCon","Draft_V3_Base_AntiTank",
,"Draft_V3_Base_SmallSpell","Draft_V3_Base_Splash",
,"Draft_V3_Base_BigSpell","Draft_V3_Base_Swarm",
,"Draft_V3_Base_AntiAir","Draft_V3_Base_Distraction",
,"Draft_V3_Base_SmallTank","Draft_V3_Base_Support",
,,"Draft_V3_Base_Building",
,,"Draft_V3_Base_WinLightCon",
"Draft_V3_Champion","Draft_V3_Champion","Draft_V3_BigTank",
,"Draft_V3_WinCon","Draft_V3_AntiTank",
,"Draft_V3_SmallSpell","Draft_V3_Splash",
,"Draft_V3_BigSpell","Draft_V3_Swarm",
,"Draft_V3_AntiAir","Draft_V3_Distraction",
,"Draft_V3_SmallTank","Draft_V3_Support",
,,"Draft_V3_Building",
,,"Draft_V3_WinLightCon",
"Draft_V3_SKvsSMPekka","Draft_V3_SKvsSMPekka","Draft_V3_BigTank",
,"Draft_V3_WinCon","Draft_V3_AntiTank",
,"Draft_V3_SmallSpell","Draft_V3_Splash",
,"Draft_V3_BigSpell","Draft_V3_Swarm",
,"Draft_V3_AntiAir","Draft_V3_Distraction",
,"Draft_V3_SmallTank","Draft_V3_Support",
,,"Draft_V3_Building",
,,"Draft_V3_WinLightCon",
"Draft_V3_Comp","Draft_V3_Comp_WinCon","Draft_V3_Comp_BigTank",
,"Draft_V3_Comp_SmallSpell","Draft_V3_Comp_AntiTank",
,"Draft_V3_Comp_BigSpell","Draft_V3_Comp_Splash",
,"Draft_V3_Comp_AntiAir","Draft_V3_Comp_Distraction",
,"Draft_V3_Comp_SmallTank","Draft_V3_Comp_Support",
,,"Draft_V3_Comp_Building",
,,"Draft_V3_Comp_WinLightCon",
"Draft_V3_Comp_Champ","Draft_V3_Comp_Champion","Draft_V3_Comp_BigTank",
,"Draft_V3_Comp_WinCon","Draft_V3_Comp_AntiTank",
,"Draft_V3_Comp_SmallSpell","Draft_V3_Comp_Splash",
,"Draft_V3_Comp_BigSpell","Draft_V3_Comp_Distraction",
,"Draft_V3_Comp_AntiAir","Draft_V3_Comp_Support",
,"Draft_V3_Comp_SmallTank","Draft_V3_Comp_Building",
,,"Draft_V3_Comp_WinLightCon",
"Draft_V3_Comp_Super","Draft_Comp_SuperCards","Draft_V3_Comp_BigTank",
,"Draft_V3_Comp_WinCon","Draft_V3_Comp_AntiTank",
,"Draft_V3_Comp_SmallSpell","Draft_V3_Comp_Splash",
,"Draft_V3_Comp_BigSpell","Draft_V3_Comp_Distraction",
,"Draft_V3_Comp_AntiAir","Draft_V3_Comp_Support",
,"Draft_V3_Comp_SmallTank","Draft_V3_Comp_Building",
,,"Draft_V3_Comp_WinLightCon",
"Draft_V4_Evo","Draft_V4_Evo","Draft_V3_Base_BigTank",
,"Draft_V3_Base_WinCon","Draft_V3_Base_AntiTank",
,"Draft_V3_Base_SmallSpell","Draft_V3_Base_Splash",
,"Draft_V3_Base_BigSpell","Draft_V3_Base_Swarm",
,"Draft_V3_Base_AntiAir","Draft_V3_Base_Distraction",
,"Draft_V3_Base_SmallTank","Draft_V3_Base_Support",
,,"Draft_V3_Base_Building",
,,"Draft_V3_Base_WinLightCon",
"Draft_V3_Hero","Draft_V3_Hero","Draft_V3_Base_BigTank",
,"Draft_V3_Base_WinCon","Draft_V3_Base_AntiTank",
,"Draft_V3_Base_SmallSpell","Draft_V3_Base_Splash",
,"Draft_V3_Base_BigSpell","Draft_V3_Base_Swarm",
,"Draft_V3_Base_AntiAir","Draft_V3_Base_Distraction",
,"Draft_V3_Base_SmallTank","Draft_V3_Base_Support",
,,"Draft_V3_Base_Building",
,,"Draft_V3_Base_WinLightCon",
"Draft_V4_Hero","Draft_V4_Hero","Draft_V3_Base_BigTank",
,"Draft_V3_Base_WinCon","Draft_V3_Base_AntiTank",
,"Draft_V3_Base_SmallSpell","Draft_V3_Base_Splash",
,"Draft_V3_Base_BigSpell","Draft_V3_Base_Swarm",
,"Draft_V3_Base_AntiAir","Draft_V3_Base_Distraction",
,"Draft_V3_Base_SmallTank","Draft_V3_Base_Support",
,,"Draft_V3_Base_Building",
,,"Draft_V3_Base_WinLightCon",
"Draft_FloodHounds","FloodedDraft_Troop_Evo",,
,"FloodedDraft_SmallSpell",,
,"FloodedDraft_WinCon",,
,"FloodedDraft_Distraction",,
,"FloodedDraft_Splash",,
,"FloodedDraft_MiniTank",,
,"FloodedDraft_Support",,
,"FloodedDraft_BigSpell",,
"Draft_ChaosArena","Draft_ChaosArena_Tank",,
,"Draft_ChaosArena_WinCon",,
,"Draft_ChaosArena_AntiTank",,
,"Draft_ChaosArena_AntiAir",,
,"Draft_ChaosArena_Support",,
,"Draft_ChaosArena_Cycle",,
,"Draft_ChaosArena_Spell",,
,"Draft_ChaosArena_Random",,
"Draft_ChaosArena_All","Draft_ChaosArena_All_Random",,
,"Draft_ChaosArena_All_Random_2",,
,"Draft_ChaosArena_All_Random_3",,
,"Draft_ChaosArena_All_Random_4",,
,"Draft_ChaosArena_All_Random_5",,
,"Draft_ChaosArena_All_Random_6",,
,"Draft_ChaosArena_All_Random_7",,
,"Draft_ChaosArena_All_Random_8",,
"Draft_ChaosArena_202610","Draft_ChaosArena_202610_WinCon",,
,"Draft_ChaosArena_202610_SmallSpell",,
,"Draft_ChaosArena_202610_BigSpell",,
,"Draft_ChaosArena_202610_NewCards1",,
,"Draft_ChaosArena_202610_NewCards2",,
,"Draft_ChaosArena_202610_OldCards1",,
,"Draft_ChaosArena_202610_OldCards2",,
,"Draft_ChaosArena_202610_OldCards3",,
