Name,IndexHi,IndexLo,Available,DefaultOwned,SfxFile,ScFile,AvailableForOffer,Exclusive,UseCrystalBackground,DateAvailable,HumanReadableName,Family
string,int,int,boolean,boolean,string,string,boolean,boolean,boolean,string,string,string
Emote0,1,0,True,True,sfx/emotes/king_happy_01_dl.ogg,sc/emotes_king_01_dl.sc,False,False,False,2016-01-01,King Thumbs Up (Starter Emote),King
Emote1,1,1,True,True,sfx/emotes/king_mad_01_dl.ogg,sc/emotes_king_01_dl.sc,False,False,False,2016-01-01,Angry King (Starter Emote),King
Emote2,1,2,True,True,sfx/emotes/king_crying_01_dl.ogg,sc/emotes_king_01_dl.sc,False,False,False,2016-01-01,Crying King (Starter Emote),King
Emote3,1,3,True,True,sfx/emotes/king_laughter_01_dl.ogg,sc/emotes_king_01_dl.sc,False,False,False,2016-01-01,Smiling King (Starter Emote),King
Emote4,2,0,True,False,sfx/emotes/emotes_goblin_01_01_dl.ogg,sc/emotes_goblin_01_dl.sc,True,False,False,2018-07-01,Sneezing Goblin,Goblin
Emote5,2,1,True,False,sfx/emotes/emotes_goblin_01_02_dl.ogg,sc/emotes_goblin_01_dl.sc,True,False,False,2018-07-01,Kissy Goblin,Goblin
Emote6,2,2,True,False,sfx/emotes/emotes_goblin_01_03_dl.ogg,sc/emotes_goblin_01_dl.sc,True,False,False,2018-07-01,Strong Goblin,Goblin
Emote7,2,3,True,False,sfx/emotes/emotes_goblin_01_04_dl.ogg,sc/emotes_goblin_01_dl.sc,True,False,False,2018-07-01,Psycho Goblin,Goblin
Emote8,3,0,True,False,sfx/emotes/emotes_goblin_02_01_dl.ogg,sc/emotes_goblin_02_dl.sc,True,False,False,2018-07-01,Nervous Goblin,Goblin
Emote9,3,1,True,False,sfx/emotes/emotes_goblin_02_02_dl.ogg,sc/emotes_goblin_02_dl.sc,True,False,False,2018-07-01,Scheming Goblin,Goblin
Emote10,3,2,True,False,sfx/emotes/emotes_goblin_02_03_dl.ogg,sc/emotes_goblin_02_dl.sc,True,False,False,2018-07-01,Room on Fire Goblin,Goblin
Emote11,3,3,True,False,sfx/emotes/emotes_goblin_02_04_dl.ogg,sc/emotes_goblin_02_dl.sc,True,False,False,2018-07-01,Peace Out Goblin,Goblin
Emote12,4,0,True,False,sfx/emotes/emotes_goblin_03_01_dl.ogg,sc/emotes_goblin_03_dl.sc,True,False,False,2018-07-01,Smiling Goblin,Goblin
Emote13,4,1,True,False,sfx/emotes/emotes_goblin_03_02_dl.ogg,sc/emotes_goblin_03_dl.sc,True,False,False,2018-07-01,Say Whaaaat? Goblin,Goblin
Emote14,4,2,True,False,sfx/emotes/emotes_goblin_03_03_dl.ogg,sc/emotes_goblin_03_dl.sc,True,False,False,2018-07-01,Risky Business Goblin,Goblin
Emote15,4,3,True,False,sfx/emotes/emotes_goblin_03_04_dl.ogg,sc/emotes_goblin_03_dl.sc,True,False,False,2018-07-01,White Flag Goblin,Goblin
Emote16,5,0,True,False,sfx/emotes/emotes_goblin_04_01_dl.ogg,sc/emotes_goblin_04_dl.sc,True,False,False,2018-07-01,Tongue Goblin,Goblin
Emote17,5,1,True,False,sfx/emotes/emotes_goblin_04_02_dl.ogg,sc/emotes_goblin_04_dl.sc,True,False,False,2018-07-01,Knife Goblin,Goblin
Emote18,5,2,True,False,sfx/emotes/emotes_goblin_04_03_dl.ogg,sc/emotes_goblin_04_dl.sc,True,False,False,2018-07-01,Embarrassed Goblin,Goblin
Emote19,5,3,True,False,sfx/emotes/emotes_goblin_04_04_dl.ogg,sc/emotes_goblin_04_dl.sc,True,False,False,2018-07-01,Anime Eyes Gobin,Goblin
Emote20,6,0,True,False,sfx/emotes/emotes_princess_01_01_dl.ogg,sc/emotes_princess_01_dl.sc,True,False,False,2018-07-01,Thumbs Up Princess,Princess
Emote21,6,1,True,False,sfx/emotes/emotes_princess_01_02_dl.ogg,sc/emotes_princess_01_dl.sc,True,False,False,2018-07-01,Singing Princess,Princess
Emote22,6,2,True,False,sfx/emotes/emotes_princess_01_03_dl.ogg,sc/emotes_princess_01_dl.sc,True,False,False,2018-07-01,Kissy Princess,Princess
Emote23,6,3,True,False,sfx/emotes/emotes_princess_01_04_dl.ogg,sc/emotes_princess_01_dl.sc,True,False,False,2018-07-01,Angry Princess,Princess
Emote24,7,0,True,False,sfx/emotes/giant_emote_01_dl.ogg,sc/emotes_giant_01_dl.sc,True,False,False,2018-07-01,Eating Giant,Giant
Emote25,7,1,True,False,sfx/emotes/giant_emote_02_dl.ogg,sc/emotes_giant_01_dl.sc,True,False,False,2018-07-01,Thumbs Up Giant,Giant
Emote26,7,2,True,False,sfx/emotes/giant_emote_03_dl.ogg,sc/emotes_giant_01_dl.sc,True,False,False,2018-07-01,Angry Giant,Giant
Emote27,7,3,True,False,sfx/emotes/giant_emote_05_dl.ogg,sc/emotes_giant_01_dl.sc,True,False,False,2018-07-01,Strong Giant,Giant
Emote28,8,0,True,False,sfx/emotes/princess_emote_01_dl.ogg,sc/emotes_princess_02_dl.sc,True,False,False,2018-07-01,Peace Princess,Princess
Emote29,8,1,True,False,sfx/emotes/princess_emote_02_dl.ogg,sc/emotes_princess_02_dl.sc,True,False,False,2018-07-01,Oops Princess,Princess
Emote30,8,2,True,False,sfx/emotes/princess_emote_03_dl.ogg,sc/emotes_princess_02_dl.sc,True,False,False,2018-07-01,Board Princess,Princess
Emote31,8,3,True,False,sfx/emotes/princess_emote_04_dl.ogg,sc/emotes_princess_02_dl.sc,True,False,False,2018-07-01,Princess Arrows,Princess
Emote32,9,0,True,False,sfx/emotes/hr_emote_01_dl.ogg,sc/emotes_hogrider_01_dl.sc,True,False,False,2018-08-01,Screaming Hog Rider,HogRider
Emote33,9,1,True,False,sfx/emotes/hr_emote_02_dl.ogg,sc/emotes_hogrider_01_dl.sc,True,False,False,2018-08-01,Questioning Hog Rider,HogRider
Emote34,9,2,True,False,sfx/emotes/hr_emote_03_dl.ogg,sc/emotes_hogrider_01_dl.sc,True,False,False,2018-08-01,Kissy Hog Rider,HogRider
Emote35,9,3,True,False,sfx/emotes/hr_emote_04_dl.ogg,sc/emotes_hogrider_01_dl.sc,True,False,False,2018-08-01,Hammer Hog Rider,HogRider
Emote36,10,0,True,False,sfx/emotes/emotes_hog_01_01_dl.ogg,sc/emotes_hog_01_dl.sc,True,False,False,2018-08-01,Smiling Hog,Hog
Emote37,10,1,True,False,sfx/emotes/emotes_hog_01_02_dl.ogg,sc/emotes_hog_01_dl.sc,True,False,False,2018-08-01,Screaming Hog,Hog
Emote38,10,2,True,False,sfx/emotes/emotes_hog_01_03_dl.ogg,sc/emotes_hog_01_dl.sc,True,False,False,2018-08-01,Snoring Hog,Hog
Emote39,10,3,True,False,sfx/emotes/emotes_hog_01_04_dl.ogg,sc/emotes_hog_01_dl.sc,True,False,False,2018-08-01,That's Right' Hog,Hog
Emote40,11,0,True,False,sfx/emotes/emotes_barbarian_01_01_dl.ogg,sc/emotes_barbarian_01_dl.sc,True,False,False,2018-09-01,Screaming Barb,Barbarian
Emote41,11,1,True,False,sfx/emotes/emotes_barbarian_01_02_dl.ogg,sc/emotes_barbarian_01_dl.sc,True,False,False,2018-09-01,Angry Barb,Barbarian
Emote42,11,2,True,False,sfx/emotes/emotes_barbarian_01_03_dl.ogg,sc/emotes_barbarian_01_dl.sc,True,False,False,2018-09-01,Nose Picking Barb,Barbarian
Emote43,11,3,True,False,sfx/emotes/emotes_barbarian_01_04_dl.ogg,sc/emotes_barbarian_01_dl.sc,True,False,False,2018-09-01,Barb Fist Pump,Barbarian
Emote44,12,0,True,False,sfx/emotes/emotes_skeleton_01_01_dl.ogg,sc/emotes_skeleton_01_dl.sc,True,False,False,2018-09-01,Oh My' Skeleton,Skeleton
Emote45,12,1,True,False,sfx/emotes/emotes_skeleton_01_02_dl.ogg,sc/emotes_skeleton_01_dl.sc,True,False,False,2018-09-01,Hearts Skeleton,Skeleton
Emote46,12,2,True,False,sfx/emotes/emotes_skeleton_01_03_dl.ogg,sc/emotes_skeleton_01_dl.sc,True,False,False,2018-09-01,Idea Skeleton,Skeleton
Emote47,12,3,True,False,sfx/emotes/emotes_skeleton_01_04_dl.ogg,sc/emotes_skeleton_01_dl.sc,True,False,False,2018-09-01,Crying Skeleton,Skeleton
Emote48,13,0,True,False,sfx/emotes/emotes_wizard_01_01_dl.ogg,sc/emotes_wizard_01_dl.sc,True,False,False,2018-10-01,Charred Wizard,Wizard
Emote49,13,1,True,False,sfx/emotes/emotes_wizard_01_02_dl.ogg,sc/emotes_wizard_01_dl.sc,True,False,False,2018-10-01,Fire Wizard,Wizard
Emote50,13,2,True,False,sfx/emotes/emotes_wizard_01_03_dl.ogg,sc/emotes_wizard_01_dl.sc,True,False,False,2018-10-01,Who Knows?' Wizard,Wizard
Emote51,13,3,True,False,sfx/emotes/emotes_wizard_01_04_dl.ogg,sc/emotes_wizard_01_dl.sc,True,False,False,2018-10-01,Dabbing Wizard,Wizard
Emote52,14,0,True,False,sfx/emotes/emotes_ewiz_01_01_dl.ogg,sc/emotes_ewiz_01_dl.sc,True,False,False,2018-10-01,Smiling Ewiz,eWizard
Emote53,14,1,True,False,sfx/emotes/emotes_ewiz_01_02_dl.ogg,sc/emotes_ewiz_01_dl.sc,True,False,False,2018-10-01,Idea Ewiz,eWizard
Emote54,14,2,True,False,sfx/emotes/emotes_ewiz_01_03_dl.ogg,sc/emotes_ewiz_01_dl.sc,True,False,False,2018-10-01,Thumbs Up Ewiz,eWizard
Emote55,14,3,True,False,sfx/emotes/emotes_ewiz_01_04_dl.ogg,sc/emotes_ewiz_01_dl.sc,True,False,False,2018-10-01,Shocked Ewiz,eWizard
Emote56,15,0,True,False,sfx/emotes/emotes_crl_01_01_dl.ogg,sc/emotes_crl_01_dl.sc,True,False,False,2018-11-01,CRL #1,Generic
Emote57,15,1,True,False,sfx/emotes/emotes_crl_01_02_dl.ogg,sc/emotes_crl_01_dl.sc,True,False,False,2018-11-01,Nervous Musketeer,Musketeer
Emote58,15,2,True,False,sfx/emotes/emotes_crl_01_03_dl.ogg,sc/emotes_crl_01_dl.sc,False,False,False,2018-11-01,Happy Knight,Knight
Emote59,15,3,True,False,sfx/emotes/emotes_crl_01_04_dl.ogg,sc/emotes_crl_01_dl.sc,True,False,False,2018-11-01,Screaming Bandit,Bandit
Emote60,16,0,True,False,sfx/emotes/emotes_black_friday_01_01_dl.ogg,sc/emotes_black_friday_01_dl.sc,True,False,False,2018-11-01,Panting Baby Dragon,Dragon
Emote61,16,1,True,False,sfx/emotes/emotes_black_friday_01_02_dl.ogg,sc/emotes_black_friday_01_dl.sc,True,False,False,2018-11-01,Exploding Bomber,Bomber
Emote62,16,2,True,False,sfx/emotes/emotes_black_friday_01_03_dl.ogg,sc/emotes_black_friday_01_dl.sc,True,False,False,2018-11-01,Happy Minion,Minion
Emote63,16,3,True,False,sfx/emotes/emotes_black_friday_01_04_dl.ogg,sc/emotes_black_friday_01_dl.sc,True,False,False,2018-11-01,Blinking Inferno,Inferno
Emote64,17,0,True,False,sfx/emotes/emotes_black_friday_02_01_dl.ogg,sc/emotes_black_friday_02_dl.sc,True,False,False,2018-11-01,Pancakes Mini P.E.K.K.A,MiniPekka
Emote65,17,1,True,False,sfx/emotes/emotes_black_friday_02_02_dl.ogg,sc/emotes_black_friday_02_dl.sc,True,False,False,2018-11-01,Charming Prince,Prince
Emote66,17,2,True,False,sfx/emotes/emotes_black_friday_02_03_dl.ogg,sc/emotes_black_friday_02_dl.sc,True,False,False,2018-11-01,Really?' Dark Prince,DarkPrince
Emote67,17,3,True,False,sfx/emotes/emotes_black_friday_02_04_dl.ogg,sc/emotes_black_friday_02_dl.sc,True,False,False,2018-11-01,Board Valkyrie,Valkyrie
Emote68,18,0,True,False,sfx/emotes/emotes_royal_ghost_01_01_dl.ogg,sc/emotes_royal_ghost_01_dl.sc,False,True,False,2018-11-01,Royal Ghost,Royal Ghost
Emote69,18,1,False,False,sfx/emotes/emotes_royal_ghost_01_02_dl.ogg,sc/emotes_royal_ghost_01_dl.sc,False,False,False,2100-01-01,Boo,Royal Ghost
Emote70,18,2,True,False,sfx/emotes/emotes_royal_ghost_01_03_dl.ogg,sc/emotes_royal_ghost_01_dl.sc,False,True,False,2020-02-03,Cry,Royal Ghost
Emote71,18,3,True,False,sfx/emotes/emotes_royal_ghost_01_04_dl.ogg,sc/emotes_royal_ghost_01_dl.sc,False,False,False,2019-04-01,Clap,Royal Ghost
Emote76,20,0,True,False,sfx/emotes/emotes_crl_03_01_dl.ogg,sc/emotes_crl_03_dl.sc,False,True,False,2018-12-01,Goblin Trophy,Goblin
Emote77,21,0,True,False,sfx/emotes/emotes_xmas_01_01_dl.ogg,sc/emotes_xmas_01_dl.sc,False,True,False,2018-12-01,Santa Ice Wizard,IceWizard
Emote78,21,1,True,False,sfx/emotes/emotes_xmas_01_02_dl.ogg,sc/emotes_xmas_01_dl.sc,False,True,False,2018-12-01,Santa Ice Spirit,Spirit
Emote79,22,0,True,False,sfx/emotes/ram_emote_01_dl.ogg,sc/emotes_ram_rider_01_dl.sc,False,True,False,2018-12-01,Angry Ram,RamRider
Emote80,22,1,True,False,sfx/emotes/ram_emote_02_dl.ogg,sc/emotes_ram_rider_01_dl.sc,True,False,False,2018-12-01,Ram Rider / Scream,RamRider
Emote81,23,0,True,False,sfx/emotes/emotes_hog_02_01_dl.ogg,sc/emotes_hog_02_dl.sc,True,False,False,2019-02-04,Hog/LNY,Hog
Emote82,23,1,True,False,sfx/emotes/emotes_hog_02_02_dl.ogg,sc/emotes_hog_02_dl.sc,True,False,False,2019-02-10,Hog/Noodles,Hog
Emote83,23,2,True,False,sfx/emotes/emotes_hog_02_03_dl.ogg,sc/emotes_hog_02_dl.sc,False,True,False,2019-02-04,Hog/Coins,Hog
Emote84,23,3,True,False,sfx/emotes/emotes_hog_02_04_dl.ogg,sc/emotes_hog_02_dl.sc,True,False,False,2019-02-05,Hog/Fireworks,Hog
Emote85,24,0,True,False,sfx/emotes/emotes_minipekka_02_01_dl.ogg,sc/emotes_minipekka_02_dl.sc,True,False,False,2019-02-22,Pancake sword,MiniPekka
Emote86,24,1,True,False,sfx/emotes/emotes_minipekka_02_02_dl.ogg,sc/emotes_minipekka_02_dl.sc,True,False,False,2019-02-22,Pancake face,MiniPekka
Emote87,24,2,True,False,sfx/emotes/emotes_minipekka_02_03_dl.ogg,sc/emotes_minipekka_02_dl.sc,True,False,False,2019-02-22,The robot (dance),MiniPekka
Emote88,24,3,True,False,sfx/emotes/emotes_minipekka_02_04_dl.ogg,sc/emotes_minipekka_02_dl.sc,True,False,False,2019-02-22,Selecting emotes ATM,MiniPekka
Emote89,25,0,True,False,sfx/emotes/emotes_bday_03_01_dl.ogg,sc/emotes_bday_03_dl.sc,True,False,False,2019-03-01,Party Pooper,Goblin
Emote90,25,1,True,False,sfx/emotes/emotes_bday_03_02_dl.ogg,sc/emotes_bday_03_dl.sc,True,False,False,2019-03-01,Cake Devour (Amended from cake burp),Giant
Emote91,25,2,True,False,sfx/emotes/emotes_bday_03_03_dl.ogg,sc/emotes_bday_03_dl.sc,False,True,False,2019-03-01,Rascal Twins Cake (Amended from Hog Rider Cake),Rascal
Emote92,26,0,True,False,sfx/emotes/Strong_princess_emote_01_dl.ogg,sc/emotes_womens_month_01_dl.sc,True,False,False,2019-03-14,Princess / Rosie the Riveter,Princess
Emote93,26,1,True,False,sfx/emotes/musketeer_emo_01_dl.ogg,sc/emotes_womens_month_01_dl.sc,True,False,False,2019-03-13,Musketeer/ Smoking Musket,Musketeer
Emote94,26,2,True,False,sfx/emotes/ramRider_paint_emote_01_dl.ogg,sc/emotes_womens_month_01_dl.sc,True,False,False,2019-03-14,Ram Rider/ Game Face,RamRider
Emote95,27,0,True,False,sfx/emotes/emotes_crl_02_01_dl.ogg,sc/emotes_crl_20win_01_dl.sc,False,True,False,2019-03-22,20 Win Challenge,Goblin
Emote96,28,0,True,False,sfx/emotes/log_emote_kiss_01_dl.ogg,sc/emotes_april_fools_01_dl.sc,True,False,False,2019-04-01,Log in Love,Log
Emote97,28,1,True,False,sfx/emotes/log_emote_cry_01_dl.ogg,sc/emotes_april_fools_01_dl.sc,True,False,False,2019-04-01,Sad Log,Log
Emote98,29,0,True,False,sfx/emotes/pig_eat_01_dl.ogg,sc/emotes_spring_01_dl.sc,True,False,False,2019-04-19,bunny hog,Hog
Emote99,29,1,True,False,sfx/emotes/pekka_butterfly_01_dl.ogg,sc/emotes_spring_01_dl.sc,True,False,False,2019-04-19,pekka/butterfly v2,PEKKA
Emote100,29,2,True,False,sfx/emotes/dragon_egg_dl.ogg,sc/emotes_spring_01_dl.sc,True,False,False,2019-04-19,dragon egg,Dragon
Emote101,29,3,True,False,sfx/emotes/miner_pop_01_dl.ogg,sc/emotes_spring_01_dl.sc,True,False,False,2019-04-19,miner peekaboo,Miner
Emote102,30,0,True,False,sfx/emotes/gobccage_emo_bars_01_dl.ogg,sc/emotes_goblin_brawler_01_dl.sc,True,False,False,2019-05-16,jailbreak,Goblin
Emote103,30,1,True,False,sfx/emotes/gobccage_emo_arm_01_dl.ogg,sc/emotes_goblin_brawler_01_dl.sc,True,False,False,2019-05-16,tattoo bicep flex,Goblin
Emote104,31,0,True,False,sfx/emotes/prince_emo_01_dl.ogg,sc/emotes_prince_01_dl.sc,True,False,False,2019-05-27,Surrender,Prince
Emote105,31,1,True,False,sfx/emotes/prince_emo_02_dl.ogg,sc/emotes_prince_01_dl.sc,True,False,False,2019-05-27,Sipping Tea,Prince
Emote106,31,2,True,False,sfx/emotes/prince_emo_03_dl.ogg,sc/emotes_prince_01_dl.sc,True,False,False,2019-05-27,Hey Good Looking,Prince
Emote107,31,3,True,False,sfx/emotes/prince_emo_04_dl.ogg,sc/emotes_prince_01_dl.sc,True,False,False,2019-05-27,Surrender,Prince
Emote108,32,0,True,False,sfx/emotes/sfx_1_lick_dl.ogg,sc/emotes_dragon_boat_01_dl.sc,True,False,False,2019-06-06,baby dragon lick,Dragon
Emote109,32,1,True,False,sfx/emotes/sfx_2_smoke_dl.ogg,sc/emotes_dragon_boat_01_dl.sc,True,False,False,2019-06-06,baby dragon kissy face smoke,Dragon
Emote110,32,2,True,False,sfx/emotes/sfx_3_sneeze_dl.ogg,sc/emotes_dragon_boat_01_dl.sc,True,False,False,2019-06-08,electro dragon sneeze,eDragon
Emote111,32,3,True,False,sfx/emotes/sfx_4_shock_dl.ogg,sc/emotes_dragon_boat_01_dl.sc,True,False,False,2019-06-08,electro dragon shocking,eDragon
Emote112,33,0,True,False,sfx/emotes/emotes_clashnights_01_01_dl.ogg,sc/emotes_clashnights_01_dl.sc,True,False,False,2019-06-21,Princess Trumpet,Princess
Emote113,33,1,False,False,sfx/emotes/emotes_clashnights_hand_shake.ogg,sc/emotes_clashnights_01_dl.sc,False,False,False,2100-01-01,Fist Bump,Generic
Emote114,34,0,True,False,sfx/emotes/emotes_fishSlap_FightingFish_dl.ogg,sc/emotes_fish_slap_01_dl.sc,False,True,False,2019-07-01,boxing fish,Fisherman
Emote115,36,0,True,False,sfx/emotes/emotes_theFisherman_01_fishFlail_dl.ogg,sc/emotes_fisherman_01_dl.sc,True,False,False,2019-07-04,fisherman mighty fish,Fisherman
Emote116,36,1,True,False,sfx/emotes/emotes_theFisherman_02_surprise_dl.ogg,sc/emotes_fisherman_01_dl.sc,True,False,False,2019-07-04,fisherman dismal peek,Fisherman
Emote117,36,2,True,False,sfx/emotes/emotes_theFisherman_03_downpour_dl.ogg,sc/emotes_fisherman_01_dl.sc,True,False,False,2019-07-19,fisherman soaked,Fisherman
Emote118,36,3,True,False,sfx/emotes/emotes_theFisherman_04_hook_dl.ogg,sc/emotes_fisherman_01_dl.sc,True,False,False,2019-07-19,fisherman's anchor vs Goblin,Fisherman
Emote119,37,0,True,False,sfx/emotes/emotes_shipwreck_01_01_dl.ogg,sc/emotes_shipwreck_kingPirate_dl.sc,False,True,False,2019-08-05,king pirate,King
Emote120,39,0,True,False,sfx/emotes/emotes_shipwreck_02_01_dl.ogg,sc/emotes_shipwreck_02_dl.sc,True,False,False,2019-08-08,goblin barrel,Goblin
Emote121,40,0,True,False,sfx/emotes/emotes_shipwreck_03_01_dl.ogg,sc/emotes_shipwreck_03_dl.sc,True,False,False,2019-08-16,hog pirate,Hog
Emote122,40,1,True,False,sfx/emotes/emotes_shipwreck_03_02_dl.ogg,sc/emotes_shipwreck_03_dl.sc,True,False,False,2019-08-23,rascal discovers treasure,Rascal
Emote123,40,2,True,False,sfx/emotes/emotes_shipwreck_03_03_dl.ogg,sc/emotes_shipwreck_03_dl.sc,True,False,False,2019-08-23,skeleton pirate flag,Skeleton
Emote124,41,0,True,False,sfx/emotes/emotes_miner_01_01_dl.ogg,sc/emotes_miner_01_dl.sc,True,False,False,2019-09-06,dizzy,Miner
Emote125,41,1,True,False,sfx/emotes/emotes_miner_01_02_dl.ogg,sc/emotes_miner_01_dl.sc,True,False,False,2019-09-06,lighting candle,Miner
Emote126,42,0,True,False,sfx/emotes/emotes_princess_glasses_01_dl.ogg,sc/emotes_princess_glasses_01_dl.sc,False,True,False,2019-09-02,princess with shades,Princess
Emote127,44,0,True,False,sfx/emotes/emotes_night_witch_01_01_dl.ogg,sc/emotes_night_witch_01_dl.sc,True,False,False,2019-09-20,night witch kiss,NightWitch
Emote128,45,0,True,False,sfx/emotes/emotes_night_witch_clap_01_01_dl.ogg,sc/emotes_night_witch_clap_01_dl.sc,True,False,False,2019-09-20,slow-clap night witch,NightWitch
Emote129,46,0,True,False,sfx/emotes/emochicken_01_dl.ogg,sc/emotes_scid_chicken_01_dl.sc,False,True,False,2019-09-30,chicken taunt,Generic
Emote130,47,0,True,False,sfx/emotes/bandit_coin_dl.ogg,sc/emotes_golden_week_01_dl.sc,True,False,False,2019-10-03,Bandit coin flip,Bandit
Emote131,49,0,True,False,sfx/emotes/ElixirGolem_Emote_Morph_dl.ogg,sc/emotes_elixir_golem_01_dl.sc,True,False,False,2019-10-11,elixir golem_forms head,eGolem
Emote132,49,1,True,False,sfx/emotes/ElixirGolem_Emote_Glow_dl.ogg,sc/emotes_elixir_golem_01_dl.sc,True,False,False,2019-10-12,elixir golem_rage,eGolem
Emote133,50,0,True,False,sfx/emotes/emotes_halloween_01_01_dl.ogg,sc/emotes_halloween_01_dl.sc,False,True,False,2019-10-07,skeleton DDLM--with hat and guitar,Skeleton
Emote134,50,1,True,False,sfx/emotes/emotes_halloween_01_02_dl.ogg,sc/emotes_halloween_01_dl.sc,True,False,False,2019-10-31,witch DDLM,Witch
Emote135,50,2,True,False,sfx/emotes/emotes_halloween_01_03_dl.ogg,sc/emotes_halloween_01_dl.sc,True,False,False,2019-10-18,night with DDLM alebrije paint,NightWitch
Emote136,50,3,True,False,sfx/emotes/emotes_halloween_01_04_dl.ogg,sc/emotes_halloween_01_dl.sc,True,False,False,2019-10-25,Goblin frankenstein,Goblin
Emote137,51,0,True,False,sfx/emotes/emotes_Halloween_emote_prisongoblnwig_dl.ogg,sc/emotes_halloween_02_dl.sc,True,False,False,2019-10-25,Prison Goblin bride of frankenstein,Goblin
Emote138,52,0,True,False,sfx/emotes/emotes_goblin_feast_01_emote1_dl.ogg,sc/emotes_goblin_feast_01_dl.sc,False,True,False,2019-11-04,confetti blowing dart goblin,DartGoblin
Emote139,52,1,True,False,sfx/emotes/emotes_goblin_feast_01_emote2_dl.ogg,sc/emotes_goblin_feast_01_dl.sc,True,False,False,2019-11-08,goblin giant electric slide dance,GiantGoblin
Emote140,52,2,True,False,sfx/emotes/emotes_goblin_feast_01_emote3_dl.ogg,sc/emotes_goblin_feast_01_dl.sc,True,False,False,2019-11-21,dart goblin dance,DartGoblin
Emote141,54,0,True,False,sfx/emotes/emotes_xmass_hog_lights_dl.ogg,sc/emotes_xmass_hog_lights_dl.sc,False,True,False,2019-12-03,hog christmas lights,Hog
Emote142,55,0,True,False,sfx/emotes/emotes_xmass_santa_giant_dl.ogg,sc/emotes_xmass_santa_giant_dl.sc,True,False,False,2019-12-24,giant santa eating cookie,Giant
Emote143,56,0,True,False,sfx/emotes/emotes_xmass_barb_nutcracker_dl.ogg,sc/emotes_xmass_barb_nutcracker_dl.sc,True,False,False,2019-12-18,Nutcracker Barb,Barbarian
Emote144,60,0,True,False,sfx/emotes/emotes_crl_king_headset_dl.ogg,sc/emotes_crl_king_headset_dl.sc,False,True,False,2019-12-09,king with headset,King
Emote145,62,0,True,False,sfx/emotes/emotes_lny_01_dl.ogg,sc/emotes_lny_01_dl.sc,False,True,False,2020-01-06,firecracker,Firecracker
Emote146,63,0,True,False,sfx/emotes/emotes_lny_02_sfx1_dl.ogg,sc/emotes_lny_02_dl.sc,False,True,False,2020-01-27,Balloon,Balloon
Emote147,63,1,True,False,sfx/emotes/emotes_lny_02_sfx2_dl.ogg,sc/emotes_lny_02_dl.sc,True,False,False,2020-01-22,Miner w/ red envelope,Miner
Emote148,63,2,True,False,sfx/emotes/emotes_lny_02_sfx3_dl.ogg,sc/emotes_lny_02_dl.sc,True,False,False,2020-01-24,Bomber with 2020 glasses,Bomber
Emote149,64,0,True,False,sfx/emotes/emotes_king_02_sfx_01_trophy_king_dl.ogg,sc/emotes_king_02_dl.sc,False,True,False,2020-02-14,king polishing trophy,King
Emote150,65,0,True,False,sfx/emotes/emotes_log_02_Angry_sfx1_dl.ogg,sc/emotes_log_02_dl.sc,True,False,False,2020-06-19,Angry Log,Log
Emote151,65,1,True,False,sfx/emotes/emotes_log_02_Glorious_sfx2_dl.ogg,sc/emotes_log_02_dl.sc,True,False,False,2020-02-07,Glorious Log,Log
Emote152,66,0,True,False,sfx/emotes/emotes_ramRiderFeb2020_01_sfx1_dl.ogg,sc/emotes_ramRiderFeb2020_01_dl.sc,True,False,False,2020-02-19,Ram Rider/ Game Face,RamRider
Emote153,69,0,True,False,sfx/emotes/emotes_4th_bday_pekka_dl.ogg,sc/emotes_4th_bday_pekka_dl.sc,False,True,False,2020-03-02,PEKKA popping balloons,PEKKA
Emote154,70,0,True,False,sfx/emotes/emotes_4th_bday_sparky_dl.ogg,sc/emotes_4th_bday_sparky_dl.sc,True,False,False,2020-03-02,Birthday/Sparky,Sparky
Emote155,71,0,True,False,sfx/emotes/emotes_4th_bday_battleHealer_dl.ogg,sc/emotes_4th_bday_battleHealer_dl.sc,False,True,False,2020-03-02,Battle Healer cutting cake,BattleHealer
Emote156,72,0,True,False,sfx/emotes/emotes_4th_bday_fish_dl.ogg,sc/emotes_4th_bday_fish_dl.sc,True,False,False,2020-03-21,Fish Cake,Fisherman
Emote157,73,0,True,False,sfx/emotes/emotes_4th_bday_royalGiant_dl.ogg,sc/emotes_4th_bday_royalGiant_dl.sc,False,True,False,2020-03-02,Birthday/Royal Giant,RoyalGiant
Emote158,74,0,True,False,sfx/emotes/emotes_heist_magicArcher_01_dl.ogg,sc/emotes_heist_magicArcher_dl.sc,False,True,False,2020-04-06,emotes_heist_magicArcher,MagicArcher
Emote159,75,0,True,False,sfx/emotes/emotes_heist_hunter_01_dl.ogg,sc/emotes_heist_hunter_dl.sc,True,False,False,2020-04-06,Hunter / hat,Hunter
Emote160,77,0,True,False,sfx/emotes/emotes_heist_bandit_01_dl.ogg,sc/emotes_heist_bandit_dl.sc,True,False,False,2020-04-14,emotes_heist_bandit,Bandit
Emote161,78,0,True,False,sfx/emotes/emotes_feb2020_01_sfx1_dl.ogg,sc/emotes_feb2020_01_dl.sc,True,False,False,2020-05-02,Bling Hog,HogRider
Emote162,78,2,False,False,sfx/emotes/emotes_feb2020_01_sfx2_dl.ogg,sc/emotes_feb2020_01_dl.sc,False,False,False,2100-01-01,Mini PEKKA Slot Machine,MiniPekka
Emote163,80,0,True,False,sfx/emotes/emotes_10yr_king_dl.ogg,sc/emotes_10yr_king_dl.sc,False,True,False,2020-05-04,Supercell 10th Anniversary emote,King
Emote164,81,0,True,False,sfx/emotes/emotes_10yr_knight_dl.ogg,sc/emotes_10yr_knight_dl.sc,False,True,False,2020-05-04,Knight wipe,Knight
Emote165,82,0,True,False,sfx/emotes/emotes_10yr_infernoDragon_dl.ogg,sc/emotes_10yr_infernoDragon_dl.sc,True,False,False,2020-05-08,Inferno Dragon/shock,Dragon
Emote166,83,0,True,False,sfx/emotes/emotes_10yr_lavaHound_dl.ogg,sc/emotes_10yr_lavaHound_dl.sc,True,False,False,2020-05-26,Lava Hound & pups,LavaHound
Emote167,85,0,True,False,sfx/emotes/emotes_s12_prince_dl.ogg,sc/emotes_s12_prince_dl.sc,False,True,False,2020-06-01,Prince rainbow,Prince
Emote168,86,0,True,False,sfx/emotes/emotes_s12_pony_dl.ogg,sc/emotes_s12_pony_dl.sc,True,False,False,2020-06-05,Prince Pony dance,Prince
Emote169,87,0,True,False,sfx/emotes/emotes_s12_darkPrince_01_dl.ogg,sc/emotes_s12_darkPrince_dl.sc,True,False,False,2020-06-11,Sad face dark prince,DarkPrince
Emote170,89,0,True,False,sfx/emotes/emotes_PEKKA_boombox_dl.ogg,sc/emotes_PEKKA_boombox_dl.sc,True,False,False,2020-07-17,PEKKA Boombox,PEKKA
Emote171,90,0,True,False,sfx/emotes/emotes_PEKKA_coconut_dl.ogg,sc/emotes_PEKKA_coconut_dl.sc,False,True,False,2020-07-06,PEKKA Coconut,PEKKA
Emote172,91,0,True,False,sfx/emotes/emotes_skeleton_snorkel_dl.ogg,sc/emotes_skeleton_snorkel_dl.sc,True,False,False,2020-07-09,Skeleton Snorkel,Bomber
Emote173,93,0,True,False,sfx/emotes/emotes_archer_01_01_dl.ogg,sc/emotes_archers_01_dl.sc,False,True,False,2020-08-03,Archer Slo Mo,Archer
Emote174,93,1,True,False,sfx/emotes/emotes_archer_01_02_dl.ogg,sc/emotes_archers_01_dl.sc,True,False,False,2020-08-14,Archer/Hood,Archer
Emote175,93,2,True,False,sfx/emotes/emotes_archer_01_03_dl.ogg,sc/emotes_archers_01_dl.sc,True,False,False,2020-08-14,Archer/polish arrow,Archer
Emote176,96,0,True,False,sfx/emotes/emotes_royalGuards_01_dl.ogg,sc/emotes_royalGuards_01_dl.sc,False,True,False,2020-09-07,Guard polishing crown,Guard
Emote177,97,0,True,False,sfx/emotes/emotes_cw_golem_boat_dl.ogg,sc/emotes_cw_golem_boat_dl.sc,True,False,False,2020-09-07,Golem boat smash,Golem
Emote178,98,0,True,False,sfx/emotes/emotes_cw_goblinDance_dl.ogg,sc/emotes_cw_goblinDance_dl.sc,True,False,False,2020-09-07,Dancing karaoke goblin,Goblin
Emote179,99,0,True,False,sfx/emotes/emotes_cw_goblinThumb_dl.ogg,sc/emotes_cw_goblinThumb_dl.sc,False,True,False,2020-09-07,Sinking Goblin Thumbs Up,Goblin
Emote180,100,0,True,False,sfx/emotes/emotes_electroGiant_01_01_dl.ogg,sc/emotes_electroGiant_01_dl.sc,False,True,False,2020-10-05,Disco Electro Giant,eGiant
Emote181,100,1,True,False,sfx/emotes/emotes_electroGiant_01_02_dl.ogg,sc/emotes_electroGiant_01_dl.sc,True,False,False,2020-10-15,Electro Giant,eGiant
Emote182,100,2,True,False,sfx/emotes/emotes_electroGiant_01_03_dl.ogg,sc/emotes_electroGiant_01_dl.sc,True,False,False,2020-10-15,Electro Giant,eGiant
Emote183,100,3,True,False,sfx/emotes/emotes_electroGiant_01_04_dl.ogg,sc/emotes_electroGiant_01_dl.sc,True,False,False,2020-10-10,Shooter Electo Griant,eGiant
Emote184,101,0,True,False,sfx/emotes/emotes_skeleton_dragon_01_dl.ogg,sc/emotes_skeleton_dragon_01_dl.sc,True,False,False,2020-11-11,Skeleton Dragon / Single's Day,SkeletonDragon
Emote185,102,0,True,False,sfx/emotes/emotes_megaKnight_01_01_dl.ogg,sc/emotes_megaKnight_01_dl.sc,True,False,False,2020-11-22,Mega Knight Smash,MegaKnight
Emote186,102,1,True,False,sfx/emotes/emotes_megaKnight_01_02_dl.ogg,sc/emotes_megaKnight_01_dl.sc,True,False,False,2020-11-07,Mega Knight Thumbs Up,MegaKnight
Emote187,102,2,True,False,sfx/emotes/emotes_megaKnight_01_03_dl.ogg,sc/emotes_megaKnight_01_dl.sc,False,True,False,2020-11-02,Mega Knigh Ball Clash,MegaKnight
Emote188,103,0,True,False,sfx/emotes/emotes_logmas2020_01_dl.ogg,sc/emotes_logmas2020_01_dl.sc,False,True,False,2020-12-07,Logmas,Log
Emote189,104,0,True,False,sfx/emotes/emotes_logmas2020_02_01_dl.ogg,sc/emotes_logmas2020_02_dl.sc,True,False,False,2020-12-07,Bowler / Sad,Bowler
Emote190,104,1,True,False,sfx/emotes/emotes_logmas2020_02_02_dl.ogg,sc/emotes_logmas2020_02_dl.sc,False,True,False,2020-12-07,Bowler / gift,Bowler
Emote191,105,0,True,False,sfx/emotes/emotes_logmas2020_03_dl.ogg,sc/emotes_logmas2020_03_dl.sc,True,False,False,2021-12-24,Witch Mother,MotherWitch
Emote192,106,0,True,False,sfx/emotes/emotes_logmas2020_04_dl.ogg,sc/emotes_logmas2020_04_dl.sc,True,False,False,2021-12-12,Lumberjack/Logmas,Lumberjack
Emote193,107,0,True,False,sfx/emotes/emotes_icewizard_01_01_dl.ogg,sc/emotes_icewizard_01_dl.sc,True,False,False,2100-01-01,Ice Wizard,IceWizard
Emote194,107,1,True,False,sfx/emotes/emotes_icewizard_01_02_dl.ogg,sc/emotes_icewizard_01_dl.sc,False,True,False,2021-01-04,Ice Wizard / Dance,IceWizard
Emote195,107,2,True,False,sfx/emotes/emotes_icewizard_01_03_dl.ogg,sc/emotes_icewizard_01_dl.sc,True,False,False,2021-01-15,Ice Wizard / Popcorn,IceWizard
Emote196,108,0,True,False,sfx/emotes/emotes_LNY_2021_01_01_dl.ogg,sc/emotes_LNY_2021_01_dl.sc,True,False,False,2021-02-11,Barb/Candy,Barbarian
Emote197,108,1,True,False,sfx/emotes/emotes_LNY_2021_01_02_dl.ogg,sc/emotes_LNY_2021_01_dl.sc,False,True,False,2021-02-01,Barb Kisses,Barbarian
Emote198,109,0,True,False,sfx/emotes/emotes_LNY_2021_02_dl.ogg,sc/emotes_LNY_2021_02_dl.sc,True,False,False,2021-02-11,Princess/Cards/LNY,Princess
Emote199,110,0,True,False,sfx/emotes/emotes_LNY_2021_03_dl.ogg,sc/emotes_LNY_2021_03_dl.sc,False,False,False,2021-06-07,Firecracker Kisses,Firecracker
Emote200,111,0,True,False,sfx/emotes/emotes_battlehealer_cakethrow_dl.ogg,sc/emotes_battlehealer_cakethrow_dl.sc,False,True,False,2021-03-01,BattleHealer Throwing Cake,BattleHealer
Emote201,112,0,True,False,sfx/emotes/emotes_elixirgolem_candlehead_dl.ogg,sc/emotes_elixirgolem_candlehead_dl.sc,True,False,False,2021-03-01,Elixir Golem / Cake,eGolem
Emote202,113,0,True,False,sfx/emotes/emotes_lumberjack_cakerun_dl.ogg,sc/emotes_lumberjack_cakerun_dl.sc,True,False,False,2021-03-19,Lumberjack Run,Lumberjack
Emote203,114,0,True,False,sfx/emotes/emotes_sparky_surprise_dl.ogg,sc/emotes_sparky_surprise_dl.sc,False,True,False,2021-03-01,Sparky/Birthday,Sparky
Emote204,115,0,True,False,sfx/emotes/emotes_king_book_dl.ogg,sc/emotes_king_book_dl.sc,True,False,False,2021-05-19,King/Magic Book,King
Emote205,116,0,True,False,sfx/emotes/emotes_pekka_blossom_dl.ogg,sc/emotes_pekka_blossom_dl.sc,False,True,False,2021-04-05,Pekka grow,PEKKA
Emote206,117,0,True,False,sfx/emotes/emotes_mortar_01_01_dl.ogg,sc/emotes_mortar_01_dl.sc,True,False,False,1899-12-30,Mortar Sick,Mortar
Emote207,117,1,True,False,sfx/emotes/emotes_mortar_01_02_dl.ogg,sc/emotes_mortar_01_dl.sc,False,True,False,2021-05-03,Mortar Tower Destroy,Mortar
Emote208,118,0,True,False,sfx/emotes/emotes_skeletondragon_jawdrop_dl.ogg,sc/emotes_skeletondragon_jawdrop_dl.sc,True,False,False,1899-12-30,Skeleton Dragon Jaw Drop,SkeletonDragon
Emote209,119,0,True,False,sfx/emotes/emotes_dartgoblin_backfire_dl.ogg,sc/emotes_dartgoblin_backfire_dl.sc,False,True,False,2021-06-07,Dart Goblin backfire,DartGoblin
EmoteChronos1,120,0,True,False,sfx/emotes/emotes_goblindrill_drive_dl.ogg,sc/emotes_goblindrill_drive_dl.sc,True,False,False,2021-06-12,Goblin Drill,GoblinDrill
EmoteChronos2,121,0,True,False,sfx/emotes/emotes_bowler_basketball_dl.ogg,sc/emotes_bowler_basketball_dl.sc,False,True,False,2021-07-05,Basket Bowler,Bowler
EmoteChronos3,122,0,True,False,sfx/emotes/emotes_icewizard_meltsweat_dl.ogg,sc/emotes_icewizard_meltsweat_dl.sc,False,True,False,2021-08-02,Melting Ice Wizard,IceWizard
EmoteChronos4,123,0,True,False,sfx/emotes/emotes_executioner_chefskiss_dl.ogg,sc/emotes_executioner_chefskiss_dl.sc,False,True,False,2021-09-06,Executioner Kiss,Executioner
EmoteChronos5,124,0,True,False,sfx/emotes/emotes_executioner_fruitcake_dl.ogg,sc/emotes_executioner_fruitcake_dl.sc,True,False,False,1899-12-30,Executioner Fruitcake,Executioner
EmoteChronos6,125,0,True,False,sfx/emotes/emotes_bat_embrace_dl.ogg,sc/emotes_bat_embrace_dl.sc,False,True,False,2021-10-04,Bat Kiss,Bat
EmoteChronos7,126,0,True,False,sfx/emotes/emotes_bat_jackobat_dl.ogg,sc/emotes_bat_jackobat_dl.sc,True,False,False,2021-10-17,Bat Halloween,Bat
EmoteChronos8,127,0,True,False,sfx/emotes/emotes_arrows_3crowns_dl.ogg,sc/emotes_arrows_3crowns_dl.sc,False,True,False,2021-10-27,Archer Queen 3 Crowns,ArcherQueen
EmoteChronos9,128,0,True,False,sfx/emotes/emotes_skeletonking_victory_dl.ogg,sc/emotes_skeletonking_victory_dl.sc,True,False,False,2021-10-27,Skeleton King Victory,SkeletonKing
EmoteChronos10,129,0,True,False,sfx/emotes/emotes_goldenknight_gorgeous_dl.ogg,sc/emotes_goldenknight_gorgeous_dl.sc,True,False,False,2021-10-27,Golden Knight Gorgeous,GoldenKnight
EmoteChronos11,130,0,True,False,sfx/emotes/emotes_archerqueen_crown_dl.ogg,sc/emotes_archerqueen_crown_dl.sc,True,False,False,2021-10-27,Archer Queen Crown,ArcherQueen
EmoteChronos12,131,0,True,False,sfx/emotes/emotes_archerqueen_fastaim_dl.ogg,sc/emotes_archerqueen_fastaim_dl.sc,False,True,False,2021-12-06,Archer Queen Fastaim,ArcherQueen
EmoteChronos13,132,0,True,False,sfx/emotes/emotes_hog_hammer_dl.ogg,sc/emotes_hog_hammer_dl.sc,True,False,False,2021-12-06,Hog Hammer,Hog
EmoteChronos14,133,0,True,False,sfx/emotes/emotes_firecracker_chimney_dl.ogg,sc/emotes_firecracker_chimney_dl.sc,True,False,False,2021-12-06,Firecracker Chimney,Firecracker
EmoteChronos15,134,0,True,False,sfx/emotes/emotes_rocket_goblinride_dl.ogg,sc/emotes_rocket_goblinride_dl.sc,True,False,False,2021-12-06,Rocket Goblin Ride,Rocket
EmoteChronos16,135,0,True,False,sfx/emotes/emotes_goldenknight_fail_dl.ogg,sc/emotes_goldenknight_fail_dl.sc,False,True,False,2021-12-16,Golden Knight Fail,GoldenKnight
EmoteChronos17,136,0,True,False,sfx/emotes/emotes_lavahound_dizzy_dl.ogg,sc/emotes_lavahound_dizzy_dl.sc,False,True,False,2022-02-07,Lava Hound Dizzy,LavaHound
EmoteChronos18,137,0,True,False,sfx/emotes/emotes_firespirit_candle_dl.ogg,sc/emotes_firespirit_candle_dl.sc,True,False,False,2022-03-02,FireSpirit Light-a-Candle,a
EmoteChronos19,138,0,True,False,sfx/emotes/emotes_healspirit_loveface_dl.ogg,sc/emotes_healspirit_loveface_dl.sc,False,True,False,2022-03-07,HealSpirit Healed-by-Love,Spirit
EmoteChronos20,139,0,True,False,sfx/emotes/emotes_healspirit_jellydance_dl.ogg,sc/emotes_healspirit_jellydance_dl.sc,False,True,False,2022-03-02,HealSpirit Jelly-Dance,Spirit
EmoteChronos21,140,0,True,False,sfx/emotes/emotes_healspirit_thumbsup_dl.ogg,sc/emotes_healspirit_thumbsup_dl.sc,True,False,False,2022-03-17,HealSpirit Heal-Buddy,Spirit
EmoteChronos22,141,0,True,False,sfx/emotes/emotes_electrospirit_moustache_dl.ogg,sc/emotes_electrospirit_moustache_dl.sc,True,False,False,2022-03-07,ElectroSpirit Electromoustache,Spirit
EmoteChronos23,142,0,True,False,sfx/emotes/emotes_mightyminer_bomb_dl.ogg,sc/emotes_mightyminer_bomb_dl.sc,False,True,False,2022-04-04,MightyMiner Bomb,MightyMiner
EmoteChronos24,143,0,True,False,sfx/emotes/emotes_miner_buried_dl.ogg,sc/emotes_miner_buried_dl.sc,False,True,False,2022-04-04,Miner Buried,Miner
EmoteChronos25,144,0,True,False,sfx/emotes/emotes_miner_shovel_dl.ogg,sc/emotes_miner_shovel_dl.sc,True,False,False,2022-04-04,Miner Shovel,Miner
EmoteChronos26,145,0,True,False,sfx/emotes/emotes_mightyminer_almighty_dl.ogg,sc/emotes_mightyminer_almighty_dl.sc,True,False,False,2022-04-04,MightyMiner Almighty,MightyMiner
EmoteChronos27,146,0,True,False,sfx/emotes/emotes_royalgiant_gorgeous_dl.ogg,sc/emotes_royalgiant_gorgeous_dl.sc,False,True,False,2022-03-28,RoyalGiant Gorgeous,RoyalGiant
EmoteChronos28,147,0,True,False,sfx/emotes/emotes_mwhog_dance_dl.ogg,sc/emotes_mwhog_dance_dl.sc,True,False,False,2022-05-02,MWHog Dance,MotherWitch
EmoteChronos29,148,0,True,False,sfx/emotes/emotes_mwhog_morph_dl.ogg,sc/emotes_mwhog_morph_dl.sc,True,False,False,2022-05-02,MWHog Morph,MotherWitch
EmoteChronos30,149,0,True,False,sfx/emotes/emotes_witch_skelelove_dl.ogg,sc/emotes_witch_skelelove_dl.sc,False,True,False,2022-05-02,Witch SkeleLove,Witch
EmoteChronos31,150,0,True,False,sfx/emotes/emotes_witch_skelerise_dl.ogg,sc/emotes_witch_skelerise_dl.sc,False,True,False,2022-05-02,Witch SkeleRise,Witch
EmoteChronos32,151,0,True,False,sfx/emotes/emotes_lumberjack_bottle_dl.ogg,sc/emotes_lumberjack_bottle_dl.sc,True,False,False,2022-05-02,Lumberjack Bottle,Lumberjack
EmoteChronos33,152,0,True,False,sfx/emotes/emotes_goblin_boneritual_dl.ogg,sc/emotes_goblin_boneritual_dl.sc,True,False,False,2022-06-06,Goblin Bone-Ritual,Goblin
EmoteChronos34,153,0,False,False,sfx/emotes/emotes_goblin_eternalwait_dl.ogg,sc/emotes_goblin_eternalwait_dl.sc,TRUE,False,False,2022-06-06,Goblin Eternal Wait,Goblin
EmoteChronos35,154,0,True,False,sfx/emotes/emotes_goblin_gobarian_dl.ogg,sc/emotes_goblin_gobarian_dl.sc,FALSE,True,False,2022-06-06,Go-barian,Goblin
EmoteChronos36,155,0,True,False,sfx/emotes/emotes_skeleton_dancing_dl.ogg,sc/emotes_skeleton_dancing_dl.sc,TRUE,False,False,2022-06-06,Skeleton Dance,Skeleton
EmoteChronos37,156,0,True,False,sfx/emotes/emotes_skeletongiant_clueless_dl.ogg,sc/emotes_skeletongiant_clueless_dl.sc,FALSE,True,False,2022-06-06,Skeleton Giant Clueless,SkeletonGiant
EmoteChronos38,157,0,True,False,sfx/emotes/emotes_skeletongiant_loosejaw_dl.ogg,sc/emotes_skeletongiant_loosejaw_dl.sc,TRUE,False,False,2022-06-06,Skeleton Giant Loosejaw,SkeletonGiant
EmoteChronos39,158,0,True,False,sfx/emotes/emotes_minipekka_pancakerage_dl.ogg,sc/emotes_minipekka_pancakerage_dl.sc,TRUE,False,False,2022-07-01,Mini PEKKA Pancake Rage,MiniPekka
EmoteChronos40,159,0,True,False,sfx/emotes/emotes_minipekka_pancakesuit_dl.ogg,sc/emotes_minipekka_pancakesuit_dl.sc,FALSE,True,False,2022-07-01,Mini PEKKA Pancake Suit,MiniPekka
EmoteChronos41,160,0,True,False,sfx/emotes/emotes_pekka_battlefly_dl.ogg,sc/emotes_pekka_battlefly_dl.sc,TRUE,False,False,2022-07-01,PEKKA Battlefly,PEKKA
EmoteChronos42,161,0,True,False,sfx/emotes/emotes_pekka_robodance_dl.ogg,sc/emotes_pekka_robodance_dl.sc,TRUE,False,False,2022-07-01,PEKKA Robodance,PEKKA
EmoteChronos43,162,0,True,False,sfx/emotes/emotes_pekka_activate_dl.ogg,sc/emotes_pekka_activate_dl.sc,TRUE,False,False,2022-07-01,PEKKA Activate,PEKKA
EmoteChronos44,163,0,True,False,sfx/emotes/emotes_barbarian_backintime_dl.ogg,sc/emotes_barbarian_backintime_dl.sc,TRUE,False,False,2022-08-01,Barbarian 8bit BackInTime,Barbarian8bit
EmoteChronos45,164,0,True,False,sfx/emotes/emotes_barbarian_pixelfrenzy_dl.ogg,sc/emotes_barbarian_pixelfrenzy_dl.sc,TRUE,False,False,2022-08-01,Barbarian 8bit PixelFrenzy,Barbarian8bit
EmoteChronos46,165,0,True,False,sfx/emotes/emotes_barbarian_pixelup_dl.ogg,sc/emotes_barbarian_pixelup_dl.sc,FALSE,True,False,2022-08-01,Barbarian 8bit PixelUp,Barbarian8bit
EmoteChronos47,166,0,True,False,sfx/emotes/emotes_king_pixelcrown_dl.ogg,sc/emotes_king_pixelcrown_dl.sc,FALSE,False,False,2022-08-01,King 8bit Crown,King8bit
EmoteChronos48,167,0,False,False,sfx/emotes/emotes_king_pixelized_dl.ogg,sc/emotes_king_pixelized_dl.sc,TRUE,False,False,2022-08-01,King 8bit Pixelized,King8bit
EmoteChronos49,168,0,True,False,sfx/emotes/emotes_king_pixeltower_dl.ogg,sc/emotes_king_pixeltower_dl.sc,FALSE,False,False,2022-08-01,King 8bit PixelTower,King8bit
EmoteChronos50,169,0,True,False,sfx/emotes/emotes_barbarian_watchingyou_dl.ogg,sc/emotes_barbarian_watchingyou_dl.sc,TRUE,False,False,2022-09-05,Barbarian WatchingYou,Barbarian
EmoteChronos51,170,0,True,False,sfx/emotes/emotes_battlehealer_selfheal_dl.ogg,sc/emotes_battlehealer_selfheal_dl.sc,True,False,False,2022-09-05,Battle Healer Self Heal,BattleHealer
EmoteChronos52,171,0,True,False,sfx/emotes/emotes_electrowizardgiant_epichighfive_dl.ogg,sc/emotes_electrowizardgiant_epichighfive_dl.sc,TRUE,False,False,2022-09-05,Electro Epic High Five,eGiant
EmoteChronos53,172,0,True,False,sfx/emotes/emotes_elitebarbarian_gorilla_dl.ogg,sc/emotes_elitebarbarian_gorilla_dl.sc,TRUE,False,False,2022-09-05,Elite Barbarian Gorilla,Barbarian
EmoteChronos54,173,0,True,False,sfx/emotes/emotes_elixirgolem_win_dl.ogg,sc/emotes_elixirgolem_win_dl.sc,TRUE,False,False,2022-09-05,Elixir Golem Win,eGolem
EmoteChronos55,174,0,True,False,sfx/emotes/emotes_goblin_carnival_dl.ogg,sc/emotes_goblin_carnival_dl.sc,TRUE,False,False,2022-09-05,Goblin Carnival,Goblin
EmoteChronos56,175,0,True,False,sfx/emotes/emotes_hogrider_cheerleader_dl.ogg,sc/emotes_hogrider_cheerleader_dl.sc,TRUE,False,False,2022-09-05,HogRider Cheerleader,HogRider
EmoteChronos57,176,0,True,False,sfx/emotes/emotes_king_tvroyale_dl.ogg,sc/emotes_king_tvroyale_dl.sc,FALSE,True,False,2022-09-05,King TV Royale,King
EmoteChronos58,177,0,True,False,sfx/emotes/emotes_lumberjack_thirdeye_dl.ogg,sc/emotes_lumberjack_thirdeye_dl.sc,TRUE,False,False,2022-09-05,Lumberjack Third Eye,Lumberjack
EmoteChronos59,178,0,True,False,sfx/emotes/emotes_teslatower_electrocuter_dl.ogg,sc/emotes_teslatower_electrocuter_dl.sc,True,False,False,2022-09-05,Tesla Electrocuter,Tesla
EmoteChronos60,179,0,True,False,sfx/emotes/emotes_motherwitch_hogcharge_dl.ogg,sc/emotes_motherwitch_hogcharge_dl.sc,TRUE,False,False,2022-10-03,Mother Witch Hog Charge,MotherWitch
EmoteChronos61,180,0,True,False,sfx/emotes/emotes_motherwitch_knitting_dl.ogg,sc/emotes_motherwitch_knitting_dl.sc,TRUE,False,False,2022-10-03,Mother Witch Knitting,MotherWitch
EmoteChronos62,181,0,True,False,sfx/emotes/emotes_nightwitch_guitar_dl.ogg,sc/emotes_nightwitch_guitar_dl.sc,TRUE,False,False,2022-10-03,Night Witch Guitar,NightWitch
EmoteChronos63,182,0,True,False,sfx/emotes/emotes_nightwitch_moon_dl.ogg,sc/emotes_nightwitch_moon_dl.sc,FALSE,True,False,2022-10-03,Night Witch Moon,NightWitch
EmoteChronos64,183,0,True,False,sfx/emotes/emotes_bat_crazydance_dl.ogg,sc/emotes_bat_crazydance_dl.sc,True,False,False,2022-10-03,Bat Crazy Dance,Bat
EmoteChronos65,184,0,True,False,sfx/emotes/emotes_ram_scream_dl.ogg,sc/emotes_ram_scream_dl.sc,TRUE,False,False,2022-10-27,Ram Scream,RamRider
EmoteChronos66,185,0,True,False,sfx/emotes/emotes_monk_arrow_dl.ogg,sc/emotes_monk_arrow_dl.sc,FALSE,True,False,2022-10-27,Monk Arrow,Monk
EmoteChronos67,186,0,True,False,sfx/emotes/emotes_monk_defense_dl.ogg,sc/emotes_monk_defense_dl.sc,TRUE,False,False,2022-10-27,Monk Defense,Monk
EmoteChronos68,187,0,True,False,sfx/emotes/emotes_monk_ready_dl.ogg,sc/emotes_monk_ready_dl.sc,TRUE,False,False,2022-10-27,Monk Ready,Monk
EmoteChronos69,188,0,True,False,sfx/emotes/emotes_phoenix_bowling_dl.ogg,sc/emotes_phoenix_bowling_dl.sc,True,False,False,2022-10-27,Phoenix Bowling,Phoenix
EmoteChronos70,189,0,True,False,sfx/emotes/emotes_phoenix_eggcrown_dl.ogg,sc/emotes_phoenix_eggcrown_dl.sc,TRUE,False,False,2022-10-27,Phoenix Egg Crown,Phoenix
EmoteChronos71,190,0,True,False,sfx/emotes/emotes_king_emperor_dl.ogg,sc/emotes_king_emperor_dl.sc,FALSE,True,False,2022-10-27,King Emperor,King
EmoteChronos72,191,0,True,False,sfx/emotes/emotes_king_belt_dl.ogg,sc/emotes_king_belt_dl.sc,FALSE,True,False,2022-10-27,King Belt,King
EmoteChronos73,192,0,True,False,sfx/emotes/emotes_hog_gingerbread_dl.ogg,sc/emotes_hog_gingerbread_dl.sc,FALSE,True,False,2022-12-05,Hog Gingerbread,Hog
EmoteChronos74,193,0,True,False,sfx/emotes/emotes_hog_reindeerfly_dl.ogg,sc/emotes_hog_reindeerfly_dl.sc,TRUE,False,False,2022-12-05,Hog Reindeer,Hog
EmoteChronos75,194,0,True,False,sfx/emotes/emotes_hogrider_santasack_dl.ogg,sc/emotes_hogrider_santasack_dl.sc,TRUE,False,False,2022-12-05,HogRider SantaSack,HogRider
EmoteChronos76,195,0,True,False,sfx/emotes/emotes_hogrider_snowball_dl.ogg,sc/emotes_hogrider_snowball_dl.sc,TRUE,False,False,2022-12-05,HogRider Snowball,HogRider
EmoteChronos77,196,0,True,False,sfx/emotes/emotes_valkyrie_treecut_dl.ogg,sc/emotes_valkyrie_treecut_dl.sc,TRUE,False,False,2022-12-05,Valkyrie Treecut,Valkyrie
EmoteChronos78,197,0,True,False,sfx/emotes/emotes_firespirit_coalnaughty_dl.ogg,sc/emotes_firespirit_coalnaughty_dl.sc,TRUE,False,False,2022-12-05,FireSpirit Naughty,Spirit
EmoteChronos79,198,0,True,False,sfx/emotes/emotes_firespirit_coalnice_dl.ogg,sc/emotes_firespirit_coalnice_dl.sc,TRUE,False,False,2022-12-05,FireSpirit Nice,Spirit
EmoteChronos80,199,0,True,False,sfx/emotes/emotes_icegolem_attention_dl.ogg,sc/emotes_icegolem_attention_dl.sc,TRUE,False,False,2023-01-02,Ice Golem Hi,IceGolem
EmoteChronos81,200,0,True,False,sfx/emotes/emotes_icegolem_breakarm_dl.ogg,sc/emotes_icegolem_breakarm_dl.sc,True,False,False,2023-01-02,Ice Golem Smash,IceGolem
EmoteChronos82,201,0,True,False,sfx/emotes/emotes_icegolem_snowpile_dl.ogg,sc/emotes_icegolem_snowpile_dl.sc,FALSE,True,False,2023-01-02,Ice Golem Snow,IceGolem
EmoteChronos83,202,0,True,False,sfx/emotes/emotes_rabbit_dab_dl.ogg,sc/emotes_rabbit_dab_dl.sc,TRUE,False,False,2023-01-02,Rabbit Dab,Wizard
EmoteChronos84,203,0,True,False,sfx/emotes/emotes_rabbit_thumbsup_dl.ogg,sc/emotes_rabbit_thumbsup_dl.sc,FALSE,True,False,2023-01-02,Rabbit Thumbs Up,Generic
EmoteChronos85,204,0,True,False,sfx/emotes/emotes_golem_hearttatoo_dl.ogg,sc/emotes_golem_hearttatoo_dl.sc,TRUE,False,False,2023-02-06,Golem Heart,Golem
EmoteChronos86,205,0,True,False,sfx/emotes/emotes_golem_rocker_dl.ogg,sc/emotes_golem_rocker_dl.sc,TRUE,False,False,2023-02-06,Golem Rocker,Golem
EmoteChronos87,206,0,True,False,sfx/emotes/emotes_golem_supervillain_dl.ogg,sc/emotes_golem_supervillain_dl.sc,FALSE,True,False,2023-02-06,Golem Supervillan,Golem
EmoteChronos88,207,0,True,False,sfx/emotes/emotes_magicarcher_magicbow_dl.ogg,sc/emotes_magicarcher_magicbow_dl.sc,TRUE,False,False,2023-02-06,MagicArcher Bow,MagicArcher
EmoteChronos89,208,0,True,False,sfx/emotes/emotes_magicarcher_magicheart_dl.ogg,sc/emotes_magicarcher_magicheart_dl.sc,TRUE,False,False,2023-02-06,MagicArcher Heart,MagicArcher
EmoteChronos90,209,0,True,False,sfx/emotes/emotes_sparky_electroheart_dl.ogg,sc/emotes_sparky_electroheart_dl.sc,TRUE,False,False,2023-02-06,Sparky Heart,Sparky
EmoteChronos91,210,0,True,False,sfx/emotes/emotes_sparky_lovebox_dl.ogg,sc/emotes_sparky_lovebox_dl.sc,FALSE,True,False,2023-02-06,Sparky LoveBox,Sparky
EmoteChronos92,211,0,True,False,sfx/emotes/emotes_executioner_carrots_dl.ogg,sc/emotes_executioner_carrots_dl.sc,FALSE,False,False,2023-02-06,Executioner Carrots,Executioner
EmoteChronos93,212,0,True,False,sfx/emotes/emotes_goblingiant_afraid_dl.ogg,sc/emotes_goblingiant_afraid_dl.sc,FALSE,True,False,2023-03-06,Goblin Giant Afraid,GiantGoblin
EmoteChronos94,213,0,True,False,sfx/emotes/emotes_goblin_guitarfire_dl.ogg,sc/emotes_goblin_guitarfire_dl.sc,TRUE,False,False,2023-03-06,Goblin Guitar Fire,Goblin
EmoteChronos95,214,0,True,False,sfx/emotes/emotes_goblin_micdrop_dl.ogg,sc/emotes_goblin_micdrop_dl.sc,TRUE,False,False,2023-03-06,Goblin Micdrop,Goblin
EmoteChronos96,215,0,True,False,sfx/emotes/emotes_goblin_robotdance_dl.ogg,sc/emotes_goblin_robotdance_dl.sc,TRUE,False,False,2023-03-06,Goblin Robot Dance,Goblin
EmoteChronos97,216,0,True,False,sfx/emotes/emotes_wizard_discoballs_dl.ogg,sc/emotes_wizard_discoballs_dl.sc,TRUE,False,False,2023-03-06,Wizard Disco Balls,Wizard
EmoteChronos98,217,0,True,False,sfx/emotes/emotes_wizard_discodance_dl.ogg,sc/emotes_wizard_discodance_dl.sc,FALSE,True,False,2023-03-06,Wizard Disco Dance,Wizard
EmoteChronos99,218,0,True,False,sfx/emotes/emotes_archer_arrowfail_dl.ogg,sc/emotes_archer_arrowfail_dl.sc,FALSE,True,False,2023-04-03,Archer Arrow Fail,Archer
EmoteChronos100,219,0,True,False,sfx/emotes/emotes_archer_supersight_dl.ogg,sc/emotes_archer_supersight_dl.sc,TRUE,False,False,2023-04-03,Archer Supersight,Archer
EmoteChronos101,220,0,True,False,sfx/emotes/emotes_darkprince_mace_dl.ogg,sc/emotes_darkprince_mace_dl.sc,FALSE,True,False,2023-04-03,DarkPrince Mace,Dark Prince
EmoteChronos102,221,0,True,False,sfx/emotes/emotes_darkprince_sleepy_dl.ogg,sc/emotes_darkprince_sleepy_dl.sc,TRUE,False,False,2023-04-03,DarkPrince Sleepy,Dark Prince
EmoteChronos103,222,0,True,False,sfx/emotes/emotes_prince_epicsilly_dl.ogg,sc/emotes_prince_epicsilly_dl.sc,TRUE,False,False,2023-04-03,Prince Epic Silly,Prince
EmoteChronos104,223,0,True,False,sfx/emotes/emotes_prince_lanceclean_dl.ogg,sc/emotes_prince_lanceclean_dl.sc,TRUE,False,False,2023-04-03,Prince Lance Clean,Prince
EmoteChronos105,224,0,True,False,sfx/emotes/emotes_rokkus_angry_dl.ogg,sc/emotes_rokkus_angry_dl.sc,FALSE,True,False,2023-05-04,HogRider Angry,HogRider
EmoteChronos106,225,0,True,False,sfx/emotes/emotes_pimpim_smash_dl.ogg,sc/emotes_pimpim_smash_dl.sc,TRUE,False,False,2023-05-04,Hog Smash,Hog
EmoteChronos107,226,0,True,False,sfx/emotes/emotes_rokkus_laugh_dl.ogg,sc/emotes_rokkus_laugh_dl.sc,FALSE,True,False,2023-05-04,HogRider Laugh,HogRider
EmoteChronos108,227,0,True,False,sfx/emotes/emotes_terry_plunger_dl.ogg,sc/emotes_terry_plunger_dl.sc,FALSE,False,False,2023-05-04,HogRider Plunger,HogRider
EmoteChronos109,228,0,True,False,sfx/emotes/emotes_terry_transform_dl.ogg,sc/emotes_terry_transform_dl.sc,TRUE,False,False,2023-05-04,HogRider Transform,HogRider
EmoteChronos110,229,0,True,False,sfx/emotes/emotes_archerqueen_rockevolution_dl.ogg,sc/emotes_archerqueen_rockevolution_dl.sc,TRUE,False,False,2023-05-22,ArcherQueen Rock,ArcherQueen
EmoteChronos111,230,0,True,False,sfx/emotes/emotes_battlehealer_rainbow_dl.ogg,sc/emotes_battlehealer_rainbow_dl.sc,TRUE,False,False,2023-05-22,BattleHealer Rainbow,BattleHealer
EmoteChronos112,231,0,True,False,sfx/emotes/emotes_goldenknight_hairspin_dl.ogg,sc/emotes_goldenknight_hairspin_dl.sc,FALSE,True,False,2023-05-22,GoldenKnight Hairspin,GoldenKnight
EmoteChronos113,232,0,True,False,sfx/emotes/emotes_goldenknight_rockevolution_dl.ogg,sc/emotes_goldenknight_rockevolution_dl.sc,FALSE,True,False,2023-05-22,GoldenKnight Rock,GoldenKnight
EmoteChronos114,233,0,True,False,sfx/emotes/emotes_rascals_lovegum_dl.ogg,sc/emotes_rascals_lovegum_dl.sc,TRUE,False,False,2023-05-22,Rascals Lovegum,Rascals
EmoteChronos115,234,0,True,False,sfx/emotes/emotes_skeletonking_rockevolution_dl.ogg,sc/emotes_skeletonking_rockevolution_dl.sc,TRUE,False,False,2023-05-22,SkeletonKing Rock,SkeletonKing
EmoteChronos116,235,0,True,False,sfx/emotes/emotes_barbarianevo_power_dl.ogg,sc/emotes_barbarianevo_power_dl.sc,FALSE,True,False,2023-06-13,Barbarian Evo,Barbarian
EmoteChronos117,236,0,True,False,sfx/emotes/emotes_firecrackerevo_supersize_dl.ogg,sc/emotes_firecrackerevo_supersize_dl.sc,TRUE,False,False,2023-06-13,Firecracker Evo,Firecracker
EmoteChronos118,237,0,True,False,sfx/emotes/emotes_mortarevo_goblin_dl.ogg,sc/emotes_mortarevo_goblin_dl.sc,FALSE,True,False,2023-06-13,Mortar Evo,Mortar
EmoteChronos119,238,0,True,False,sfx/emotes/emotes_royalgiantevo_angry_dl.ogg,sc/emotes_royalgiantevo_angry_dl.sc,TRUE,False,False,2023-06-13,RoyalGiant Evo,RoyalGiant
EmoteChronos120,239,0,True,False,sfx/emotes/emotes_skeletonevo_sword_dl.ogg,sc/emotes_skeletonevo_sword_dl.sc,TRUE,False,False,2023-06-13,Skeleton Evo,Skeleton
EmoteChronos121,240,0,True,False,sfx/emotes/emotes_king_nowifi_dl.ogg,sc/emotes_king_nowifi_dl.sc,TRUE,False,False,2023-06-13,King No WiFi,King
EmoteChronos122,241,0,True,False,sfx/emotes/emotes_barbarian_clasharamapecs_dl.ogg,sc/emotes_barbarian_clasharamapecs_dl.sc,FALSE,True,False,2023-06-28,Barbarian Pecs,Barbarian
EmoteChronos123,242,0,True,False,sfx/emotes/emotes_hogrider_clasharamaride_dl.ogg,sc/emotes_hogrider_clasharamaride_dl.sc,TRUE,False,False,2023-06-28,Hogrider Ride,Hogrider
EmoteChronos124,243,0,True,False,sfx/emotes/emotes_knightevo_arrow_dl.ogg,sc/emotes_knightevo_arrow_dl.sc,FALSE,True,False,2023-06-28,Knight Evo,Knight
EmoteChronos125,244,0,True,False,sfx/emotes/emotes_king_clasharamaclap_dl.ogg,sc/emotes_king_clasharamaclap_dl.sc,TRUE,False,False,2023-06-28,King Clap,King
EmoteChronos126,245,0,True,False,sfx/emotes/emotes_megaminion_supercellmake_dl.ogg,sc/emotes_megaminion_supercellmake_dl.sc,True,False,False,2023-06-28,MegaMinion Mute,MegaMinion
EmoteChronos127,246,0,True,False,sfx/emotes/emotes_king_clasharamanap_dl.ogg,sc/emotes_king_clasharamanap_dl.sc,TRUE,False,False,2023-06-28,King Ring,King
EmoteChronos128,247,0,True,False,sfx/emotes/emotes_king_chesscheck_dl.ogg,sc/emotes_king_chesscheck_dl.sc,FALSE,True,False,2023-07-31,King Chess Check,King Chess
EmoteChronos129,248,0,True,False,sfx/emotes/emotes_chess_chesscrush_dl.ogg,sc/emotes_chess_chesscrush_dl.sc,TRUE,False,False,2023-07-31,King Chess Crush,King Chess
EmoteChronos130,249,0,True,False,sfx/emotes/emotes_king_chessquit_dl.ogg,sc/emotes_king_chessquit_dl.sc,TRUE,False,False,2023-07-31,King Chess Quit,King Chess
EmoteChronos131,250,0,True,False,sfx/emotes/emotes_king_chessthink_dl.ogg,sc/emotes_king_chessthink_dl.sc,TRUE,False,False,2023-07-31,King Chess Think,King Chess
EmoteChronos132,251,0,True,False,sfx/emotes/emotes_royalrecruitevo_wakeup_dl.ogg,sc/emotes_royalrecruitevo_wakeup_dl.sc,FALSE,True,False,2023-07-31,Royale Recruit Evo Wakeup,RoyaleRecruit
EmoteChronos133,252,0,True,False,sfx/emotes/emotes_king_redbutton_dl.ogg,sc/emotes_king_redbutton_dl.sc,FALSE,False,False,2023-07-31,King Red Button,King
EmoteChronos134,253,0,True,False,sfx/emotes/emotes_king_unfold_dl.ogg,sc/emotes_king_unfold_dl.sc,FALSE,False,False,2023-07-31,King Unfold,King
EmoteChronos135,254,0,True,False,sfx/emotes/emotes_batevo_spin_dl.ogg,sc/emotes_batevo_spin_dl.sc,FALSE,True,False,2023-09-18,BatEvo Spin,Bat
EmoteChronos136,255,0,True,False,sfx/emotes/emotes_motherwitch_cook_dl.ogg,sc/emotes_motherwitch_cook_dl.sc,TRUE,False,False,2023-09-18,Mother Witch Cook,MotherWitch
EmoteChronos137,256,0,True,False,sfx/emotes/emotes_nightwitch_papercut_dl.ogg,sc/emotes_nightwitch_papercut_dl.sc,TRUE,False,False,2023-09-18,Night Witch Papercut,NightWitch
EmoteChronos138,257,0,True,False,sfx/emotes/emotes_witch_fail_dl.ogg,sc/emotes_witch_fail_dl.sc,FALSE,True,False,2023-09-18,Witch Fail,Witch
EmoteChronos139,258,0,True,False,sfx/emotes/emotes_motherwitch_villain_dl.ogg,sc/emotes_motherwitch_villain_dl.sc,TRUE,False,False,2023-09-18,Mother Witch Villain,MotherWitch
EmoteChronos140,259,0,True,False,sfx/emotes/emotes_archerevo_arrow_dl.ogg,sc/emotes_archerevo_arrow_dl.sc,False,True,False,2023-10-19,Archer Arrow,Archer
EmoteChronos141,260,0,True,False,sfx/emotes/emotes_archerevo_braid_dl.ogg,sc/emotes_archerevo_braid_dl.sc,False,True,False,2023-10-19,Archer Braid,Archer
EmoteChronos142,261,0,True,False,sfx/emotes/emotes_littleprince_attack_dl.ogg,sc/emotes_littleprince_attack_dl.sc,True,False,False,2023-10-19,Little Prince Attack,LittlePrince
EmoteChronos143,262,0,True,False,sfx/emotes/emotes_littleprince_taunt_dl.ogg,sc/emotes_littleprince_taunt_dl.sc,False,False,False,2023-10-19,Little Prince Taunt,LittlePrince
EmoteChronos144,263,0,True,False,sfx/emotes/emotes_littleprince_wink_dl.ogg,sc/emotes_littleprince_wink_dl.sc,False,False,False,2023-10-19,Little Prince Wink,LittlePrince
EmoteChronos145,264,0,True,False,sfx/emotes/emotes_goblin_boohoo_dl.ogg,sc/emotes_goblin_boohoo_dl.sc,False,False,False,2023-11-14,Goblin Boohoo,Goblin
EmoteChronos146,265,0,True,False,sfx/emotes/emotes_goblin_grinch_dl.ogg,sc/emotes_goblin_grinch_dl.sc,False,False,False,2023-11-14,Goblin Grinch,Goblin
EmoteChronos147,266,0,True,False,sfx/emotes/emotes_icepiritevo_kingfreeze_dl.ogg,sc/emotes_icepiritevo_kingfreeze_dl.sc,False,True,False,2023-11-14,Ice Spirit King Freeze,Spirit
EmoteChronos148,267,0,True,False,sfx/emotes/emotes_icepiritevo_swordfreeze_dl.ogg,sc/emotes_icepiritevo_swordfreeze_dl.sc,False,True,False,2023-11-14,Ice Spirit Sword Freeze,Spirit
EmoteChronos149,268,0,True,False,sfx/emotes/emotes_lumberjack_cheers_dl.ogg,sc/emotes_lumberjack_cheers_dl.sc,False,False,False,2023-11-14,Lumberjack Cheers,Lumberjack
EmoteChronos150,269,0,True,False,sfx/emotes/emotes_lumberjack_xmasdance_dl.ogg,sc/emotes_lumberjack_xmasdance_dl.sc,False,False,False,2023-11-14,Lumberjack Xmas Dance,Lumberjack
EmoteChronos151,270,0,True,False,sfx/emotes/emotes_cannoneer_boom_dl.ogg,sc/emotes_cannoneer_boom_dl.sc,False,False,False,2023-12-14,Cannoneer boom,Cannoneer
EmoteChronos152,271,0,True,False,sfx/emotes/emotes_cannoneer_lever_dl.ogg,sc/emotes_cannoneer_lever_dl.sc,False,True,False,2023-12-14,Cannoneer Lever,Cannoneer
EmoteChronos153,272,0,True,False,sfx/emotes/emotes_cannoneer_pyro_dl.ogg,sc/emotes_cannoneer_pyro_dl.sc,False,False,False,2023-12-14,Cannoneer Pyro,Cannoneer
EmoteChronos154,273,0,True,False,sfx/emotes/emotes_valkyrieevo_axerise_dl.ogg,sc/emotes_valkyrieevo_axerise_dl.sc,False,True,False,2023-12-14,Valkyrieevo Axerise,Valkyrie
EmoteChronos155,274,0,True,False,sfx/emotes/emotes_valkyrieevo_hairspin_dl.ogg,sc/emotes_valkyrieevo_hairspin_dl.sc,False,False,False,2023-12-14,Valkyrieevo hairspin,Valkyrie
EmoteChronos156,275,0,True,False,sfx/emotes/emotes_valkyrieevo_reveal_dl.ogg,sc/emotes_valkyrieevo_reveal_dl.sc,True,False,False,2023-12-14,Valkyrieevo reveal,Valkyrie
EmoteChronos157,276,0,True,False,sfx/emotes/emotes_bomberevo_bombheart_dl.ogg,sc/emotes_bomberevo_bombheart_dl.sc,False,True,False,2024-01-15,Bomber Evo Heart,Bomber
EmoteChronos158,277,0,True,False,sfx/emotes/emotes_bomberevo_boomglasses_dl.ogg,sc/emotes_bomberevo_boomglasses_dl.sc,False,True,False,2024-01-15,Bomber Evo Boom glasses,Bomber
EmoteChronos159,278,0,True,False,sfx/emotes/emotes_wallbreakerevo_kamikaze_dl.ogg,sc/emotes_wallbreakerevo_kamikaze_dl.sc,True,False,False,2024-01-15,Wallbreakers Evo Kamikaze,Wallbreakers
EmoteChronos160,279,0,True,False,sfx/emotes/emotes_wallbreakerevo_lovepocalypse_dl.ogg,sc/emotes_wallbreakerevo_lovepocalypse_dl.sc,False,False,False,2024-01-15,Wallbreakers Evo Love Apocalypse,Wallbreakers
EmoteChronos161,280,0,True,False,sfx/emotes/emotes_electrogiant_partycake_dl.ogg,sc/emotes_electrogiant_partycake_dl.sc,False,False,False,2024-02-21,Electro Giant Party Cake,ElectroGiant
EmoteChronos162,281,0,True,False,sfx/emotes/emotes_electrogiant_zapdrink_dl.ogg,sc/emotes_electrogiant_zapdrink_dl.sc,False,True,False,2024-02-21,Electro Giant Zap Drink,ElectroGiant
EmoteChronos163,282,0,True,False,sfx/emotes/emotes_goblin_zapdance_dl.ogg,sc/emotes_goblin_zapdance_dl.sc,True,False,False,2024-02-21,Goblin Zap Dance,Goblin
EmoteChronos164,283,0,True,False,sfx/emotes/emotes_king_sweating_dl.ogg,sc/emotes_king_sweating_dl.sc,False,True,False,2024-02-21,King Sweating,King
EmoteChronos165,284,0,True,False,sfx/emotes/emotes_king_zapcrown_dl.ogg,sc/emotes_king_zapcrown_dl.sc,False,False,False,2024-02-21,King Zap Crown,King
EmoteChronos166,285,0,True,False,sfx/emotes/emotes_battleramevo_breakin_dl.ogg,sc/emotes_battleramevo_breakin_dl.sc,False,True,False,2024-03-21,Ham Breaking In,BattleRam
EmoteChronos167,286,0,True,False,sfx/emotes/emotes_daggerduchess_bored_dl.ogg,sc/emotes_daggerduchess_bored_dl.sc,False,False,False,2024-03-21,Dagger Duchess Bored,DaggerDuchess
EmoteChronos168,287,0,True,False,sfx/emotes/emotes_daggerduchess_heartslash_dl.ogg,sc/emotes_daggerduchess_heartslash_dl.sc,False,False,False,2024-03-21,Dagger Duchess No Love,DaggerDuchess
EmoteChronos169,288,0,True,False,sfx/emotes/emotes_daggerduchess_menacing_dl.ogg,sc/emotes_daggerduchess_menacing_dl.sc,False,False,False,2024-03-21,Dagger Duchess Full House,DaggerDuchess
EmoteChronos170,289,0,True,False,sfx/emotes/emotes_princess_goahead_dl.ogg,sc/emotes_princess_goahead_dl.sc,False,True,False,2024-03-21,Princess Tell me more,Princess
EmoteChronos171,290,0,True,False,sfx/emotes/emotes_elixirgolem_eastereggs_dl.ogg,sc/emotes_elixirgolem_eastereggs_dl.sc,False,True,False,2024-03-26,Elixir Golem Easter Eggs,eGolem
EmoteChronos172,291,0,True,False,sfx/emotes/emotes_pekka_rabbitsuit_dl.ogg,sc/emotes_pekka_rabbitsuit_dl.sc,False,True,False,2024-03-26,Easter Bunny P.E.K.K.A,Pekka
EmoteChronos173,292,0,True,False,sfx/emotes/emotes_ghostking_notpass_dl.ogg,sc/emotes_ghostking_notpass_dl.sc,False,True,False,2024-04-17,Ghost King Not Pass,Ghost
EmoteChronos174,293,0,True,False,sfx/emotes/emotes_hogrider_think_dl.ogg,sc/emotes_hogrider_think_dl.sc,False,False,False,2024-04-17,Hogrider Think,HogRider
EmoteChronos175,294,0,True,False,sfx/emotes/emotes_king_darkspell_dl.ogg,sc/emotes_king_darkspell_dl.sc,False,True,False,2024-04-17,King Darkspell,King
EmoteChronos176,295,0,True,False,sfx/emotes/emotes_king_squadbaby_dl.ogg,sc/emotes_king_squadbaby_dl.sc,False,True,False,2024-04-17,King Squad Baby,King
EmoteChronos177,296,0,True,False,sfx/emotes/emotes_king_squadspiral_dl.ogg,sc/emotes_king_squadspiral_dl.sc,False,True,False,2024-04-17,King Squad Spiral,King
EmoteChronos178,297,0,True,False,sfx/emotes/emotes_wizardevo_kame_dl.ogg,sc/emotes_wizardevo_kame_dl.sc,False,True,False,2024-04-17,Wizard Evo Kame,Wizard
EmoteChronos179,298,0,True,False,sfx/emotes/emotes_wizardevo_magic_dl.ogg,sc/emotes_wizardevo_magic_dl.sc,False,False,False,2024-04-17,Wizard Evo Magic,Wizard
EmoteChronos180,299,0,True,False,sfx/emotes/emotes_bowler_sus_dl.ogg,sc/emotes_bowler_sus_dl.sc,False,True,False,2024-05-24,Bowler Sus,Bowler
EmoteChronos181,300,0,True,False,sfx/emotes/emotes_king_hide_dl.ogg,sc/emotes_king_hide_dl.sc,False,False,False,2024-05-24,King Hide,King
EmoteChronos182,301,0,True,False,sfx/emotes/emotes_goblinbarrelevo_dance_dl.ogg,sc/emotes_goblinbarrelevo_dance_dl.sc,False,True,False,2024-05-24,Goblin Barrel Evo Dance,GoblinBarrel
EmoteChronos183,302,0,True,False,sfx/emotes/emotes_bat_01_dl.ogg,sc/emotes_bat_01_dl.sc,True,False,False,2024-05-24,Bats 01,Bats
EmoteChronos184,303,0,True,False,sfx/emotes/emotes_bat_sleep_dl.ogg,sc/emotes_bat_sleep_dl.sc,True,False,False,2024-05-24,Bats sleeping,Bats
EmoteChronos185,304,0,True,False,sfx/emotes/emotes_goblinqueen_cry_dl.ogg,sc/emotes_goblinqueen_cry_dl.sc,False,True,False,2024-06-05,Goblin Queen Cry,GoblinQueen
EmoteChronos186,305,0,True,False,sfx/emotes/emotes_goblinqueen_angry_dl.ogg,sc/emotes_goblinqueen_angry_dl.sc,False,True,False,2024-06-05,Goblin Queen Angry,GoblinQueen
EmoteChronos187,306,0,True,False,sfx/emotes/emotes_goblinqueen_thumbsdown_dl.ogg,sc/emotes_goblinqueen_thumbsdown_dl.sc,False,True,False,2024-06-05,Goblin Queen Thumbs Down,GoblinQueen
EmoteChronos188,307,0,True,False,sfx/emotes/emotes_goblinqueen_laugh_dl.ogg,sc/emotes_goblinqueen_laugh_dl.sc,False,True,False,2024-06-05,Goblin Queen Laugh,GoblinQueen
EmoteChronos189,308,0,True,False,sfx/emotes/emotes_hog_flush_dl.ogg,sc/emotes_hog_flush_dl.sc,False,False,False,2024-06-24,Hog Flush,Hog
EmoteChronos190,309,0,True,False,sfx/emotes/emotes_skeleton_tearspool_dl.ogg,sc/emotes_skeleton_tearspool_dl.sc,False,True,False,2024-06-24,Skeleton Tears Pool,Skeleton
EmoteChronos191,310,0,True,False,sfx/emotes/emotes_goblindrillevo_fallapart_dl.ogg,sc/emotes_goblindrillevo_fallapart_dl.sc,False,False,False,2024-06-24,Goblin Drill Evo Fall Apart,GoblinDrill
EmoteChronos192,311,0,True,False,sfx/emotes/emotes_goblingiantevo_parade_dl.ogg,sc/emotes_goblingiantevo_parade_dl.sc,False,True,False,2024-06-24,Goblin Giant Evo Parade,GoblinGiant
EmoteChronos193,312,0,True,False,sfx/emotes/emotes_barbarian_toiletpaper_dl.ogg,sc/emotes_barbarian_toiletpaper_dl.sc,False,False,False,2024-06-24,Barbarian Toilet Paper,Barbarian
EmoteChronos194,313,0,True,False,sfx/emotes/emotes_goblinbush_chillin_dl.ogg,sc/emotes_goblinbush_chillin_dl.sc,False,True,False,2024-07-12,Goblin Bush Chillin,SuspiciousBush
EmoteChronos195,314,0,True,False,sfx/emotes/emotes_goblinbush_tikidance_dl.ogg,sc/emotes_goblinbush_tikidance_dl.sc,False,False,False,2024-07-12,Goblin Bush Tikidance,SuspiciousBush
EmoteChronos196,315,0,True,False,sfx/emotes/emotes_goblincageevo_breakfree_dl.ogg,sc/emotes_goblincageevo_breakfree_dl.sc,False,True,False,2024-07-12,Goblin Cage Evo Break free,GoblinCage
EmoteChronos197,316,0,True,False,sfx/emotes/emotes_goblincageevo_evoflex_dl.ogg,sc/emotes_goblincageevo_evoflex_dl.sc,False,False,False,2024-07-12,Goblin Cage Evo Flex,GoblinCage
EmoteChronos198,317,0,True,False,sfx/emotes/emotes_barbarian_shirtrip_dl.ogg,sc/emotes_barbarian_shirtrip_dl.sc,False,True,False,2024-08-16,Barbarian Shirt Rip,Barbarian
EmoteChronos199,318,0,True,False,sfx/emotes/emotes_megaknightevo_timeout_dl.ogg,sc/emotes_megaknightevo_timeout_dl.sc,True,False,False,2024-08-16,Mega Knight Evo Timeout,MegaKnight
EmoteChronos200,319,0,True,False,sfx/emotes/emotes_megaknightevo_wreckingball_dl.ogg,sc/emotes_megaknightevo_wreckingball_dl.sc,False,True,False,2024-08-16,Mega Knight Evo Wrecking Ball,MegaKnight
EmoteChronos201,320,0,True,False,sfx/emotes/emotes_pekkaevo_broken_dl.ogg,sc/emotes_pekkaevo_broken_dl.sc,False,False,False,2024-08-16,Pekka Evo Broken,Pekka
EmoteChronos202,321,0,True,False,sfx/emotes/emotes_pekkaevo_slash_dl.ogg,sc/emotes_pekkaevo_slash_dl.sc,False,True,False,2024-08-16,Pekka Evo Slash,Pekka
EmoteChronos203,322,0,True,False,sfx/emotes/emotes_electrodragonevo_sparkplay_dl.ogg,sc/emotes_electrodragonevo_sparkplay_dl.sc,False,True,False,2024-09-13,Electro Dragon Spark Play,ElectroDragon
EmoteChronos204,323,0,True,False,sfx/emotes/emotes_goblinstein_boltscrew_dl.ogg,sc/emotes_goblinstein_boltscrew_dl.sc,False,True,False,2024-09-13,Goblinstein Bolt Screw,Goblinstein
EmoteChronos205,324,0,True,False,sfx/emotes/emotes_goblinstein_hatsoff_dl.ogg,sc/emotes_goblinstein_hatsoff_dl.sc,False,True,False,2024-09-13,Goblinstein Hats Off,Goblinstein
EmoteChronos206,325,0,True,False,sfx/emotes/emotes_goblinstein_scary_dl.ogg,sc/emotes_goblinstein_scary_dl.sc,False,True,False,2024-09-13,Goblinstein Scary,Goblinstein
EmoteChronos207,326,0,True,False,sfx/emotes/emotes_goblinsteindoctor_evillaugh_dl.ogg,sc/emotes_goblinsteindoctor_evillaugh_dl.sc,False,True,False,2024-09-13,Goblinstein Doctor Evil Laugh,Goblinstein
EmoteChronos208,327,0,True,False,sfx/emotes/emotes_barbarian_banjo_dl.ogg,sc/emotes_barbarian_banjo_dl.sc,False,False,False,2024-10-22,Barbarian Banjo,Barbarian
EmoteChronos209,328,0,True,False,sfx/emotes/emotes_cannonevo_cheerfulheart_dl.ogg,sc/emotes_cannonevo_cheerfulheart_dl.sc,False,True,False,2024-10-22,Cannon Evo Cheerful Heart,Cannon
EmoteChronos210,329,0,True,False,sfx/emotes/emotes_hogrider_sunset_dl.ogg,sc/emotes_hogrider_sunset_dl.sc,False,True,False,2024-10-22,Hogrider Sunset,HogRider
EmoteChronos211,330,0,True,False,sfx/emotes/emotes_lumberjack_western_dl.ogg,sc/emotes_lumberjack_western_dl.sc,False,True,False,2024-10-22,LumberJack Western,Generic
EmoteChronos212,331,0,True,False,sfx/emotes/emotes_musketeerevo_shootinrange_dl.ogg,sc/emotes_musketeerevo_shootinrange_dl.sc,False,True,False,2024-10-22,Musketeer Evo Shooting Range,Musketeer
EmoteChronos213,332,0,True,False,sfx/emotes/emotes_text_grrr_dl.ogg,sc/emotes_text_grrr_dl.sc,False,True,False,2024-10-29,Text Grrr,Generic
EmoteChronos214,333,0,True,False,sfx/emotes/emotes_text_hihihiha_dl.ogg,sc/emotes_text_hihihiha_dl.sc,False,True,False,2024-10-29,Text HiHiHaHa,Generic
EmoteChronos215,334,0,True,False,sfx/emotes/emotes_text_lol_dl.ogg,sc/emotes_text_lol_dl.sc,False,True,False,2024-10-29,Text LOL,Generic
EmoteChronos216,335,0,True,False,sfx/emotes/emotes_text_gg_dl.ogg,sc/emotes_text_gg_dl.sc,False,True,False,2024-10-29,Text GG,Generic
EmoteChronos217,336,0,True,False,sfx/emotes/emotes_king_rock_dl.ogg,sc/emotes_king_rock_dl.sc,False,False,False,2024-11-07,2v2 Rock,Generic
EmoteChronos218,337,0,True,False,sfx/emotes/emotes_king_paper_dl.ogg,sc/emotes_king_paper_dl.sc,False,False,False,2024-11-07,2v2 Paper,Generic
EmoteChronos219,338,0,True,False,sfx/emotes/emotes_king_scissors_dl.ogg,sc/emotes_king_scissors_dl.sc,False,False,False,2024-11-07,2v2 Scissors,Generic
EmoteChronos220,339,0,True,False,sfx/emotes/emotes_king_gg_dl.ogg,sc/emotes_king_gg_dl.sc,False,False,False,2024-11-07,2v2 GG,Generic
EmoteChronos221,340,0,True,False,sfx/emotes/emotes_chef_chefskiss_dl.ogg,sc/emotes_chef_chefskiss_dl.sc,False,True,False,2024-11-21,Chefs Kiss,Chef
EmoteChronos222,341,0,True,False,sfx/emotes/emotes_chef_fooddelivery_dl.ogg,sc/emotes_chef_fooddelivery_dl.sc,False,True,False,2024-11-21,Food Delivery,Chef
EmoteChronos223,342,0,True,False,sfx/emotes/emotes_chef_rollupsleeves_dl.ogg,sc/emotes_chef_rollupsleeves_dl.sc,False,True,False,2024-11-21,Rollup Sleeves,Chef
EmoteChronos224,343,0,True,False,sfx/emotes/emotes_firecracker_warmup_dl.ogg,sc/emotes_firecracker_warmup_dl.sc,False,True,False,2024-11-21,Firecracker Warmup,Firecracker
EmoteChronos225,344,0,True,False,sfx/emotes/emotes_goblin_challenge24_dl.ogg,sc/emotes_goblin_challenge24_dl.sc,False,True,False,2024-11-21,Goblin Challenge 24,Goblin
EmoteChronos226,345,0,True,False,sfx/emotes/emotes_hogrider_jinglebells_dl.ogg,sc/emotes_hogrider_jinglebells_dl.sc,False,False,False,2024-11-21,Hogrider Jinglebells,HogRider
EmoteChronos227,346,0,True,False,sfx/emotes/emotes_snowballevo_rollingdown_dl.ogg,sc/emotes_snowballevo_rollingdown_dl.sc,False,True,False,2024-11-21,Snowball Evo Rolling Down,Snowball
EmoteChronos228,347,0,True,False,sfx/emotes/emotes_blacksmith_biglaugh_dl.ogg,sc/emotes_blacksmith_biglaugh_dl.sc,False,True,False,2024-12-13,Rune Giant Big Laugh,GiantBuffer
EmoteChronos229,348,0,True,False,sfx/emotes/emotes_blacksmith_buffpower_dl.ogg,sc/emotes_blacksmith_buffpower_dl.sc,False,True,False,2024-12-13,Rune Giant Buff Power,GiantBuffer
EmoteChronos230,349,0,True,False,sfx/emotes/emotes_blacksmith_toothpick_dl.ogg,sc/emotes_blacksmith_toothpick_dl.sc,False,True,False,2024-12-13,Rune Giant Tooth Pick,GiantBuffer
EmoteChronos231,350,0,True,False,sfx/emotes/emotes_dartgoblin_poisonfireworks_dl.ogg,sc/emotes_dartgoblin_poisonfireworks_dl.sc,False,True,False,2024-12-13,Dart Goblin Posion Firework,BlowdartGoblin
EmoteChronos232,351,0,True,False,sfx/emotes/emotes_king_sharecry_dl.ogg,sc/emotes_king_sharecry_dl.sc,False,False,False,2024-12-13,King Share Cry,King
EmoteChronos233,352,0,True,False,sfx/emotes/emotes_text_yeah_dl.ogg,sc/emotes_text_yeah_dl.sc,False,True,False,2024-12-13,Text Yeah,Generic
EmoteChronos234,353,0,True,False,sfx/emotes/emotes_barbarian_sexyface_dl.ogg,sc/emotes_barbarian_sexyface_dl.sc,False,False,False,2025-01-20,Barbarian Sexy Face,Barbarian
EmoteChronos235,354,0,True,False,sfx/emotes/emotes_berserker_bighug_dl.ogg,sc/emotes_berserker_bighug_dl.sc,True,False,False,2025-01-20,Berserker Big Hug,Berserker
EmoteChronos236,355,0,True,False,sfx/emotes/emotes_berserker_howling_dl.ogg,sc/emotes_berserker_howling_dl.sc,False,True,False,2025-01-20,Berserker Howling,Berserker
EmoteChronos237,356,0,True,False,sfx/emotes/emotes_berserker_sharpening_dl.ogg,sc/emotes_berserker_sharpening_dl.sc,False,True,False,2025-01-20,Berserker Sharpening,Berserker
EmoteChronos238,357,0,True,False,sfx/emotes/emotes_lumberjackevo_drinking_dl.ogg,sc/emotes_lumberjackevo_drinking_dl.sc,False,True,False,2025-01-20,Lumberjack Evo Drinking,RageBarbarian
EmoteChronos239,358,0,True,False,sfx/emotes/emotes_lumberjackevo_loghug_dl.ogg,sc/emotes_lumberjackevo_loghug_dl.sc,False,True,False,2025-01-20,Lumberjack Evo Log Hug,RageBarbarian
EmoteChronos240,359,0,True,False,sfx/emotes/emotes_text_ok_dl.ogg,sc/emotes_text_ok_dl.sc,False,True,False,2025-01-20,Text Ok,Generic
EmoteChronos241,360,0,True,False,sfx/emotes/emotes_king_rocketride_dl.ogg,sc/emotes_king_rocketride_dl.sc,False,False,False,2025-02-14,King Rocket Ride,King
EmoteChronos242,361,0,True,False,sfx/emotes/emotes_king_classiciconscream_dl.ogg,sc/emotes_king_classiciconscream_dl.sc,False,False,False,2025-02-14,Classic icon Scream,King
EmoteChronos243,362,0,True,False,sfx/emotes/emotes_king_classiciconduel_dl.ogg,sc/emotes_king_classiciconduel_dl.sc,False,True,False,2025-02-14,Classic icon duel,King
EmoteChronos244,363,0,True,False,sfx/emotes/emotes_hunterevo_netdrop_dl.ogg,sc/emotes_hunterevo_netdrop_dl.sc,False,True,False,2025-02-14,Hunter Evo Net drop,Hunter
EmoteChronos245,364,0,True,False,sfx/emotes/emotes_barbarian_bust_dl.ogg,sc/emotes_barbarian_bust_dl.sc,False,True,False,2025-02-14,Barbarian Bust,Barbarian
EmoteChronos246,365,0,True,False,sfx/emotes/emotes_balloon_birthday_dl.ogg,sc/emotes_balloon_birthday_dl.sc,False,True,False,2025-02-14,Balloon Birthday,Balloon
EmoteChronos247,366,0,True,False,sfx/emotes/emotes_bigbandit_baseballhit_dl.ogg,sc/emotes_bigbandit_baseballhit_dl.sc,False,False,False,2025-03-14,Boss Bandit Baseball Hit,BossBandit
EmoteChronos248,367,0,True,False,sfx/emotes/emotes_bigbandit_bombtoss_dl.ogg,sc/emotes_bigbandit_bombtoss_dl.sc,False,True,False,2025-03-14,Boss Bandit Bomb Toss,BossBandit
EmoteChronos249,368,0,True,False,sfx/emotes/emotes_bigbandit_ninjafocus_dl.ogg,sc/emotes_bigbandit_ninjafocus_dl.sc,False,True,False,2025-03-14,Boss Bandit Ninja Focus,BossBandit
EmoteChronos250,369,0,True,False,sfx/emotes/emotes_executionerevo_axelick_dl.ogg,sc/emotes_executionerevo_axelick_dl.sc,False,True,False,2025-03-14,Executioner Evo Axe Lick,AxeMan
EmoteChronos251,370,0,True,False,sfx/emotes/emotes_executionerevo_rage_dl.ogg,sc/emotes_executionerevo_rage_dl.sc,True,False,False,2025-03-14,Executioner Evo Rage,AxeMan
EmoteChronos252,371,0,True,False,sfx/emotes/emotes_princess_shush_dl.ogg,sc/emotes_princess_shush_dl.sc,False,True,False,2025-03-14,Princess Shush,Princess
EmoteChronos253,372,0,True,False,sfx/emotes/emotes_text_nope_dl.ogg,sc/emotes_text_nope_dl.sc,False,False,False,2025-03-14,Text Nope,Generic
EmoteChronos254,373,0,True,False,sfx/emotes/emotes_witchevo_scaryshadow_dl.ogg,sc/emotes_witchevo_scaryshadow_dl.sc,False,True,False,2025-04-24,Scary Shadow,Witch
EmoteChronos255,374,0,True,False,sfx/emotes/emotes_witchevo_skeletonheal_dl.ogg,sc/emotes_witchevo_skeletonheal_dl.sc,False,False,False,2025-04-24,Skeleton Heal,Witch
EmoteChronos256,375,0,True,False,sfx/emotes/emotes_witchevo_skulltreasure_dl.ogg,sc/emotes_witchevo_skulltreasure_dl.sc,True,False,False,2025-04-25,Skull Treasure,Skeletons
EmoteChronos257,376,0,True,False,sfx/emotes/emotes_witchevo_towinornottowin_dl.ogg,sc/emotes_witchevo_towinornottowin_dl.sc,True,False,False,2025-04-25,To Win Or Not To Win,Skeletons
EmoteChronos258,377,0,True,False,sfx/emotes/emotes_skeleton_bitingnails_dl.ogg,sc/emotes_skeleton_bitingnails_dl.sc,False,True,False,2025-04-24,Skeleton Biting Nails,Skeletons
EmoteChronos259,378,0,True,False,sfx/emotes/emotes_babydragon_taming_dl.ogg,sc/emotes_babydragon_taming_dl.sc,False,False,False,2025-05-20,Dragon Taming,Dragon
EmoteChronos260,379,0,True,False,sfx/emotes/emotes_infernodragonevo_crownmelt_dl.ogg,sc/emotes_infernodragonevo_crownmelt_dl.sc,False,True,False,2025-05-20,Melting Crown,Dragon
EmoteChronos261,380,0,True,False,sfx/emotes/emotes_infernodragonevo_hottonge_dl.ogg,sc/emotes_infernodragonevo_hottonge_dl.sc,False,False,False,2025-05-20,Too Hot To Handle,Dragon
EmoteChronos262,381,0,True,False,sfx/emotes/emotes_infernodragonevo_kingofthetower_dl.ogg,sc/emotes_infernodragonevo_kingofthetower_dl.sc,False,True,False,2025-05-20,Inferno Sign,Dragon
EmoteChronos263,382,0,True,False,sfx/emotes/emotes_text_ellipsis_dl.ogg,sc/emotes_text_ellipsis_dl.sc,False,False,False,2025-05-20,Elipisis,Text
EmoteChronos264,383,0,True,False,sfx/emotes/emotes_text_exclamation_dl.ogg,sc/emotes_text_exclamation_dl.sc,False,False,False,2025-05-20,Exclamation,Text
EmoteChronos265,384,0,True,False,sfx/emotes/emotes_text_interrogation_dl.ogg,sc/emotes_text_interrogation_dl.sc,True,False,False,2025-05-20,Interrogation,Text
EmoteChronos266,385,0,False,False,sfx/emotes/emotes_hogrider_elixirpour_dl.ogg,sc/emotes_hogrider_elixirpour_dl.sc,False,False,False,2025-06-09,Hogrider Elixirpour,Hog
EmoteChronos267,386,0,True,False,sfx/emotes/emotes_mergemaiden_beatingsword_dl.ogg,sc/emotes_mergemaiden_beatingsword_dl.sc,True,False,False,2025-06-09,Mergemaiden Beatingsword,Royals
EmoteChronos268,387,0,True,False,sfx/emotes/emotes_mergemaiden_conflictingemotions_dl.ogg,sc/emotes_mergemaiden_conflictingemotions_dl.sc,False,False,False,2025-06-09,Mergemaiden Conflictingemotions,Royals
EmoteChronos269,388,0,True,False,sfx/emotes/emotes_mergemaiden_duality_dl.ogg,sc/emotes_mergemaiden_duality_dl.sc,False,True,False,2025-06-09,Mergemaiden Duality,Royals
EmoteChronos270,389,0,True,False,sfx/emotes/emotes_mergemaiden_moodchange_dl.ogg,sc/emotes_mergemaiden_moodchange_dl.sc,False,False,False,2025-06-09,Mergemaiden Moodchange,Royals
EmoteChronos271,390,0,True,False,sfx/emotes/emotes_mergemaiden_spiritpower_dl.ogg,sc/emotes_mergemaiden_spiritpower_dl.sc,True,False,False,2025-06-09,Mergemaiden Spiritpower,Royals
EmoteChronos272,391,0,True,False,sfx/emotes/emotes_text_bye_dl.ogg,sc/emotes_text_bye_dl.sc,False,True,False,2025-06-09,Text Bye,Text
EmoteChronos273,392,0,True,False,sfx/emotes/emotes_text_hi_dl.ogg,sc/emotes_text_hi_dl.sc,False,True,False,2025-06-09,Text Hi,Text
EmoteChronos274,393,0,True,False,sfx/emotes/emotes_barbarianevo_usa_dl.ogg,sc/emotes_barbarianevo_usa_dl.sc,True,False,False,2025-06-26,Barbarianevo Usa,Barbarian
EmoteChronos275,394,0,False,False,sfx/emotes/emotes_barbarian_hornshand_dl.ogg,sc/emotes_barbarian_hornshand_dl.sc,False,False,False,2025-09-05,Barbarian Hornshand,Barbarian
EmoteChronos276,395,0,True,False,sfx/emotes/emotes_goldenknight_mewing_dl.ogg,sc/emotes_goldenknight_mewing_dl.sc,False,False,False,2025-07-09,Goldenknight Mewing,Royals
EmoteChronos277,396,0,True,False,sfx/emotes/emotes_teslatower_goblinelectrocution_dl.ogg,sc/emotes_teslatower_goblinelectrocution_dl.sc,True,False,False,2025-07-09,Teslatower Goblinelectrocution,Tesla
EmoteChronos278,397,0,True,False,sfx/emotes/emotes_wizardevo_evillaugh_dl.ogg,sc/emotes_wizardevo_evillaugh_dl.sc,False,False,False,2025-07-09,Wizardevo Evillaugh,Wizard
EmoteChronos279,398,0,True,False,sfx/emotes/emotes_wizardevo_superflame_dl.ogg,sc/emotes_wizardevo_superflame_dl.sc,False,False,False,2025-07-09,Wizardevo Superflame,Wizard
EmoteChronos280,399,0,True,False,sfx/emotes/emotes_furnace_boilingpot_dl.ogg,sc/emotes_furnace_boilingpot_dl.sc,True,False,False,2025-08-09,Furnace Boilingpot,Furnace
EmoteChronos281,400,0,True,False,sfx/emotes/emotes_furnace_lavatears_dl.ogg,sc/emotes_furnace_lavatears_dl.sc,False,True,False,2025-08-09,Furnace Lavatears,Furnace
EmoteChronos282,401,0,True,False,sfx/emotes/emotes_furnace_lockin_dl.ogg,sc/emotes_furnace_lockin_dl.sc,False,False,False,2025-08-09,Furnace Lockin,Furnace
EmoteChronos283,402,0,True,False,sfx/emotes/emotes_babydragon_firebreak_dl.ogg,sc/emotes_babydragon_firebreak_dl.sc,True,False,False,2025-09-09,Baby Dragon Egg,BabyDragon
EmoteChronos284,403,0,True,False,sfx/emotes/emotes_babydragonevo_beware_dl.ogg,sc/emotes_babydragonevo_beware_dl.sc,False,False,False,2025-09-09,Beward the Dragon,BabyDragon
EmoteChronos285,404,0,True,False,sfx/emotes/emotes_babydragonevo_cuteyawn_dl.ogg,sc/emotes_babydragonevo_cuteyawn_dl.sc,False,True,False,2025-09-09,Cute Yawn,BabyDragon
EmoteChronos286,405,0,True,False,sfx/emotes/emotes_babydragonevo_facelick_dl.ogg,sc/emotes_babydragonevo_facelick_dl.sc,False,False,False,2025-09-09,Face Lick,BabyDragon
EmoteChronos287,406,0,True,False,sfx/emotes/emotes_babydragonevo_tailwagging_dl.ogg,sc/emotes_babydragonevo_tailwagging_dl.sc,False,False,False,2025-09-09,Tail Wagging,BabyDragon
EmoteChronos288,407,0,True,False,sfx/emotes/emotes_vinespell_heart_dl.ogg,sc/emotes_vinespell_heart_dl.sc,False,True,False,2025-09-09,Heart Vine,Vine
EmoteChronos289,408,0,True,False,sfx/emotes/emotes_vinespell_laugh_dl.ogg,sc/emotes_vinespell_laugh_dl.sc,False,True,False,2025-09-09,Laughing Vine,Vine
EmoteChronos290,409,0,True,False,sfx/emotes/emotes_barbarian_hornshand_dl.ogg,sc/emotes_barbarian_hornshand_dl.sc,False,True,False,2025-09-05,Barbarian Hornshand,Barbarian
EmoteChronos291,410,0,True,False,sfx/emotes/emotes_electrowizard_mercury_dl.ogg,sc/emotes_electrowizard_mercury_dl.sc,False,False,False,2025-09-05,Electrowizard Mercury,ElectroWiz
EmoteChronos292,411,0,True,False,sfx/emotes/emotes_skeleton_kiss_dl.ogg,sc/emotes_skeleton_kiss_dl.sc,False,False,False,2025-09-05,Skeleton Kiss,Skeleton
EmoteChronos293,412,0,True,False,sfx/emotes/emotes_royalghostevo_thinking_dl.ogg,sc/emotes_royalghostevo_thinking_dl.sc,False,False,False,2025-09-05,Royalghostevo Thinking,RoyalGhost
EmoteChronos294,413,0,True,False,sfx/emotes/emotes_royalghostevo_vanish_dl.ogg,sc/emotes_royalghostevo_vanish_dl.sc,False,True,False,2025-09-05,Royalghostevo Vanish,RoyalGhost
EmoteChronos295,414,0,True,False,sfx/emotes/emotes_skeletonarmyevo_helmetcleaning_dl.ogg,sc/emotes_skeletonarmyevo_helmetcleaning_dl.sc,True,False,False,2025-09-05,Skeletonarmyevo Helmetcleaning,Skeleton
EmoteChronos296,415,0,True,False,sfx/emotes/emotes_skeletonarmyevo_inmune_dl.ogg,sc/emotes_skeletonarmyevo_inmune_dl.sc,True,False,False,2025-09-05,Skeletonarmyevo Inmune,Skeleton
EmoteChronos297,416,0,True,False,sfx/emotes/emotes_skeletonarmyevo_skulldown_dl.ogg,sc/emotes_skeletonarmyevo_skulldown_dl.sc,False,False,False,2025-09-05,Skeletonarmyevo Skulldown,Skeleton
EmoteChronos298,417,0,True,False,sfx/emotes/emotes_skeletongiant_slash_dl.ogg,sc/emotes_skeletongiant_slash_dl.sc,False,False,False,2025-09-05,Skeletongiant Slash,Skeleton
EmoteChronos299,418,0,True,False,sfx/emotes/emotes_royalghostevo_cooper_dl.ogg,sc/emotes_royalghostevo_cooper_dl.sc,False,True,False,2025-09-05,Royalghostevo Cooper,RoyalGhost
EmoteChronos300,419,0,True,False,sfx/emotes/emotes_crl_25.ogg,sc/emotes_crl_25.sc,False,True,False,2025-10-02,Crl 25,CRL
EmoteChronos301,420,0,True,False,sfx/emotes/emotes_royalhogsevo_porco_dl.ogg,sc/emotes_royalhogsevo_porco_dl.sc,False,False,False,2025-10-02,Royalhogsevo Porco,Royal Hogs
EmoteChronos302,421,0,True,False,sfx/emotes/emotes_royalhogsevo_nyanhog_dl.ogg,sc/emotes_royalhogsevo_nyanhog_dl.sc,False,True,False,2025-10-02,Royalhogsevo Nyanhog,RoyalHogs
EmoteChronos303,422,0,True,False,sfx/emotes/emotes_royalhogsevo_flying_dl.ogg,sc/emotes_royalhogsevo_flying_dl.sc,False,False,False,2025-10-02,Royalhogsevo Flying,RoyalHogs
EmoteChronos304,423,0,True,False,sfx/emotes/emotes_royalhogsevo_phone_dl.ogg,sc/emotes_royalhogsevo_phone_dl.sc,False,False,False,2025-10-02,Royalhogsevo Phone,RoyalHogs
EmoteChronos305,424,0,True,False,sfx/emotes/emotes_musketeer_animetakeaim_dl.ogg,sc/emotes_musketeer_animetakeaim_dl.sc,False,False,False,2025-10-02,Musketeer Animetakeaim,Musketeer
EmoteChronos306,425,0,True,False,sfx/emotes/emotes_musketeer_animeshocked_dl.ogg,sc/emotes_musketeer_animeshocked_dl.sc,False,False,False,2025-10-02,Musketeer Animeshocked,Musketeer
EmoteChronos307,426,0,True,False,sfx/emotes/emotes_musketeer_animekawaii_dl.ogg,sc/emotes_musketeer_animekawaii_dl.sc,False,False,False,2025-10-02,Musketeer Animekawaii,Musketeer
EmoteChronos308,427,0,True,False,sfx/emotes/emotes_musketeer_animecrying_dl.ogg,sc/emotes_musketeer_animecrying_dl.sc,False,False,False,2025-10-02,Musketeer Animecrying,Musketeer
EmoteChronos309,428,0,True,False,sfx/emotes/emotes_golem_sneaky_dl.ogg,sc/emotes_golem_sneaky_dl.sc,False,False,False,2025-10-02,SneakyGolem,Golem
EmoteChronos310,429,0,True,False,sfx/emotes/emotes_wizard_67_dl.ogg,sc/emotes_wizard_67_dl.sc,False,False,False,2025-10-02,Wizard67,Wizard
EmoteChronos311,430,0,True,False,sfx/emotes/emotes_golem_susrock_dl.ogg,sc/emotes_golem_susrock_dl.sc,False,False,False,,,
EmoteChronos312,431,0,True,False,sfx/emotes/emotes_goblin_ldance_dl.ogg,sc/emotes_goblin_ldance_dl.sc,False,False,False,2025-11-02,GoblinLooser,Goblin
EmoteChronos313,432,0,True,False,sfx/emotes/emotes_heromusketeer_blowsmoke_dl.ogg,sc/emotes_heromusketeer_blowsmoke_dl.sc,True,False,False,2025-11-02,MusketeerTurret,Musketeer
EmoteChronos314,433,0,True,False,sfx/emotes/emotes_heromusketeer_fire_dl.ogg,sc/emotes_heromusketeer_fire_dl.sc,False,True,False,2025-11-02,MusketeerAim,Musketeer
EmoteChronos315,434,0,True,False,sfx/emotes/emotes_herominipekka_switchon_dl.ogg,sc/emotes_herominipekka_switchon_dl.sc,True,False,False,2025-11-02,AlarmPekka,MiniPekka
EmoteChronos316,435,0,True,False,sfx/emotes/emotes_heroknight_moustachedance_dl.ogg,sc/emotes_heroknight_moustachedance_dl.sc,False,True,False,2025-11-02,DancingKnightShield,Knight
EmoteChronos317,436,0,True,False,sfx/emotes/emotes_herominipekka_pancakeslash_dl.ogg,sc/emotes_herominipekka_pancakeslash_dl.sc,False,True,False,2025-11-02,SlicingPekka,MiniPekka
EmoteChronos318,437,0,True,False,sfx/emotes/emotes_heroknight_shieldcharge_dl.ogg,sc/emotes_heroknight_shieldcharge_dl.sc,False,False,False,2025-11-02,ChargingKnight,Knight
EmoteChronos319,438,0,True,False,sfx/emotes/emotes_herogiant_cometome_dl.ogg,sc/emotes_herogiant_cometome_dl.sc,False,True,False,2025-11-02,ComeGetItGiant,Giant
EmoteChronos320,439,0,True,False,sfx/emotes/emotes_wizardhero_fire_dl.ogg,sc/emotes_wizardhero_fire_dl.sc,False,True,False,2025-11-02,Burning Wizard,Wizard
EmoteChronos321,440,0,True,False,sfx/emotes/emotes_heroknight_santadance_dl.ogg,sc/emotes_heroknight_santadance_dl.sc,False,False,False,2025-11-02,SantaKnight,Knight
EmoteChronos322,441,0,True,False,sfx/emotes/emotes_herogiant_xmastreeball_dl.ogg,sc/emotes_herogiant_xmastreeball_dl.sc,False,False,False,2025-11-02,SmashingBallGiant,Giant
EmoteChronos323,442,0,True,False,sfx/emotes/emotes_xbow_xmas_dl.ogg,sc/emotes_xbow_xmas_dl.sc,False,False,False,2025-11-02,XbowXmas,Xbow
EmoteChronos324,443,0,True,False,sfx/emotes/emotes_king_thumbdown_dl.ogg,sc/emotes_king_thumbdown_dl.sc,False,False,True,2025-11-02,ThumbsDownKing,King
EmoteChronos325,444,0,True,False,sfx/emotes/emotes_firecracker_succes_dl.ogg,sc/emotes_firecracker_succes_dl.sc,False,False,True,2025-11-02,YesFirecracker,Firecracker
EmoteChronos326,445,0,True,False,sfx/emotes/emotes_heromusketeer_gotcha_dl.ogg,sc/emotes_heromusketeer_gotcha_dl.sc,False,False,True,2025-11-02,LoveMusketeer,Musketeer
EmoteChronos327,446,0,True,False,sfx/emotes/emotes_heroknight_sweatoff_dl.ogg,sc/emotes_heroknight_sweatoff_dl.sc,False,False,True,2025-11-02,SweatyKnight,Knight
EmoteChronos328,447,0,True,False,sfx/emotes/emotes_herogiant_shoryuken_dl.ogg,sc/emotes_herogiant_shoryuken_dl.sc,False,False,True,2025-11-02,PunchGIant,Giant
EmoteChronos329,448,0,True,False,sfx/emotes/emotes_herominipekka_siren_dl.ogg,sc/emotes_herominipekka_siren_dl.sc,False,False,True,2025-11-02,LighthouseMiniPekka,MiniPekka
EmoteChronos330,449,0,True,False,sfx/emotes/emotes_wizardhero_itsfine_dl.ogg,sc/emotes_wizardhero_itsfine_dl.sc,False,False,False,2025-11-02,ItsFineWizard,Wizard
EmoteChronos331,450,0,True,False,sfx/emotes/emotes_wizardhero_pyromaniac_dl.ogg,sc/emotes_wizardhero_pyromaniac_dl.sc,False,False,False,2025-11-02,LetItBurnWizard,Wizard
EmoteChronos332,451,0,True,False,sfx/emotes/emotes_wizardhero_magictrick_dl.ogg,sc/emotes_wizardhero_magictrick_dl.sc,False,False,False,2025-11-02,TrueMagicWizard,Wizard
EmoteChronos333,452,0,True,False,sfx/emotes/emotes_icegolemhero_rise_dl.ogg,sc/emotes_icegolemhero_rise_dl.sc,False,False,False,2025-11-02,WinterIceGolem,IceGolem
EmoteChronos334,453,0,True,False,sfx/emotes/emotes_icegolemhero_evil_dl.ogg,sc/emotes_icegolemhero_evil_dl.sc,False,True,False,2025-11-02,YesIceGolem,IceGolem
EmoteChronos335,454,0,True,False,sfx/emotes/emotes_icegolemhero_vanish_dl.ogg,sc/emotes_icegolemhero_vanish_dl.sc,False,False,False,2025-11-02,RageIceGolem,IceGolem
EmoteChronos336,455,0,True,False,sfx/emotes/emotes_icegolemhero_blizzard_dl.ogg,sc/emotes_icegolemhero_blizzard_dl.sc,False,False,False,2025-11-02,ScreamIceGolem,IceGolem
EmoteChronos337,456,0,True,False,sfx/emotes/emotes_goblin_pocketwatch_dl.ogg,sc/emotes_goblin_pocketwatch_dl.sc,False,False,False,2025-11-02,TimeGoblin,Goblin
EmoteChronos338,457,0,True,False,sfx/emotes/emotes_goblinhero_trollface_dl.ogg,sc/emotes_goblinhero_trollface_dl.sc,False,False,False,2025-11-02,DerpGoblin,Goblin
EmoteChronos339,458,0,True,False,sfx/emotes/emotes_goblinhero_peek_dl.ogg,sc/emotes_goblinhero_peek_dl.sc,False,True,False,2025-11-02,PeakGoblin,Goblin
EmoteChronos340,459,0,True,False,sfx/emotes/emotes_goblinhero_knife_dl.ogg,sc/emotes_goblinhero_knife_dl.sc,False,False,False,2025-11-02,PrayGoblin,Goblin
EmoteChronos341,460,0,True,False,sfx/emotes/emotes_goblinhero_headcrush_dl.ogg,sc/emotes_goblinhero_headcrush_dl.sc,False,False,False,2025-11-02,StunGoblin,Goblin
EmoteChronos342,461,0,True,False,sfx/emotes/emotes_megaminionhero_scary_dl.ogg,sc/emotes_megaminionhero_scary_dl.sc,False,True,False,2025-11-02,CloakMegaMinion,MegaMinion
EmoteChronos343,462,0,True,False,sfx/emotes/emotes_megaminionhero_ovation_dl.ogg,sc/emotes_megaminionhero_ovation_dl.sc,False,False,False,2025-11-02,RosesMegaMinion,MegaMinion
EmoteChronos344,463,0,True,False,sfx/emotes/emotes_megaminionhero_gargoyle_dl.ogg,sc/emotes_megaminionhero_gargoyle_dl.sc,False,False,False,2025-11-02,StoneMegaMinion,MegaMinion
EmoteChronos345,464,0,True,False,sfx/emotes/emotes_megaminionhero_what_dl.ogg,sc/emotes_megaminionhero_what_dl.sc,False,False,False,2025-11-02,ConfusedMegaMinion,MegaMinion
EmoteChronos346,465,0,True,False,sfx/emotes/emotes_goblin_cheater_dl.ogg,sc/emotes_goblin_cheater_dl.sc,False,False,False,2025-11-02,CheatGoblin,Goblin
EmoteChronos347,466,0,True,False,sfx/emotes/emotes_magicarcherhero_rainbowbow_dl.ogg,sc/emotes_magicarcherhero_rainbowbow_dl.sc,False,False,False,2026-01-02,MagicArcherRainbow,MagicArcher
EmoteChronos348,467,0,True,False,sfx/emotes/emotes_magicarcherhero_facepalm_dl.ogg,sc/emotes_magicarcherhero_facepalm_dl.sc,False,False,False,2026-01-02,MagicArcherFacepalm,MagicArcher
EmoteChronos349,468,0,True,False,sfx/emotes/emotes_magicarcherhero_crowngrab_dl.ogg,sc/emotes_magicarcherhero_crowngrab_dl.sc,False,False,False,2026-01-02,MagicArcherCrownGrab,MagicArcher
EmoteChronos350,469,0,True,False,sfx/emotes/emotes_barbarianbarrelhero_popup_dl.ogg,sc/emotes_barbarianbarrelhero_popup_dl.sc,False,True,False,2026-01-02,BarbarianBarrelPopUp,BarbarianBarrel
EmoteChronos351,470,0,True,False,sfx/emotes/emotes_barbarianbarrelhero_launch_dl.ogg,sc/emotes_barbarianbarrelhero_launch_dl.sc,False,False,False,2026-01-02,BarbarianBarrelLaunch,BarbarianBarrel
EmoteChronos352,471,0,True,False,sfx/emotes/emotes_barbarianbarrelhero_selflove_dl.ogg,sc/emotes_barbarianbarrelhero_selflove_dl.sc,False,False,False,2026-01-02,BarbarianBarrelSelfLove,BarbarianBarrel
EmoteChronos353,472,0,True,False,sfx/emotes/emotes_king_sillywalk_dl.ogg,sc/emotes_king_sillywalk_dl.sc,False,False,False,2026-01-02,KingSillyWalk,King
EmoteChronos354,473,0,True,False,sfx/emotes/emotes_skeleton_shieldbang_dl.ogg,sc/emotes_skeleton_shieldbang_dl.sc,False,False,False,2026-01-02,SkeletonShieldBang,Skeleton
EmoteChronos355,474,0,True,False,sfx/emotes/emotes_kingcake10_dl.ogg,sc/emotes_kingcake10_dl.sc,False,False,False,2026-03-02,King10Cake,King
EmoteChronos356,475,0,True,False,sfx/emotes/emotes_hogcake10_dl.ogg,sc/emotes_hogcake10_dl.sc,False,False,False,2026-03-02,Hog10Cake,HogRider
EmoteChronos357,476,0,True,False,sfx/emotes/emotes_ballonhero_mindblown_dl.ogg,sc/emotes_ballonhero_mindblown_dl.sc,False,True,False,2026-04-01,BallonMindBlow,Balloon
EmoteChronos358,477,0,True,False,sfx/emotes/emotes_ballonhero_pop_dl.ogg,sc/emotes_ballonhero_pop_dl.sc,False,False,False,2026-04-01,BallonPop,Balloon
EmoteChronos359,478,0,True,False,sfx/emotes/emotes_ballonhero_scary_dl.ogg,sc/emotes_ballonhero_scary_dl.sc,False,False,False,2026-04-01,BallonScary,Balloon
EmoteChronos360,479,0,True,False,sfx/emotes/emotes_king_begging_dl.ogg,sc/emotes_king_begging_dl.sc,False,False,False,2026-04-01,KingBegging,King
EmoteChronos361,480,0,True,False,sfx/emotes/emotes_skeletonbunny_dl.ogg,sc/emotes_skeletonbunny_dl.sc,False,False,False,2026-04-01,SkeletonBunny,Skeleton
EmoteChronos362,481,0,True,False,sfx/emotes/emotes_bunnyhoppinggoblin_dl.ogg,sc/emotes_bunnyhoppinggoblin_dl.sc,False,False,False,2026-04-01,HopingGoblin,Goblin
EmoteChronos363,482,0,True,False,sfx/emotes/emotes_minionhordeevo_headdance_dl.ogg,sc/emotes_minionhordeevo_headdance_dl.sc,False,False,False,2026-04-01,MinionHordeHeaddance,MinionHorde
EmoteChronos364,483,0,True,False,sfx/emotes/emotes_minionhordeevo_trio_dl.ogg,sc/emotes_minionhordeevo_trio_dl.sc,False,False,False,2026-04-01,MinionHordeTrio,MinionHorde
EmoteChronos365,484,0,True,False,sfx/emotes/emotes_minionhordeevo_cough_dl.ogg,sc/emotes_minionhordeevo_cough_dl.sc,False,False,False,2026-04-01,MinionHordeCough,MinionHorde
EmoteChronos366,485,0,True,False,sfx/emotes/emotes_bowlerhero_awkward_dl.ogg,sc/emotes_bowlerhero_awkward_dl.sc,False,False,False,2026-05-01,BowlerAwkward,Bowler
EmoteChronos367,486,0,True,False,sfx/emotes/emotes_bowlerhero_creepy_dl.ogg,sc/emotes_bowlerhero_creepy_dl.sc,False,False,False,2026-05-01,BowlerCreepy,Bowler
EmoteChronos368,487,0,True,False,sfx/emotes/emotes_bowlerhero_dance_dl.ogg,sc/emotes_bowlerhero_dance_dl.sc,False,False,False,2026-05-01,BowlerDance,Bowler
EmoteChronos369,488,0,True,False,sfx/emotes/emotes_bowlerhero_handsome_dl.ogg,sc/emotes_bowlerhero_handsome_dl.sc,False,False,False,2026-05-01,BowlerHandsome,Bowler
EmoteChronos370,489,0,True,False,sfx/emotes/emotes_bowlerhero_nope_dl.ogg,sc/emotes_bowlerhero_nope_dl.sc,False,False,False,2026-05-01,BowlerNope,Bowler
EmoteChronos371,490,0,True,False,sfx/emotes/emotes_darkprincehero_buddies_dl.ogg,sc/emotes_darkprincehero_buddies_dl.sc,False,False,False,2026-05-01,DarkPrinceBuddies,DarkPrince
EmoteChronos372,491,0,True,False,sfx/emotes/emotes_darkprincehero_charge_dl.ogg,sc/emotes_darkprincehero_charge_dl.sc,False,False,False,2026-05-01,DarkPrinceCharge,DarkPrince
EmoteChronos373,492,0,True,False,sfx/emotes/emotes_darkprincehero_inmune_dl.ogg,sc/emotes_darkprincehero_inmune_dl.sc,False,False,False,2026-05-01,DarkPrinceInmune,DarkPrince
EmoteChronos374,493,0,True,False,sfx/emotes/emotes_darkprincehero_rhinoflirt_dl.ogg,sc/emotes_darkprincehero_rhinoflirt_dl.sc,False,True,False,2026-05-01,DarkPrinceFlirt,DarkPrince
EmoteChronos375,494,0,True,False,sfx/emotes/emotes_king_badasswalk_dl.ogg,sc/emotes_king_badasswalk_dl.sc,False,False,False,2026-05-01,KingBadassWalk,King
EmoteChronos376,495,0,True,False,sfx/emotes/emotes_tombstonehero_highstrike_dl.ogg,sc/emotes_tombstonehero_highstrike_dl.sc,False,False,False,2026-06-01,TombstoneHeroHighstrike,Tombstone
EmoteChronos377,496,0,True,False,sfx/emotes/emotes_tombstonehero_funeral_dl.ogg,sc/emotes_tombstonehero_funeral_dl.sc,False,False,False,2026-06-01,TombstoneHeroFuneral,Tombstone
EmoteChronos378,497,0,True,False,sfx/emotes/emotes_tombstonehero_flossdance_dl.ogg,sc/emotes_tombstonehero_flossdance_dl.sc,False,False,False,2026-06-01,TombstoneHeroFloss,Tombstone
EmoteChronos379,498,0,True,False,sfx/emotes/emotes_tombstonehero_surprise_dl.ogg,sc/emotes_tombstonehero_surprise_dl.sc,False,False,False,2026-06-01,TombstoneHeroSurprise,Tombstone
EmoteChronos380,499,0,True,False,sfx/emotes/emotes_princessevo_snoring_dl.ogg,sc/emotes_princessevo_snoring_dl.sc,False,False,False,2026-06-01,PrincessEvoSnoring,Princess
EmoteChronos381,500,0,True,False,sfx/emotes/emotes_princessevo_nailfile_dl.ogg,sc/emotes_princessevo_nailfile_dl.sc,False,True,False,2026-06-01,PrincessEvoNailFile,Princess
EmoteChronos382,501,0,True,False,sfx/emotes/emotes_princessevo_fingerheart_dl.ogg,sc/emotes_princessevo_fingerheart_dl.sc,False,False,False,2026-06-01,PrincessEvoFingerHeart,Princess
EmoteChronos383,502,0,True,False,sfx/emotes/emotes_knight_sliding_dl.ogg,sc/emotes_knight_sliding_dl.sc,False,False,False,2026-06-01,KnightSliding,Knight
EmoteChronos384,503,0,True,False,sfx/emotes/emotes_hogrider_flex_dl.ogg,sc/emotes_hogrider_flex_dl.sc,False,True,False,2026-06-01,HogriderFlex,HogRider
EmoteChronos385,504,0,True,False,sfx/emotes/emotes_goblin_refereeyellow_dl.ogg,sc/emotes_goblin_refereeyellow_dl.sc,False,False,False,2026-06-01,GoblinRefereeYellow,Goblin
EmoteChronos386,505,0,True,False,sfx/emotes/emotes_goblin_refereered_dl.ogg,sc/emotes_goblin_refereered_dl.sc,False,False,False,2026-06-01,GoblinRefereeRed,Goblin
EmoteChronos387,506,0,,,,,,,,,,
EmoteChronos388,507,0,,,,,,,,,,
EmoteChronos389,508,0,,,,,,,,,,
EmoteChronos390,509,0,,,,,,,,,,
EmoteChronos391,510,0,,,,,,,,,,
EmoteChronos392,511,0,,,,,,,,,,
EmoteChronos393,512,0,,,,,,,,,,
EmoteChronos394,513,0,,,,,,,,,,
EmoteChronos395,514,0,,,,,,,,,,
EmoteChronos396,515,0,,,,,,,,,,
EmoteChronos397,516,0,,,,,,,,,,
EmoteChronos398,517,0,,,,,,,,,,
EmoteChronos399,518,0,,,,,,,,,,
EmoteChronos400,519,0,,,,,,,,,,
EmoteChronos401,520,0,,,,,,,,,,
EmoteChronos402,521,0,,,,,,,,,,
EmoteChronos403,522,0,,,,,,,,,,
EmoteChronos404,523,0,,,,,,,,,,
EmoteChronos405,524,0,,,,,,,,,,
EmoteChronos406,525,0,,,,,,,,,,
EmoteChronos407,526,0,,,,,,,,,,
EmoteChronos408,527,0,,,,,,,,,,
EmoteChronos409,528,0,,,,,,,,,,
EmoteChronos410,529,0,,,,,,,,,,
EmoteChronos411,530,0,,,,,,,,,,
EmoteChronos412,531,0,,,,,,,,,,
EmoteChronos413,532,0,,,,,,,,,,
EmoteChronos414,533,0,,,,,,,,,,
EmoteChronos415,534,0,,,,,,,,,,
EmoteChronos416,535,0,,,,,,,,,,
EmoteChronos417,536,0,,,,,,,,,,
EmoteChronos418,537,0,,,,,,,,,,
EmoteChronos419,538,0,,,,,,,,,,
EmoteChronos420,539,0,,,,,,,,,,
EmoteChronos421,540,0,,,,,,,,,,
EmoteChronos422,541,0,,,,,,,,,,
EmoteChronos423,542,0,,,,,,,,,,
EmoteChronos424,543,0,,,,,,,,,,
EmoteChronos425,544,0,,,,,,,,,,
EmoteChronos426,545,0,,,,,,,,,,
EmoteChronos427,546,0,,,,,,,,,,
EmoteChronos428,547,0,,,,,,,,,,
EmoteChronos429,548,0,,,,,,,,,,
EmoteChronos430,549,0,,,,,,,,,,
EmoteChronos431,550,0,,,,,,,,,,
EmoteChronos432,551,0,,,,,,,,,,
EmoteChronos433,552,0,,,,,,,,,,
EmoteChronos434,553,0,,,,,,,,,,
EmoteChronos435,554,0,,,,,,,,,,
EmoteChronos436,555,0,,,,,,,,,,
EmoteChronos437,556,0,,,,,,,,,,
EmoteChronos438,557,0,,,,,,,,,,
EmoteChronos439,558,0,,,,,,,,,,
EmoteChronos440,559,0,,,,,,,,,,
EmoteChronos441,560,0,,,,,,,,,,
EmoteChronos442,561,0,,,,,,,,,,
EmoteChronos443,562,0,,,,,,,,,,
EmoteChronos444,563,0,,,,,,,,,,
EmoteChronos445,564,0,,,,,,,,,,
EmoteChronos446,565,0,,,,,,,,,,
EmoteChronos447,566,0,,,,,,,,,,
EmoteChronos448,567,0,,,,,,,,,,
EmoteChronos449,568,0,,,,,,,,,,
EmoteChronos450,569,0,,,,,,,,,,
EmoteChronos451,570,0,,,,,,,,,,
EmoteChronos452,571,0,,,,,,,,,,
EmoteChronos453,572,0,,,,,,,,,,
EmoteChronos454,573,0,,,,,,,,,,
EmoteChronos455,574,0,,,,,,,,,,
EmoteChronos456,575,0,,,,,,,,,,
EmoteChronos457,576,0,,,,,,,,,,
EmoteChronos458,577,0,,,,,,,,,,
EmoteChronos459,578,0,,,,,,,,,,
EmoteChronos460,579,0,,,,,,,,,,
EmoteChronos461,580,0,,,,,,,,,,
EmoteChronos462,581,0,,,,,,,,,,
EmoteChronos463,582,0,,,,,,,,,,
EmoteChronos464,583,0,,,,,,,,,,
EmoteChronos465,584,0,,,,,,,,,,
EmoteChronos466,585,0,,,,,,,,,,
EmoteChronos467,586,0,,,,,,,,,,
EmoteChronos468,587,0,,,,,,,,,,
EmoteChronos469,588,0,,,,,,,,,,
EmoteChronos470,589,0,,,,,,,,,,
EmoteChronos471,590,0,,,,,,,,,,
EmoteChronos472,591,0,,,,,,,,,,
EmoteChronos473,592,0,,,,,,,,,,
EmoteChronos474,593,0,,,,,,,,,,
EmoteChronos475,594,0,,,,,,,,,,
EmoteChronos476,595,0,,,,,,,,,,
EmoteChronos477,596,0,,,,,,,,,,
EmoteChronos478,597,0,,,,,,,,,,
EmoteChronos479,598,0,,,,,,,,,,
EmoteChronos480,599,0,,,,,,,,,,
