"Name","Arena","Cards","HeroCoins"
"String","String","int","int"
"Common","TrainingCamp",100,
,"Arena1",100,
,"Arena2",100,
,"Arena3",100,
,"Arena4",100,
,"Arena5",100,
,"Arena6",100,
,"Arena7",100,
,"Arena8",100,
,"Arena9",100,
,"Arena_L",100,
,"Arena_Electric",140,
,"Arena_T",140,
,"Arena13",170,
,"Arena14",170,
,"Arena_L1",170,
,"Arena_L2",250,
,"Arena_L3",250,
,"Arena_L4",250,
,"Arena_L5",420,
,"Arena_L6",420,
,"Arena_L7",420,
,"Arena_L8",590,
,"Arena_L9",590,
,"Arena_L10",590,
,"Arena_L11",1000,
,"Arena_L12",1000,
,"Arena_L13",1000,
,"Arena_L14",1250,
"Rare","TrainingCamp",15,
,"Arena1",15,
,"Arena2",15,
,"Arena3",15,
,"Arena4",15,
,"Arena5",15,
,"Arena6",15,
,"Arena7",15,
,"Arena8",15,
,"Arena9",15,
,"Arena_L",15,
,"Arena_Electric",30,
,"Arena_T",30,
,"Arena13",40,
,"Arena14",40,
,"Arena_L1",40,
,"Arena_L2",55,
,"Arena_L3",55,
,"Arena_L4",55,
,"Arena_L5",75,
,"Arena_L6",75,
,"Arena_L7",75,
,"Arena_L8",100,
,"Arena_L9",100,
,"Arena_L10",100,
,"Arena_L11",135,
,"Arena_L12",135,
,"Arena_L13",135,
,"Arena_L14",190,
"Epic","TrainingCamp",1,
,"Arena1",1,
,"Arena2",1,
,"Arena3",1,
,"Arena4",1,
,"Arena5",1,
,"Arena6",1,
,"Arena7",1,
,"Arena8",1,
,"Arena9",1,
,"Arena_L",1,
,"Arena_Electric",2,
,"Arena_T",2,
,"Arena13",3,
,"Arena14",3,
,"Arena_L1",3,
,"Arena_L2",6,
,"Arena_L3",6,
,"Arena_L4",6,
,"Arena_L5",8,
,"Arena_L6",8,
,"Arena_L7",8,
,"Arena_L8",12,
,"Arena_L9",12,
,"Arena_L10",12,
,"Arena_L11",16,
,"Arena_L12",16,
,"Arena_L13",16,
,"Arena_L14",21,
"Legendary","TrainingCamp",1,
,"Arena1",1,
,"Arena2",1,
,"Arena3",1,
,"Arena4",1,
,"Arena5",1,
,"Arena6",1,
,"Arena7",1,
,"Arena8",1,
,"Arena9",1,
,"Arena_L",1,
,"Arena_Electric",1,
,"Arena_T",1,
,"Arena13",1,
,"Arena14",1,
,"Arena_L1",1,
,"Arena_L2",1,
,"Arena_L3",1,
,"Arena_L4",1,
,"Arena_L5",1,
,"Arena_L6",1,
,"Arena_L7",1,
,"Arena_L8",1,
,"Arena_L9",1,
,"Arena_L10",1,
,"Arena_L11",2,
,"Arena_L12",2,
,"Arena_L13",2,
,"Arena_L14",2,
"Champion","TrainingCamp",1,
,"Arena1",1,
,"Arena2",1,
,"Arena3",1,
,"Arena4",1,
,"Arena5",1,
,"Arena6",1,
,"Arena7",1,
,"Arena8",1,
,"Arena9",1,
,"Arena_L",1,
,"Arena_Electric",1,
,"Arena_T",1,
,"Arena13",1,
,"Arena14",1,
,"Arena_L1",1,
,"Arena_L2",1,
,"Arena_L3",1,
,"Arena_L4",1,
,"Arena_L5",1,
,"Arena_L6",1,
,"Arena_L7",1,
,"Arena_L8",1,
,"Arena_L9",1,
,"Arena_L10",1,
,"Arena_L11",1,
,"Arena_L12",1,
,"Arena_L13",1,
,"Arena_L14",2,
