"Name","ExpToNextLevel","SummonerLevel","TowerLevel","TroopLevel","DiamondReward","OriginalExpToNextLevel","LevelUpChest","BookToWcCommon","BookToWcRare","BookToWcEpic","BookToWcLegendary","BookToWcChampion","GoldCoinConversion"
"String","int","int","int","int","int","int","String","int","int","int","int","int","int"
1,20,1,1,1,,20,,100,20,10,4,400,8000
2,50,2,2,2,,50,"LevelUpChest_KL2",100,20,10,4,400,8000
3,50,3,3,3,,100,"LevelUpChest_KL3",100,20,10,4,400,8000
4,50,3,3,3,,200,"LevelUpChest_KL4",100,20,10,4,400,8000
5,80,4,4,4,,400,"LevelUpChest_KL5",100,20,10,4,400,8000
6,120,4,4,4,,1000,"LevelUpChest_KL6",100,20,10,4,400,8000
7,125,5,5,5,,2000,"LevelUpChest_KL7",100,20,10,4,400,8000
8,130,5,5,5,,5000,"LevelUpChest_KL8",100,20,10,4,400,8000
9,145,5,5,5,,10000,"LevelUpChest_KL9",100,20,10,4,400,8000
10,200,6,6,6,,30000,"LevelUpChest_KL10",100,20,10,4,400,8000
11,220,6,6,6,,40000,"LevelUpChest_KL11",100,20,10,4,400,8000
12,280,6,6,6,,80000,"LevelUpChest_KL12",100,20,10,4,400,8000
13,300,6,6,6,,100000,"LevelUpChest_KL13",100,20,10,4,400,8000
14,350,7,7,7,,0,"LevelUpChest_KL14",200,50,10,4,400,8000
15,450,7,7,7,,0,"LevelUpChest_KL15",200,50,10,4,400,8000
16,550,7,7,7,,0,"LevelUpChest_KL16",200,50,10,4,400,8000
17,650,7,7,7,,0,"LevelUpChest_KL17",200,50,10,4,400,8000
18,800,8,8,8,,0,"LevelUpChest_KL18",400,100,10,4,400,8000
19,1200,8,8,8,,0,"LevelUpChest_KL19",400,100,10,4,400,8000
20,1400,8,8,8,,0,"LevelUpChest_KL20",400,100,10,4,400,8000
21,1600,8,8,8,,0,"LevelUpChest_KL21",400,100,10,4,400,8000
22,2000,9,9,9,,0,"LevelUpChest_KL22",800,200,20,4,400,8000
23,2300,9,9,9,,0,"LevelUpChest_KL23",800,200,20,4,400,8000
24,2700,9,9,9,,0,"LevelUpChest_KL24",800,200,20,4,400,8000
25,3000,9,9,9,,0,"LevelUpChest_KL25",800,200,20,4,400,8000
26,4000,10,10,10,,0,"LevelUpChest_KL26",1000,300,30,4,400,15000
27,4600,10,10,10,,0,"LevelUpChest_KL27",1000,300,30,4,400,15000
28,5400,10,10,10,,0,"LevelUpChest_KL28",1000,300,30,4,400,15000
29,6000,10,10,10,,0,"LevelUpChest_KL29",1000,300,30,4,400,15000
30,7000,11,11,11,,0,"LevelUpChest_KL30",1500,400,50,6,800,25000
31,8000,11,11,11,,0,"LevelUpChest_KL31",1500,400,50,6,800,25000
32,9000,11,11,11,,0,"LevelUpChest_KL32",1500,400,50,6,800,25000
33,11000,11,11,11,,0,"LevelUpChest_KL33",1500,400,50,6,800,25000
34,12500,12,12,12,,0,"LevelUpChest_KL34",2500,550,70,9,2000,40000
35,12500,12,12,12,,0,"LevelUpChest_KL35",2500,550,70,9,2000,40000
36,12500,12,12,12,,0,"LevelUpChest_KL36",2500,550,70,9,2000,40000
37,12500,12,12,12,,0,"LevelUpChest_KL37",2500,550,70,9,2000,40000
38,15000,13,13,13,,0,"LevelUpChest_KL38",3500,750,100,12,3200,60000
39,18000,13,13,13,,0,"LevelUpChest_KL39",3500,750,100,12,3200,60000
40,22000,13,13,13,,0,"LevelUpChest_KL40",3500,750,100,12,3200,60000
41,25000,13,13,13,,0,"LevelUpChest_KL41",3500,750,100,12,3200,60000
42,25000,14,14,14,,0,"LevelUpChest_KL42",5500,1000,130,14,4400,90000
43,25000,14,14,14,,0,"LevelUpChest_KL43",5500,1000,130,14,4400,90000
44,25000,14,14,14,,0,"LevelUpChest_KL44",5500,1000,130,14,4400,90000
45,25000,14,14,14,,0,"LevelUpChest_KL45",5500,1000,130,14,4400,90000
46,25000,14,14,14,,0,"LevelUpChest_KL46",5500,1000,130,14,4400,90000
47,25000,14,14,14,,0,"LevelUpChest_KL47",5500,1000,130,14,4400,90000
48,25000,14,14,14,,0,"LevelUpChest_KL48",5500,1000,130,14,4400,90000
49,25000,14,14,14,,0,"LevelUpChest_KL49",5500,1000,130,14,4400,90000
50,25000,14,14,14,,25000,"LevelUpChest_KL50",5500,1000,130,14,4400,90000
51,40000,14,14,14,,50000,"LevelUpChest_KL51",5500,1000,130,14,4400,90000
52,55000,14,14,14,,75000,"LevelUpChest_KL52",5500,1000,130,14,4400,90000
53,70000,14,14,14,,100000,"LevelUpChest_KL53",5500,1000,130,14,4400,90000
54,85000,15,15,15,,125000,"LevelUpChest_KL54",7500,1400,180,20,6000,120000
55,100000,15,15,15,,150000,"LevelUpChest_KL55",7500,1400,180,20,6000,120000
56,115000,15,15,15,,175000,"LevelUpChest_KL56",7500,1400,180,20,6000,120000
57,130000,15,15,15,,200000,"LevelUpChest_KL57",7500,1400,180,20,6000,120000
58,145000,15,15,15,,225000,"LevelUpChest_KL58",7500,1400,180,20,6000,120000
59,160000,15,15,15,,250000,"LevelUpChest_KL59",7500,1400,180,20,6000,120000
60,180000,15,15,15,,275000,"LevelUpChest_KL60",7500,1400,180,20,6000,120000
61,200000,15,15,15,,300000,"LevelUpChest_KL61",7500,1400,180,20,6000,120000
62,220000,15,15,15,,325000,"LevelUpChest_KL62",7500,1400,180,20,6000,120000
63,240000,15,15,15,,350000,"LevelUpChest_KL63",7500,1400,180,20,6000,120000
64,260000,15,15,15,,375000,"LevelUpChest_KL64",7500,1400,180,20,6000,120000
65,280000,15,15,15,,400000,"LevelUpChest_KL65",7500,1400,180,20,6000,120000
66,300000,15,15,15,,425000,"LevelUpChest_KL66",7500,1400,180,20,6000,120000
67,320000,15,15,15,,450000,"LevelUpChest_KL67",7500,1400,180,20,6000,120000
68,340000,15,15,15,,475000,"LevelUpChest_KL68",7500,1400,180,20,6000,120000
69,360000,15,15,15,,500000,"LevelUpChest_KL69",7500,1400,180,20,6000,120000
70,390000,15,15,15,,0,"LevelUpChest_KL70",7500,1400,180,20,6000,120000
71,420000,15,15,15,,0,"LevelUpChest_KL71",7500,1400,180,20,6000,120000
72,450000,15,15,15,,0,"LevelUpChest_KL72",7500,1400,180,20,6000,120000
73,550000,15,15,15,,0,"LevelUpChest_KL73",7500,1400,180,20,6000,120000
74,600000,15,15,15,,0,"LevelUpChest_KL74",7500,1400,180,20,6000,120000
75,700000,16,16,16,,0,"LevelUpChest_KL75",7500,1400,180,20,6000,120000
76,800000,16,16,16,,0,"LevelUpChest_KL76",7500,1400,180,20,6000,120000
77,900000,16,16,16,,0,"LevelUpChest_KL77",7500,1400,180,20,6000,120000
78,1000000,16,16,16,,0,"LevelUpChest_KL78",7500,1400,180,20,6000,120000
79,1100000,16,16,16,,0,"LevelUpChest_KL79",7500,1400,180,20,6000,120000
80,1200000,16,16,16,,0,"LevelUpChest_KL80",7500,1400,180,20,6000,120000
81,1300000,16,16,16,,0,"LevelUpChest_KL81",7500,1400,180,20,6000,120000
82,1400000,16,16,16,,0,"LevelUpChest_KL82",7500,1400,180,20,6000,120000
83,1500000,16,16,16,,0,"LevelUpChest_KL83",7500,1400,180,20,6000,120000
84,1600000,16,16,16,,0,"LevelUpChest_KL84",7500,1400,180,20,6000,120000
85,1700000,16,16,16,,0,"LevelUpChest_KL85",7500,1400,180,20,6000,120000
86,1800000,16,16,16,,0,"LevelUpChest_KL86",7500,1400,180,20,6000,120000
87,1900000,16,16,16,,0,"LevelUpChest_KL87",7500,1400,180,20,6000,120000
88,2000000,16,16,16,,0,"LevelUpChest_KL88",7500,1400,180,20,6000,120000
89,2100000,16,16,16,,0,"LevelUpChest_KL89",7500,1400,180,20,6000,120000
90,2200000,16,16,16,,0,"LevelUpChest_KL90",7500,1400,180,20,6000,120000
