"Name","NpcOnly","PvpOnly","ShadowR","ShadowG","ShadowB","ShadowA","ShadowOffsetX","ShadowOffsetY","Sound","ExtraTimeMusic","WinCondition","EndScreenDelay","FileName","TileDataFileName","AmbientSound","OverlaySC","OverlayExportName","CrowdEffects","CloudFileName","CloudExportName","CloudRandomFlip","CloudMinScale","CloudMaxScale","CloudMinSpeed","CloudMaxSpeed","CloudMinAlpha","CloudMaxAlpha","CloudCount","WalkEffect","WalkEffectOvertime","LoopingEffectRegularTime","LoopingEffectFinalMinute","LoopingEffectOvertime","LoopingEffect","LoopingEffectOvertimeSide","ReflectionRed","ReflectionGreen","ReflectionBlue","ChainedSWF","ChainedExportName","MusicOverride"
"string","boolean","boolean","int","int","int","int","int","int","string","string","string","int","string","string","string","string","string","boolean","string","string","boolean","int","int","int","int","int","int","int","string","string","string","string","string","string","string","int","int","int","string","string","string"
"FirstMatch","TRUE",,,,100,60,100,100,"soundbanks/music_jingle_general/music_jingle_general_tut_jing_start","60sec_training","Normal",4000,"locations/training_arena.csv","tilemaps/tilemap.csv","soundbanks/ui_menu_general/ui_menu_general_scroll_amb_1",,,,"sc/effects.sc","cloud_1","TRUE",54,114,25,154,7,10,4,,,,,,,,,,,,,
"TrainingCamp","TRUE",,,,100,60,100,100,"soundbanks/music_jingle_general/music_jingle_general_tut_jing_start","60sec_training","Normal",4000,"locations/training_arena.csv","tilemaps/tilemap.csv","soundbanks/ui_menu_general/ui_menu_general_scroll_amb_1",,,,"sc/effects.sc","cloud_1","TRUE",54,114,25,154,7,10,4,,,,,,,,,,,,,
"PvP_goblin",,"TRUE",,30,,55,100,200,"soundbanks/music_jingle_general/music_jingle_general_goblin_arena_start","Sudden_death","Normal",4000,"locations/goblin_arena.csv","tilemaps/tilemap.csv","soundbanks/ui_menu_general/ui_menu_general_scroll_amb_1",,,"TRUE","sc/effects.sc","cloud_1","TRUE",70,110,25,80,15,15,5,,,,,,,,,,,,,
"PvP_barbarian",,"TRUE",,,100,50,100,100,"soundbanks/music_jingle_general/music_jingle_general_barbarian_arena_start","Sudden_death","Normal",4000,"locations/barbarian_arena.csv","tilemaps/tilemap.csv","soundbanks/ui_menu_general/ui_menu_general_scroll_amb_1",,,"TRUE","sc/effects.sc","cloud_1","TRUE",70,110,25,80,15,15,5,,,,,,,,,,,,,
"PvP_bone",,"TRUE",50,10,,55,100,144,"soundbanks/music_jingle_general/ui_battle_general_bone_pit_arena_start","Sudden_death","Normal",4000,"locations/bone_arena.csv","tilemaps/tilemap.csv","soundbanks/ui_menu_general/ui_menu_general_scroll_amb_1",,,"TRUE","sc/effects.sc","cloud_1","TRUE",70,110,25,80,15,15,5,,,,,,,,,,,,,
"PvP_dark",,"TRUE",50,10,,55,100,100,"soundbanks/music_jingle_general/music_jingle_general_dark_arena_start","Sudden_death","Normal",4000,"locations/dark_arena.csv","tilemaps/tilemap.csv","soundbanks/ui_menu_general/ui_menu_general_scroll_amb_1",,,"TRUE",,,"TRUE",,,,,,,,,,,,,,,,,,,,
"PvP_royal",,"TRUE",,,100,50,100,100,"soundbanks/ui_menu_general/ui_menu_general_jingle_match_start","Sudden_death","Normal",4000,"locations/royal_arena.csv","tilemaps/tilemap.csv","soundbanks/ui_menu_general/ui_menu_general_scroll_amb_1",,,"TRUE","sc/effects.sc","cloud_1","TRUE",70,110,25,80,15,15,5,,,,,,,,,,,,,
"PvP_spell",,"TRUE",,,100,50,100,100,"soundbanks/music_jingle_general/music_jingle_general_spell_arena_start","Sudden_death","Normal",4000,"locations/spell_arena.csv","tilemaps/tilemap.csv","soundbanks/ui_menu_general/ui_menu_general_scroll_amb_1",,,"TRUE","sc/effects.sc","cloud_1","TRUE",70,110,25,80,15,15,5,,,,,,,,,,,,,
"PvP_legendary",,"TRUE",,,100,50,100,100,"soundbanks/music_jingle_general/music_jingle_general_legendary_arena_start","Sudden_death","Normal",4000,"locations/legendary_arena.csv","tilemaps/tilemap.csv","soundbanks/ui_menu_general/ui_menu_general_scroll_amb_1",,,"TRUE","sc/effects.sc","cloud_1","TRUE",114,177,397,112,5,10,,,,,,,,,,,,,,
"PvP_builder",,"TRUE",,,100,50,100,100,"soundbanks/music_jingle_general/music_jingle_general_builder_arena_start","Sudden_death","Normal",4000,"locations/builder_arena.csv","tilemaps/tilemap.csv","soundbanks/ui_menu_general/ui_menu_general_scroll_amb_1",,,"TRUE","sc/effects.sc","cloud_1","TRUE",70,110,25,80,4,9,5,,,,,,,,,,,,,
"PvP_ice",,"TRUE",122,132,224,60,100,200,"soundbanks/music_jingle_general/music_jingle_general_ice_arena_start","Sudden_death","Normal",4000,"locations/ice_arena.csv","tilemaps/tilemap.csv","soundbanks/ui_menu_general/ui_menu_general_scroll_amb_1",,,"TRUE","sc/effects.sc","cloud_1","TRUE",70,110,25,80,15,15,,,,,,,"ice_arena_snow",,,,,,,
"PvP_jungle",,"TRUE",122,132,224,60,100,200,"soundbanks/music_jingle_general/music_jingle_general_jungle_arena_start","Sudden_death","Normal",4000,"locations/jungle_arena.csv","tilemaps/tilemap.csv","soundbanks/ui_menu_general/ui_menu_general_scroll_amb_1",,,"TRUE","sc/effects.sc","cloud_1","TRUE",70,110,25,80,15,15,,,"jungle_arena_walk_splash",,,"jungle_arena_rain",,,,,,,,
"TeamVsTeam_royal",,"TRUE",,,100,50,100,100,"soundbanks/ui_menu_general/ui_menu_general_jingle_match_start","Sudden_death","Normal",4000,"locations/royal_arena_2v2.csv","tilemaps/tilemap_2v2.csv","soundbanks/ui_menu_general/ui_menu_general_scroll_amb_1",,,"TRUE","sc/effects.sc","cloud_1","TRUE",70,110,25,80,15,15,5,,,,,,,,,,,,,
"PvP_champion",,"TRUE",122,132,224,60,100,200,"soundbanks/music_jingle_general/music_jingle_general_hog_arena_start","Sudden_death","Normal",4000,"locations/champion_arena.csv","tilemaps/tilemap.csv","soundbanks/ui_menu_general/ui_menu_general_scroll_amb_1",,,"TRUE","sc/effects.sc","asteroid_shadow_anim_01","TRUE",70,110,25,80,15,15,5,,,,,,,"legendary_arena_loop",24,20,20,,,
"PvE_training","TRUE",,,,100,60,100,100,"soundbanks/music_jingle_general/music_jingle_general_tut_jing_start","60sec_training","Normal",4000,"locations/champion_arena.csv","tilemaps/tilemap.csv","soundbanks/ui_menu_general/ui_menu_general_scroll_amb_1",,,,"sc/effects.sc","cloud_1","TRUE",54,114,25,154,7,10,4,,,,,,,,,,,,,
"TvE_training","TRUE",,,,100,60,100,100,"soundbanks/music_jingle_general/music_jingle_general_tut_jing_start","60sec_training","Normal",4000,"locations/champion_arena.csv","tilemaps/tilemap.csv","soundbanks/ui_menu_general/ui_menu_general_scroll_amb_1",,,,"sc/effects.sc","cloud_1","TRUE",54,114,25,154,7,10,4,,,,,,,,,,,,,
"PvE_training1","TRUE",,,,100,60,100,100,"soundbanks/music_jingle_general/music_jingle_general_tut_jing_start","60sec_training","Normal",4000,"locations/champion_arena.csv","tilemaps/tilemap.csv","soundbanks/ui_menu_general/ui_menu_general_scroll_amb_1",,,,"sc/effects.sc","cloud_1","TRUE",54,114,25,154,7,10,4,,,,,,,,,,,,,
"TeamVsTeam_legendary",,"TRUE",,,100,50,100,100,"soundbanks/music_jingle_general/music_jingle_general_legendary_arena_start","Sudden_death","Normal",4000,"locations/legendary_arena_2v2.csv","tilemaps/tilemap_2v2.csv","soundbanks/ui_menu_general/ui_menu_general_scroll_amb_1",,,"TRUE","sc/effects.sc","cloud_1","TRUE",114,177,397,112,5,10,,,,,,,,,,,,,,
"TeamVsTeam_goblin",,"TRUE",,30,,55,100,200,"soundbanks/music_jingle_general/music_jingle_general_goblin_arena_start","Sudden_death","Normal",4000,"locations/goblin_arena_2v2.csv","tilemaps/tilemap_2v2.csv","soundbanks/ui_menu_general/ui_menu_general_scroll_amb_1",,,"TRUE","sc/effects.sc","cloud_1","TRUE",70,110,25,80,15,15,5,,,,,,,,,,,,,
"TeamVsTeam_barbarian",,"TRUE",,,100,50,100,100,"soundbanks/music_jingle_general/music_jingle_general_barbarian_arena_start","Sudden_death","Normal",4000,"locations/barbarian_arena_2v2.csv","tilemaps/tilemap_2v2.csv","soundbanks/ui_menu_general/ui_menu_general_scroll_amb_1",,,"TRUE","sc/effects.sc","cloud_1","TRUE",70,110,25,80,15,15,5,,,,,,,,,,,,,
"TeamVsTeam_bone",,"TRUE",50,10,,55,100,144,"soundbanks/music_jingle_general/ui_battle_general_bone_pit_arena_start","Sudden_death","Normal",4000,"locations/bone_arena_2v2.csv","tilemaps/tilemap_2v2.csv","soundbanks/ui_menu_general/ui_menu_general_scroll_amb_1",,,"TRUE","sc/effects.sc","cloud_1","TRUE",70,110,25,80,15,15,5,,,,,,,,,,,,,
"TeamVsTeam_dark",,"TRUE",50,10,,55,100,100,"soundbanks/music_jingle_general/music_jingle_general_dark_arena_start","Sudden_death","Normal",4000,"locations/dark_arena_2v2.csv","tilemaps/tilemap_2v2.csv","soundbanks/ui_menu_general/ui_menu_general_scroll_amb_1",,,"TRUE",,,"TRUE",,,,,,,,,,,,,,,,,,,,
"TeamVsTeam_spell",,"TRUE",,,100,50,100,100,"soundbanks/music_jingle_general/music_jingle_general_spell_arena_start","Sudden_death","Normal",4000,"locations/spell_arena_2v2.csv","tilemaps/tilemap_2v2.csv","soundbanks/ui_menu_general/ui_menu_general_scroll_amb_1",,,"TRUE","sc/effects.sc","cloud_1","TRUE",70,110,25,80,15,15,5,,,,,,,,,,,,,
"TeamVsTeam_builder",,"TRUE",,,100,50,100,100,"soundbanks/music_jingle_general/music_jingle_general_builder_arena_start","Sudden_death","Normal",4000,"locations/builder_arena_2v2.csv","tilemaps/tilemap_2v2.csv","soundbanks/ui_menu_general/ui_menu_general_scroll_amb_1",,,"TRUE","sc/effects.sc","cloud_1","TRUE",70,110,25,80,4,9,5,,,,,,,,,,,,,
"TeamVsTeam_ice",,"TRUE",122,132,224,60,100,200,"soundbanks/music_jingle_general/music_jingle_general_ice_arena_start","Sudden_death","Normal",4000,"locations/ice_arena_2v2.csv","tilemaps/tilemap_2v2.csv","soundbanks/ui_menu_general/ui_menu_general_scroll_amb_1",,,"TRUE","sc/effects.sc","cloud_1","TRUE",70,110,25,80,15,15,,,,,,,"ice_arena_snow",,,,,,,
"TeamVsTeam_jungle",,"TRUE",122,132,224,60,100,200,"soundbanks/music_jingle_general/music_jingle_general_jungle_arena_start","Sudden_death","Normal",4000,"locations/jungle_arena_2v2.csv","tilemaps/tilemap_2v2.csv","soundbanks/ui_menu_general/ui_menu_general_scroll_amb_1",,,"TRUE","sc/effects.sc","cloud_1","TRUE",70,110,25,80,15,15,,,"jungle_arena_walk_splash",,,"jungle_arena_rain",,,,,,,,
"TeamVsTeam_champion",,"TRUE",122,132,224,60,100,200,"soundbanks/music_jingle_general/music_jingle_general_hog_arena_start","Sudden_death","Normal",4000,"locations/champion_arena_2v2.csv","tilemaps/tilemap_2v2.csv","soundbanks/ui_menu_general/ui_menu_general_scroll_amb_1",,,"TRUE","sc/effects.sc","asteroid_shadow_anim_01","TRUE",70,110,25,80,15,15,5,,,,,,,"legendary_arena_loop",24,20,20,,,
"PvP_touchdown",,"TRUE",,,100,50,100,100,"soundbanks/ui_menu_general/ui_menu_general_jingle_match_start","Sudden_death","Normal",4000,"locations/touchdown_arena.csv","tilemaps/tilemap_touchdown.csv","soundbanks/ui_menu_general/ui_menu_general_scroll_amb_1",,,"TRUE","sc/effects.sc","cloud_1","TRUE",70,110,25,80,15,15,,,,,,,,,,,,,,
"TeamVsTeam_touchdown",,"TRUE",,,100,25,100,100,"soundbanks/ui_menu_general/ui_menu_general_jingle_match_start","Sudden_death","Normal",4000,"locations/touchdown_arena.csv","tilemaps/tilemap_touchdown_2v2.csv","soundbanks/ui_menu_general/ui_menu_general_scroll_amb_1",,,"TRUE","sc/effects.sc","touchdown_blimp_01",,85,105,40,80,10,10,1,,,,"legendary_arena_loop",,,"legendary_arena_loop",,,,,,
"PvP_electric",,"TRUE",,,100,50,100,100,"soundbanks/music_jingle_general/music_jingle_general_electric_arena_start","Sudden_death","Normal",4000,"locations/electric_arena.csv","tilemaps/tilemap.csv","soundbanks/ui_menu_general/ui_menu_general_scroll_amb_1",,,"TRUE","sc/effects.sc","cloud_1","TRUE",70,110,25,80,15,15,,,,,,,,,,,,,,
"TeamVsTeam_electric",,"TRUE",,,100,50,100,100,"soundbanks/music_jingle_general/music_jingle_general_electric_arena_start","Sudden_death","Normal",4000,"locations/electric_arena_2v2.csv","tilemaps/tilemap_2v2.csv","soundbanks/ui_menu_general/ui_menu_general_scroll_amb_1",,,"TRUE","sc/effects.sc","cloud_1","TRUE",70,110,25,80,15,15,5,,,,,,,,,,,,,
"PvP_koth",,"TRUE",,,100,50,100,100,"soundbanks/ui_menu_general/ui_menu_general_jingle_match_start","Sudden_death","Normal",4000,"locations/electric_arena.csv","tilemaps/tilemap.csv","soundbanks/ui_menu_general/ui_menu_general_scroll_amb_1",,,"TRUE","sc/effects.sc","cloud_1","TRUE",70,110,25,80,15,15,5,,,,,,,,,,,,,
"TeamVsTeam_koth",,"TRUE",,,100,25,100,100,"soundbanks/ui_menu_general/ui_menu_general_jingle_match_start","Sudden_death","Normal",4000,"locations/electric_arena_2v2.csv","tilemaps/tilemap_2v2.csv","soundbanks/ui_menu_general/ui_menu_general_scroll_amb_1",,,"TRUE","sc/effects.sc","cloud_1","TRUE",70,110,25,80,15,15,5,,,,,,,,,,,,,
"PvP_koth2",,"TRUE",,,100,50,100,100,"soundbanks/ui_menu_general/ui_menu_general_jingle_match_start","Sudden_death","Normal",4000,"locations/electric_arena.csv","tilemaps/tilemap.csv","soundbanks/ui_menu_general/ui_menu_general_scroll_amb_1",,,"TRUE","sc/effects.sc","cloud_1","TRUE",70,110,25,80,15,15,5,,,,,,,,,,,,,
"PvP_clanwar",,"TRUE",,,100,50,100,100,"soundbanks/ui_menu_general/ui_menu_general_jingle_match_start","Sudden_death","Normal",4000,"locations/clan_arena_t2.csv","tilemaps/tilemap.csv","soundbanks/ui_menu_general/ui_menu_general_scroll_amb_1",,,"TRUE","sc/effects.sc","cloud_1","TRUE",70,110,25,80,15,15,5,,,,,,,,,,,,,
"TeamVsTeam_training_camp","TRUE",,,,100,60,100,100,"soundbanks/music_jingle_general/music_jingle_general_tut_jing_start","60sec_training","Normal",4000,"locations/training_arena_2v2.csv","tilemaps/tilemap_2v2.csv","soundbanks/ui_menu_general/ui_menu_general_scroll_amb_1",,,,"sc/effects.sc","cloud_1","TRUE",54,114,25,154,7,10,4,,,,,,,,,,,,,
"PvP_clan_t1",,"TRUE",,,100,50,100,100,"soundbanks/music_jingle_general/music_jingle_general_cw_ar_jing","Sudden_death","Normal",4000,"locations/clan_arena_t1.csv","tilemaps/tilemap.csv","soundbanks/ui_menu_general/ui_menu_general_scroll_amb_1",,,"TRUE","sc/effects.sc","cloud_1","TRUE",70,110,25,80,15,15,5,,,,,,,,,,,,,
"PvP_clan_t2",,"TRUE",,,100,50,100,100,"soundbanks/music_jingle_general/music_jingle_general_cw_ar_jing","Sudden_death","Normal",4000,"locations/clan_arena_t2.csv","tilemaps/tilemap.csv","soundbanks/ui_menu_general/ui_menu_general_scroll_amb_1",,,"TRUE","sc/effects.sc","cloud_1","TRUE",70,110,25,80,15,15,5,,,,,,,,,,,,,
"PvP_clan_t3",,"TRUE",,,100,50,100,100,"soundbanks/music_jingle_general/music_jingle_general_cw_ar_jing","Sudden_death","Normal",4000,"locations/clan_arena_t3.csv","tilemaps/tilemap.csv","soundbanks/ui_menu_general/ui_menu_general_scroll_amb_1",,,"TRUE","sc/effects.sc","cloud_1","TRUE",70,110,25,80,15,15,5,,,,,,,,,,,,,
"PvP_clan_t4",,"TRUE",,,100,50,100,100,"soundbanks/music_jingle_general/music_jingle_general_cw_ar_jing","Sudden_death","Normal",4000,"locations/clan_arena_t4.csv","tilemaps/tilemap.csv","soundbanks/ui_menu_general/ui_menu_general_scroll_amb_1",,,"TRUE","sc/effects.sc","cloud_1","TRUE",70,110,25,80,15,15,5,,,,,,,,,,,,,
"ThreeVsThree_royal",,"TRUE",,,100,50,100,100,"soundbanks/ui_menu_general/ui_menu_general_jingle_match_start","Sudden_death","Normal",4000,"locations/royal_arena_3v3.csv","tilemaps/tilemap_3v3.csv","soundbanks/ui_menu_general/ui_menu_general_scroll_amb_1",,,"TRUE","sc/effects.sc","cloud_1","TRUE",70,110,25,80,15,15,5,,,,,,,,,,,,,
"PvP_spooky",,"TRUE",122,132,224,60,100,200,"soundbanks/music_jingle_general/music_jingle_general_spooky_arena_start","Sudden_death","Normal",4000,"locations/spooky_arena.csv","tilemaps/tilemap.csv","soundbanks/ui_menu_general/ui_menu_general_scroll_amb_1",,,"TRUE","sc/effects.sc","cloud_1","TRUE",70,110,25,80,15,15,3,,,"jungle_arena_rain",,"spooky_ghost_glow",,,,,,,,
"TeamVsTeam_spooky",,"TRUE",122,132,224,60,100,200,"soundbanks/music_jingle_general/music_jingle_general_spooky_arena_start","Sudden_death","Normal",4000,"locations/spooky_arena_2v2.csv","tilemaps/tilemap_2v2.csv","soundbanks/ui_menu_general/ui_menu_general_scroll_amb_1",,,"TRUE","sc/effects.sc","cloud_1","TRUE",70,110,25,80,15,15,3,,,"jungle_arena_rain",,"spooky_ghost_glow",,,,,,,,
"Obstacles_Bushes",,"TRUE",,30,,55,100,200,"soundbanks/music_jingle_general/music_jingle_general_goblin_arena_start","Sudden_death","Normal",4000,"locations/barbarian_arena.csv","tilemaps/tilemap_bushes.csv","soundbanks/ui_menu_general/ui_menu_general_scroll_amb_1",,,"TRUE","sc/effects.sc","cloud_1","TRUE",70,110,25,80,15,15,5,,,,,,,,,,,,,
"PvP_boat",,"TRUE",122,132,224,60,100,200,"soundbanks/music_jingle_general/music_jingle_general_boat_arena_start","Sudden_death","Normal",4000,"locations/boat_arena.csv","tilemaps/tilemap.csv","soundbanks/ui_menu_general/ui_menu_general_scroll_amb_1",,,"TRUE","sc/effects.sc","asteroid_shadow_anim_01","TRUE",111,193,25,80,8,12,,,,,,,,"legendary_arena_loop",,,,,,
"TeamVsTeam_boat",,"TRUE",122,132,224,60,100,200,"soundbanks/music_jingle_general/music_jingle_general_boat_arena_start","Sudden_death","Normal",4000,"locations/boat_arena_2v2.csv","tilemaps/tilemap_2v2.csv","soundbanks/ui_menu_general/ui_menu_general_scroll_amb_1",,,"TRUE","sc/effects.sc","asteroid_shadow_anim_01","TRUE",111,193,25,80,8,12,,,,,,,,"legendary_arena_loop",,,,,,
"PvP_flood",,"TRUE",122,132,224,60,100,200,"soundbanks/music_jingle_general/music_jingle_general_boat_arena_start","Sudden_death","Normal",4000,"locations/flood_arena.csv","tilemaps/tilemap.csv","soundbanks/ui_menu_general/ui_menu_general_scroll_amb_1",,,"TRUE","sc/effects.sc","cloud_1","TRUE",185,200,25,83,9,11,,,,,,,,"legendary_arena_loop",,,,,,
"PvP_boat_2",,"TRUE",122,132,224,60,100,200,"soundbanks/music_jingle_general/music_jingle_general_boat_arena_start","Sudden_death","Normal",4000,"locations/boat_arena_2.csv","tilemaps/tilemap.csv","soundbanks/ui_menu_general/ui_menu_general_scroll_amb_1",,,"TRUE","sc/effects.sc","asteroid_shadow_anim_01","TRUE",111,193,25,80,8,12,,,,,,,,"legendary_arena_loop",,,,,,
"TeamVsTeam_boat_2",,"TRUE",122,132,224,60,100,200,"soundbanks/music_jingle_general/music_jingle_general_boat_arena_start","Sudden_death","Normal",4000,"locations/boat_arena_2v2_2.csv","tilemaps/tilemap_2v2.csv","soundbanks/ui_menu_general/ui_menu_general_scroll_amb_1",,,"TRUE","sc/effects.sc","asteroid_shadow_anim_01","TRUE",111,193,25,80,8,12,,,,,,,,"legendary_arena_loop",,,,,,
"PvP_halloween",,"TRUE",122,132,224,60,100,200,"soundbanks/music_jingle_general/music_jingle_general_hog_arena_start","Sudden_death","Normal",4000,"locations/halloween_arena.csv","tilemaps/tilemap.csv","soundbanks/ui_menu_general/ui_menu_general_scroll_amb_1",,,"TRUE","sc/effects.sc","asteroid_shadow_anim_01","TRUE",70,110,25,80,15,15,5,,,,,,,"legendary_arena_loop",24,20,20,,,
"TeamVsTeam_halloween",,"TRUE",122,132,224,60,100,200,"soundbanks/music_jingle_general/music_jingle_general_hog_arena_start","Sudden_death","Normal",4000,"locations/champion_arena_2v2.csv","tilemaps/tilemap_2v2.csv","soundbanks/ui_menu_general/ui_menu_general_scroll_amb_1",,,"TRUE","sc/effects.sc","asteroid_shadow_anim_01","TRUE",70,110,25,80,15,15,5,,,,,,,"legendary_arena_loop",24,20,20,,,
"PvP_goblin_party",,"TRUE",122,132,224,69,100,200,"soundbanks/music_jingle_general/music_jingle_general_hog_arena_start","Sudden_death","Normal",4000,"locations/goblin_party_arena.csv","tilemaps/tilemap.csv","soundbanks/ui_menu_general/ui_menu_general_scroll_amb_1",,,"TRUE","sc/effects.sc","asteroid_shadow_anim_01","TRUE",1,1,25,80,15,1,5,,,,,,,"legendary_arena_loop",24,20,20,,,
"TeamVsTeam_goblin_party",,"TRUE",122,132,224,60,100,200,"soundbanks/music_jingle_general/music_jingle_general_hog_arena_start","Sudden_death","Normal",4000,"locations/goblin_party_arena_2v2.csv","tilemaps/tilemap_2v2.csv","soundbanks/ui_menu_general/ui_menu_general_scroll_amb_1",,,"TRUE","sc/effects.sc","asteroid_shadow_anim_01","TRUE",70,110,25,80,15,15,5,,,,,,,"legendary_arena_loop",24,20,20,,,
"PvP_holiday_arena",,"TRUE",122,132,224,66,100,200,"soundbanks/music_jingle_general/music_jingle_general_holiday_arena_start","Sudden_death","Normal",4000,"locations/holiday_arena.csv","tilemaps/tilemap.csv","soundbanks/ui_menu_general/ui_menu_general_scroll_amb_1",,,"TRUE","sc/effects.sc","cloud_1","TRUE",1,1,1,1,1,1,,,,,,,"ice_arena_snow","legendary_arena_loop",,,,,,
"TeamVsTeam_holiday_arena",,"TRUE",122,132,224,60,100,200,"soundbanks/music_jingle_general/music_jingle_general_holiday_arena_start","Sudden_death","Normal",4000,"locations/holiday_arena_2v2.csv","tilemaps/tilemap_2v2.csv","soundbanks/ui_menu_general/ui_menu_general_scroll_amb_1",,,"TRUE","sc/effects.sc","cloud_1","TRUE",70,110,25,80,15,15,5,,,,,,"ice_arena_snow","legendary_arena_loop",,,,,,
"PvP_lunar_arena",,"TRUE",174,132,180,58,100,200,"soundbanks/music_jingle_general/music_jingle_general_lunar_arena_start","Sudden_death","Normal",4000,"locations/lunar_arena.csv","tilemaps/tilemap.csv","soundbanks/ui_menu_general/ui_menu_general_scroll_amb_1",,,"TRUE","sc/effects.sc","cloud_1","TRUE",103,102,258,254,14,13,,,,,,,"ice_arena_snow","legendary_arena_loop",,,,,,
"TeamVsTeam_lunar_arena",,"TRUE",122,132,224,60,100,200,"soundbanks/music_jingle_general/music_jingle_general_lunar_arena_start","Sudden_death","Normal",4000,"locations/lunar_arena_2v2.csv","tilemaps/tilemap_2v2.csv","soundbanks/ui_menu_general/ui_menu_general_scroll_amb_1",,,"TRUE","sc/effects.sc","cloud_1","TRUE",1,1,1,1,1,1,,,,,,,"ice_arena_snow","legendary_arena_loop",,,,,,
"PvP_cake_arena",,"TRUE",216,206,255,88,100,200,"soundbanks/music_jingle_general/music_jingle_general_jingle_cake_arena_start","Sudden_death","Normal",4000,"locations/cake_arena.csv","tilemaps/tilemap.csv","soundbanks/ui_menu_general/ui_menu_general_scroll_amb_1",,,"TRUE","sc/effects.sc","cloud_1","TRUE",99,100,245,247,20,23,,,,,,,,"legendary_arena_loop",,,,,,
"TeamVsTeam_cake_arena",,"TRUE",174,132,180,58,100,200,"soundbanks/music_jingle_general/music_jingle_general_jingle_cake_arena_start","Sudden_death","Normal",4000,"locations/cake_arena_2v2.csv","tilemaps/tilemap_2v2.csv","soundbanks/ui_menu_general/ui_menu_general_scroll_amb_1",,,"TRUE","sc/effects.sc","cloud_1","TRUE",1,1,1,1,1,1,,,,,,,,"legendary_arena_loop",,,,,,
"PvP_heist_arena",,"TRUE",174,132,180,75,100,200,"soundbanks/music_jingle_general/music_jingle_general_legendary_arena_start","Sudden_death","Normal",4000,"locations/heist_arena.csv","tilemaps/tilemap.csv","soundbanks/ui_menu_general/ui_menu_general_scroll_amb_1",,,"TRUE","sc/effects.sc","cloud_1","TRUE",102,101,253,227,24,1,10,,,,,,,"legendary_arena_loop",,,,,,
"TeamVsTeam_heist_arena",,"TRUE",174,132,180,75,100,200,"soundbanks/music_jingle_general/music_jingle_general_legendary_arena_start","Sudden_death","Normal",4000,"locations/heist_arena_2v2.csv","tilemaps/tilemap_2v2.csv","soundbanks/ui_menu_general/ui_menu_general_scroll_amb_1",,,"TRUE","sc/effects.sc","cloud_1","TRUE",1,1,1,1,1,1,,,,,,,,"legendary_arena_loop",,,,,,
"PvP_dragon_arena",,"TRUE",216,206,255,88,100,200,"soundbanks/music_jingle_general/music_jingle_general_legendary_arena_start","Sudden_death","Normal",4000,"locations/dragon_arena.csv","tilemaps/tilemap.csv","soundbanks/ui_menu_general/ui_menu_general_scroll_amb_1",,,"TRUE","sc/effects.sc","cloud_1","TRUE",99,100,245,247,20,23,,,,,,,,"legendary_arena_loop",,,,,,
"TeamVsTeam_dragon_arena",,"TRUE",174,132,180,58,100,200,"soundbanks/music_jingle_general/music_jingle_general_legendary_arena_start","Sudden_death","Normal",4000,"locations/dragon_arena_2v2.csv","tilemaps/tilemap_2v2.csv","soundbanks/ui_menu_general/ui_menu_general_scroll_amb_1",,,"TRUE","sc/effects.sc","cloud_1","TRUE",1,1,1,1,1,1,,,,,,,,"legendary_arena_loop",,,,,,
"PvP_dream_arena",,"TRUE",45,192,255,78,100,200,"soundbanks/music_jingle_general/music_jingle_general_dream_arena_start","Sudden_death","Normal",4000,"locations/dream_arena.csv","tilemaps/tilemap.csv","soundbanks/ui_menu_general/ui_menu_general_scroll_amb_1",,,"TRUE","sc/effects.sc","cloud_1","TRUE",100,100,248,249,11,11,,,,,,,,"legendary_arena_loop",,,,,,
"TeamVsTeam_dream_arena",,"TRUE",174,132,180,58,100,200,"soundbanks/music_jingle_general/music_jingle_general_dream_arena_start","Sudden_death","Normal",4000,"locations/dream_arena_2v2.csv","tilemaps/tilemap_2v2.csv","soundbanks/ui_menu_general/ui_menu_general_scroll_amb_1",,,"TRUE","sc/effects.sc","cloud_1","TRUE",1,1,1,1,1,1,,,,,,,,"legendary_arena_loop",,,,,,
"PvP_shipwreck_2",,"TRUE",122,132,224,73,100,200,"soundbanks/music_jingle_general/music_jingle_general_boat_arena_start","Sudden_death","Normal",4000,"locations/shipwreck_2_arena.csv","tilemaps/tilemap.csv","soundbanks/ui_menu_general/ui_menu_general_scroll_amb_1",,,"TRUE","sc/effects.sc","asteroid_shadow_anim_01","TRUE",111,193,25,80,8,12,,,,,,,,"legendary_arena_loop",,,,,,
"TeamVsTeam_shipwreck_2",,"TRUE",122,132,224,73,100,200,"soundbanks/music_jingle_general/music_jingle_general_boat_arena_start","Sudden_death","Normal",4000,"locations/shipwreck_2_arena_2v2.csv","tilemaps/tilemap_2v2.csv","soundbanks/ui_menu_general/ui_menu_general_scroll_amb_1",,,"TRUE","sc/effects.sc","asteroid_shadow_anim_01","TRUE",111,193,25,80,8,12,,,,,,,,"legendary_arena_loop",,,,,,
"PvP_clanboat_arena",,"TRUE",216,206,255,88,100,200,"soundbanks/uncategorized/sound_boat_pve_start","Sudden_death","Normal",4000,"locations/clanboat_arena.csv","tilemaps/tilemap_clan_boat_attack.csv","soundbanks/ui_menu_general/ui_menu_general_scroll_amb_1",,,"TRUE","sc/effects.sc","cloud_1","TRUE",99,100,245,247,20,23,,,,,,,,"legendary_arena_loop",,,,,,
"PvP_giant_arena",,"TRUE",216,206,255,88,100,200,"soundbanks/music_jingle_general/music_jingle_general_legendary_arena_start","Sudden_death","Normal",4000,"locations/giant_arena.csv","tilemaps/tilemap.csv","soundbanks/ui_menu_general/ui_menu_general_scroll_amb_1",,,"TRUE","sc/effects.sc","cloud_1","TRUE",69,100,245,247,10,15,3,,,,,,,"legendary_arena_loop",,,,,,
"PvP_electric2",,"TRUE",216,206,255,88,100,200,"soundbanks/music_jingle_general/music_jingle_general_electric_arena_start","Sudden_death","Normal",4000,"locations/electric2_arena.csv","tilemaps/tilemap.csv","soundbanks/ui_menu_general/ui_menu_general_scroll_amb_1",,,"TRUE","sc/effects.sc","cloud_1","TRUE",99,100,245,247,20,23,4,,"jungle_arena_walk_splash",,,"jungle_arena_rain",,,,,,,,
"TeamVsTeam_electric2",,"TRUE",216,206,255,88,100,200,"soundbanks/music_jingle_general/music_jingle_general_electric_arena_start","Sudden_death","Normal",4000,"locations/electric2_arena_2v2.csv","tilemaps/tilemap_2v2.csv","soundbanks/ui_menu_general/ui_menu_general_scroll_amb_1",,,"TRUE","sc/effects.sc","cloud_1","TRUE",1,1,1,1,1,1,,,"jungle_arena_walk_splash",,,"jungle_arena_rain",,,,,,,,
"PvP_tomb_arena",,"TRUE",174,132,180,86,100,200,"soundbanks/music_jingle_general/music_jingle_general_legendary_arena_start","Sudden_death","Normal",4000,"locations/tomb_arena.csv","tilemaps/tilemap.csv","soundbanks/ui_menu_general/ui_menu_general_scroll_amb_1",,,"TRUE","sc/effects.sc","cloud_1","TRUE",1,1,1,1,1,1,,,,,,,,"legendary_arena_loop",,,,,,
"TeamVsTeam_tomb_arena",,"TRUE",174,132,180,58,100,200,"soundbanks/music_jingle_general/music_jingle_general_legendary_arena_start","Sudden_death","Normal",4000,"locations/tomb_arena_2v2.csv","tilemaps/tilemap_2v2.csv","soundbanks/ui_menu_general/ui_menu_general_scroll_amb_1",,,"TRUE","sc/effects.sc","cloud_1","TRUE",1,1,1,1,1,1,,,,,,,,"legendary_arena_loop",,,,,,
"PvP_holiday_arena_2",,"TRUE",122,132,224,66,100,200,"soundbanks/music_jingle_general/music_jingle_general_holiday_arena_start","Sudden_death","Normal",4000,"locations/holiday_arena_2.csv","tilemaps/tilemap.csv","soundbanks/ui_menu_general/ui_menu_general_scroll_amb_1",,,"TRUE","sc/effects.sc","cloud_1","TRUE",1,1,1,1,1,1,,,,,,,"ice_arena_snow","legendary_arena_loop",,,,,,
"TeamVsTeam_holiday_arena_2",,"TRUE",122,132,224,60,100,200,"soundbanks/music_jingle_general/music_jingle_general_holiday_arena_start","Sudden_death","Normal",4000,"locations/holiday_arena_2_2v2.csv","tilemaps/tilemap_2v2.csv","soundbanks/ui_menu_general/ui_menu_general_scroll_amb_1",,,"TRUE","sc/effects.sc","cloud_1","TRUE",70,110,25,80,15,15,5,,,,,,"ice_arena_snow","legendary_arena_loop",,,,,,
"PvP_forbidden_arena",,"TRUE",131,131,137,70,100,200,"soundbanks/music_jingle_general/music_jingle_general_lunar_arena_start_02","Sudden_death","Normal",4000,"locations/forbidden_arena.csv","tilemaps/tilemap.csv","soundbanks/ui_menu_general/ui_menu_general_scroll_amb_1",,,"TRUE","sc/effects.sc","cloud_1","TRUE",103,102,258,254,14,13,,,,,,,"ice_arena_snow","legendary_arena_loop",,,,,,"Lunar_Arena_Battle"
"TeamVsTeam_forbidden_arena",,"TRUE",128,128,136,71,100,200,"soundbanks/music_jingle_general/music_jingle_general_lunar_arena_start_02","Sudden_death","Normal",4000,"locations/forbidden_arena_2v2.csv","tilemaps/tilemap_2v2.csv","soundbanks/ui_menu_general/ui_menu_general_scroll_amb_1",,,"TRUE","sc/effects.sc","cloud_1","TRUE",1,1,1,1,1,1,,,,,,,"ice_arena_snow","legendary_arena_loop",,,,,,"Lunar_Arena_Battle"
"PvP_executioner_kitchen",,"TRUE",131,131,137,70,100,200,"soundbanks/music_jingle_general/music_jingle_general_kitchen_arena_jingle","Sudden_death","Normal",4000,"locations/executioner_arena.csv","tilemaps/tilemap.csv","soundbanks/ui_menu_general/ui_menu_general_scroll_amb_1",,,"TRUE","sc/effects.sc","cloud_1","TRUE",103,102,258,254,14,13,,,,,,,,"legendary_arena_loop",,,,,,
"TeamVsTeam_executioner_kitchen",,"TRUE",128,128,136,71,100,200,"soundbanks/music_jingle_general/music_jingle_general_kitchen_arena_jingle","Sudden_death","Normal",4000,"locations/executioner_arena_2v2.csv","tilemaps/tilemap_2v2.csv","soundbanks/ui_menu_general/ui_menu_general_scroll_amb_1",,,"TRUE","sc/effects.sc","cloud_1","TRUE",1,1,1,1,1,1,,,,,,,,"legendary_arena_loop",,,,,,
"PvP_miner_arena",,"TRUE",133,94,160,70,100,100,"soundbanks/music_jingle_general/music_jingle_general_general_miner_arena_jingle","Sudden_death","Normal",4000,"locations/miner_arena.csv","tilemaps/tilemap.csv","soundbanks/ui_menu_general/ui_menu_general_scroll_amb_1",,,"TRUE","sc/effects.sc","cloud_1","TRUE",103,102,258,254,14,13,,,,,,,,"legendary_arena_loop",,,,,,
"TeamVsTeam_miner_arena",,"TRUE",128,128,136,71,100,200,"soundbanks/music_jingle_general/music_jingle_general_general_miner_arena_jingle","Sudden_death","Normal",4000,"locations/miner_arena_2v2.csv","tilemaps/tilemap_2v2.csv","soundbanks/ui_menu_general/ui_menu_general_scroll_amb_1",,,"TRUE","sc/effects.sc","cloud_1","TRUE",1,1,1,1,1,1,,,,,,,,"legendary_arena_loop",,,,,,
"PvP_pancakes_arena",,"TRUE",133,94,160,70,100,100,"soundbanks/music_jingle_general/music_jingle_general_pancake_arena_jingle","Sudden_death","Normal",4000,"locations/pancakes_arena.csv","tilemaps/tilemap.csv","soundbanks/ui_menu_general/ui_menu_general_scroll_amb_1",,,"TRUE","sc/effects.sc","cloud_1","TRUE",103,102,258,254,14,13,,,,,,,,"legendary_arena_loop",,,,,,
"TeamVsTeam_pancakes_arena",,"TRUE",128,128,136,71,100,200,"soundbanks/music_jingle_general/music_jingle_general_pancake_arena_jingle","Sudden_death","Normal",4000,"locations/pancakes_arena_2v2.csv","tilemaps/tilemap_2v2.csv","soundbanks/ui_menu_general/ui_menu_general_scroll_amb_1",,,"TRUE","sc/effects.sc","cloud_1","TRUE",1,1,1,1,1,1,,,,,,,,"legendary_arena_loop",,,,,,
"PvP_clash_past_arena",,"TRUE",133,94,160,70,100,100,"soundbanks/music_jingle_general/music_jingle_general_retro_arena_start","Retro_Sudden_Death","Normal",4000,"locations/clash_past_arena.csv","tilemaps/tilemap.csv","soundbanks/ui_menu_general/ui_menu_general_scroll_amb_1",,,"TRUE","sc/effects.sc","cloud_1","TRUE",103,102,258,254,14,13,,,,,,,,"legendary_arena_loop",,,,,,"Retro_Battle_Music"
"TeamVsTeam_clash_past_arena",,"TRUE",128,128,136,71,100,200,"soundbanks/music_jingle_general/music_jingle_general_retro_arena_start","Retro_Sudden_Death","Normal",4000,"locations/clash_past_arena_2v2.csv","tilemaps/tilemap_2v2.csv","soundbanks/ui_menu_general/ui_menu_general_scroll_amb_1",,,"TRUE","sc/effects.sc","cloud_1","TRUE",1,1,1,1,1,1,,,,,,,,"legendary_arena_loop",,,,,,"Retro_Battle_Music"
"PvP_clash_fest_arena",,"TRUE",133,94,160,70,100,100,"soundbanks/music_jingle_general/music_jingle_general_legendary_arena_start","Sudden_death","Normal",4000,"locations/clash_fest_arena.csv","tilemaps/tilemap.csv","soundbanks/ui_menu_general/ui_menu_general_scroll_amb_1",,,"TRUE","sc/effects.sc","cloud_1","TRUE",103,102,258,254,14,13,,,,,,,,"legendary_arena_loop",,,,,,
"TeamVsTeam_clash_fest_arena",,"TRUE",128,128,136,71,100,200,"soundbanks/music_jingle_general/music_jingle_general_legendary_arena_start","Sudden_death","Normal",4000,"locations/clash_fest_arena_2v2.csv","tilemaps/tilemap_2v2.csv","soundbanks/ui_menu_general/ui_menu_general_scroll_amb_1",,,"TRUE","sc/effects.sc","cloud_1","TRUE",1,1,1,1,1,1,,,,,,,,"legendary_arena_loop",,,,,,
"PvP_monk_arena",,"TRUE",133,94,160,70,100,100,"soundbanks/music_jingle_general/music_jingle_general_legendary_arena_start","Sudden_death","Normal",4000,"locations/monk_arena.csv","tilemaps/tilemap.csv","soundbanks/ui_menu_general/ui_menu_general_scroll_amb_1",,,"TRUE","sc/effects.sc","cloud_1","TRUE",103,102,258,254,14,13,,,,,,,,"legendary_arena_loop",,,,,,
"TeamVsTeam_monk_arena",,"TRUE",128,128,136,71,100,200,"soundbanks/music_jingle_general/music_jingle_general_legendary_arena_start","Sudden_death","Normal",4000,"locations/monk_arena_2v2.csv","tilemaps/tilemap_2v2.csv","soundbanks/ui_menu_general/ui_menu_general_scroll_amb_1",,,"TRUE","sc/effects.sc","cloud_1","TRUE",1,1,1,1,1,1,,,,,,,,"legendary_arena_loop",,,,,,
"PvP_XMas2022_arena",,"TRUE",122,132,224,66,100,200,"soundbanks/music_jingle_general/music_jingle_general_holiday_arena_start","Sudden_death","Normal",4000,"locations/XMas2022_arena.csv","tilemaps/tilemap.csv","soundbanks/ui_menu_general/ui_menu_general_scroll_amb_1",,,"TRUE","sc/effects.sc","cloud_1","TRUE",1,1,1,1,1,1,,,,,,,"ice_arena_snow","legendary_arena_loop",,,,,,
"TeamVsTeam_XMas2022_arena",,"TRUE",122,132,224,60,100,200,"soundbanks/music_jingle_general/music_jingle_general_holiday_arena_start","Sudden_death","Normal",4000,"locations/XMas2022_arena_2v2.csv","tilemaps/tilemap_2v2.csv","soundbanks/ui_menu_general/ui_menu_general_scroll_amb_1",,,"TRUE","sc/effects.sc","cloud_1","TRUE",70,110,25,80,15,15,5,,,,,,"ice_arena_snow","legendary_arena_loop",,,,,,
"PvP_ranked_arena",,"TRUE",133,94,160,70,100,100,"soundbanks/music_jingle_general/music_jingle_general_legendary_arena_start","Sudden_death","Normal",4000,"locations/ranked_arena.csv","tilemaps/tilemap.csv","soundbanks/ui_menu_general/ui_menu_general_scroll_amb_1",,,"TRUE","sc/effects.sc","cloud_1","TRUE",103,102,258,254,14,13,,,,,,,,"legendary_arena_loop",,,,,,
"TeamVsTeam_ranked_arena",,"TRUE",128,128,136,71,100,200,"soundbanks/music_jingle_general/music_jingle_general_legendary_arena_start","Sudden_death","Normal",4000,"locations/ranked_arena_2v2.csv","tilemaps/tilemap_2v2.csv","soundbanks/ui_menu_general/ui_menu_general_scroll_amb_1",,,"TRUE","sc/effects.sc","cloud_1","TRUE",1,1,1,1,1,1,,,,,,,,"legendary_arena_loop",,,,,,
"PvP_bootcamp_arena",,"TRUE",133,94,160,70,100,100,"soundbanks/music_jingle_general/music_jingle_general_legendary_arena_start","Sudden_death","Normal",4000,"locations/bootcamp_arena.csv","tilemaps/tilemap.csv","soundbanks/ui_menu_general/ui_menu_general_scroll_amb_1",,,"TRUE","sc/effects.sc","cloud_1","TRUE",103,102,258,254,14,13,,,,,,,,"legendary_arena_loop",,,,,,
"TeamVsTeam_bootcamp_arena",,"TRUE",128,128,136,71,100,200,"soundbanks/music_jingle_general/music_jingle_general_legendary_arena_start","Sudden_death","Normal",4000,"locations/bootcamp_arena_2v2.csv","tilemaps/tilemap_2v2.csv","soundbanks/ui_menu_general/ui_menu_general_scroll_amb_1",,,"TRUE","sc/effects.sc","cloud_1","TRUE",1,1,1,1,1,1,,,,,,,,"legendary_arena_loop",,,,,,
"PvP_BattleGround",,"TRUE",,,100,50,100,100,"soundbanks/ui_menu_general/ui_menu_general_jingle_match_start","Sudden_death","Normal",4000,"locations/touchdown_arena.csv","tilemaps/tilemap_BattleGround.csv","soundbanks/ui_menu_general/ui_menu_general_scroll_amb_1",,,"TRUE","sc/effects.sc","cloud_1","TRUE",70,110,25,80,15,15,,,,,,,,,,,,,,
"TeamVsTeam_BattleGround",,"TRUE",,,100,25,100,100,"soundbanks/ui_menu_general/ui_menu_general_jingle_match_start","Sudden_death","Normal",4000,"locations/touchdown_arena.csv","tilemaps/tilemap_BattleGround_2v2.csv","soundbanks/ui_menu_general/ui_menu_general_scroll_amb_1",,,"TRUE","sc/effects.sc","touchdown_blimp_01",,85,105,40,80,10,10,1,,,,"legendary_arena_loop",,,"legendary_arena_loop",,,,,,
"PvP_rock_evolution_arena",,"TRUE",,,100,50,100,100,"soundbanks/ui_battle_retro/ui_battle_retro_rockarena_start","RockArena_Sudden_Death","Normal",4000,"locations/rock_evolution_arena.csv","tilemaps/tilemap.csv","soundbanks/ui_menu_general/ui_menu_general_scroll_amb_1",,,"TRUE","sc/effects.sc","cloud_1","TRUE",70,110,25,80,15,15,5,,,,,,,,,,,,,"RockArena_Battle_Music"
"TeamVsTeam_rock_evolution_arena",,"TRUE",,,100,50,100,100,"soundbanks/ui_battle_retro/ui_battle_retro_rockarena_start","RockArena_Sudden_Death","Normal",4000,"locations/rock_evolution_arena_2v2.csv","tilemaps/tilemap_2v2.csv","soundbanks/ui_menu_general/ui_menu_general_scroll_amb_1",,,"TRUE","sc/effects.sc","cloud_1","TRUE",70,110,25,80,15,15,5,,,,,,,,,,,,,"RockArena_Battle_Music"
"PvP_rock_evolution_arena_stage",,"TRUE",,,100,50,100,100,"soundbanks/ui_battle_retro/ui_battle_retro_rockarena_start","RockArena_Sudden_Death","Normal",4000,"locations/rock_evolution_arena_stage.csv","tilemaps/tilemap_stage.csv","soundbanks/ui_menu_general/ui_menu_general_scroll_amb_1",,,"TRUE","sc/effects.sc","cloud_1","TRUE",70,110,25,80,15,15,5,,,,,,,,,,,,,"RockArena_Battle_Music"
"TeamVsTeam_rock_evolution_arena_stage",,"TRUE",,,100,50,100,100,"soundbanks/ui_battle_retro/ui_battle_retro_rockarena_start","RockArena_Sudden_Death","Normal",4000,"locations/rock_evolution_arena_stage_2v2.csv","tilemaps/tilemap_2v2.csv","soundbanks/ui_menu_general/ui_menu_general_scroll_amb_1",,,"TRUE","sc/effects.sc","cloud_1","TRUE",70,110,25,80,15,15,5,,,,,,,,,,,,,"RockArena_Battle_Music"
"PvP_dark_elixir_arena",,"TRUE",,,100,50,100,100,"soundbanks/ui_battle_retro/ui_battle_retro_rockarena_start","RockArena_Sudden_Death","Normal",4000,"locations/dark_elixir_arena.csv","tilemaps/tilemap.csv","soundbanks/ui_menu_general/ui_menu_general_scroll_amb_1",,,"TRUE","sc/effects.sc","cloud_1","TRUE",70,110,25,80,15,15,,,,,,,,,,,,,,"RockArena_Battle_Music"
"TeamVsTeam_dark_elixir_arena",,"TRUE",,,100,50,100,100,"soundbanks/ui_battle_retro/ui_battle_retro_rockarena_start","RockArena_Sudden_Death","Normal",4000,"locations/dark_elixir_arena_2v2.csv","tilemaps/tilemap_2v2.csv","soundbanks/ui_menu_general/ui_menu_general_scroll_amb_1",,,"TRUE","sc/effects.sc","cloud_1","TRUE",70,110,25,80,15,15,,,,,,,,,,,,,,"RockArena_Battle_Music"
"PvP_chess_arena",,"TRUE",,,100,50,100,100,"soundbanks/ui_menu_general/ui_menu_general_jingle_match_start","Sudden_death","Normal",4000,"locations/chess_season_arena_challenge.csv","tilemaps/tilemap_chess.csv","soundbanks/ui_menu_general/ui_menu_general_scroll_amb_1",,,"TRUE","sc/effects.sc","cloud_1","TRUE",70,110,25,80,15,15,,,,,,,,,,,,,,
"PvP_season_chess",,"TRUE",,,100,50,100,100,"soundbanks/ui_menu_general/ui_menu_general_jingle_match_start","Sudden_death","Normal",4000,"locations/chess_season_arena.csv","tilemaps/tilemap.csv","soundbanks/ui_menu_general/ui_menu_general_scroll_amb_1",,,"TRUE","sc/effects.sc","cloud_1","TRUE",70,110,25,80,15,15,,,,,,,,,,,,,,
"TeamVsTeam_season_chess",,"TRUE",,,100,50,100,100,"soundbanks/ui_menu_general/ui_menu_general_jingle_match_start","Sudden_death","Normal",4000,"locations/chess_season_arena_2v2.csv","tilemaps/tilemap_2v2.csv","soundbanks/ui_menu_general/ui_menu_general_scroll_amb_1",,,"TRUE","sc/effects.sc","cloud_1","TRUE",70,110,25,80,15,15,,,,,,,,,,,,,,
"PvP_Clashoween_Tombstone",,"TRUE",,,100,50,100,100,"soundbanks/ui_menu_general/ui_menu_general_jingle_match_start","Sudden_death","Normal",4000,"locations/clash_o_ween_arena.csv","tilemaps/tilemap_tombstone.csv","soundbanks/ui_menu_general/ui_menu_general_scroll_amb_1",,,"TRUE","sc/effects.sc","cloud_1","TRUE",70,110,25,80,15,15,,,,,,,,,,,,,,
"PvP_Clashoween",,"TRUE",,,100,50,100,100,"soundbanks/ui_menu_general/ui_menu_general_jingle_match_start","Sudden_death","Normal",4000,"locations/clash_o_ween_arena.csv","tilemaps/tilemap.csv","soundbanks/ui_menu_general/ui_menu_general_scroll_amb_1",,,"TRUE","sc/effects.sc","cloud_1","TRUE",70,110,25,80,15,15,,,,,,,,,,,,,,
"TeamVsTeam_Clashoween",,"TRUE",,,100,50,100,100,"soundbanks/ui_menu_general/ui_menu_general_jingle_match_start","Sudden_death","Normal",4000,"locations/clash_o_ween_arena_2v2.csv","tilemaps/tilemap_2v2.csv","soundbanks/ui_menu_general/ui_menu_general_scroll_amb_1",,,"TRUE","sc/effects.sc","cloud_1","TRUE",70,110,25,80,15,15,,,,,,,,,,,,,,
"PvP_littleprince_ElixirBarrel",,"TRUE",,,160,70,100,100,"soundbanks/music_jingle_general/music_jingle_general_tavern_arena_jingle","Tavern_Arena_Sudden_Death","Normal",4000,"locations/littleprince_arena.csv","tilemaps/tilemap_elixir_barrel.csv","soundbanks/ui_menu_general/ui_menu_general_scroll_amb_1",,,"TRUE","sc/effects.sc","cloud_1","TRUE",1,1,1,1,1,1,,,,,,,,"legendary_arena_loop",,,,,,"Tavern_Arena_Battle_Music"
"PvP_littleprince_arena",,"TRUE",,,160,70,100,100,"soundbanks/music_jingle_general/music_jingle_general_tavern_arena_jingle","Tavern_Arena_Sudden_Death","Normal",4000,"locations/littleprince_arena.csv","tilemaps/tilemap.csv","soundbanks/ui_menu_general/ui_menu_general_scroll_amb_1",,,"TRUE","sc/effects.sc","cloud_1","TRUE",1,1,1,1,1,1,,,,,,,,"legendary_arena_loop",,,,,,"Tavern_Arena_Battle_Music"
"TeamVsTeam_littleprince_arena",,"TRUE",,,136,71,100,200,"soundbanks/music_jingle_general/music_jingle_general_tavern_arena_jingle","Tavern_Arena_Sudden_Death","Normal",4000,"locations/littleprince_arena_2v2.csv","tilemaps/tilemap_2v2.csv","soundbanks/ui_menu_general/ui_menu_general_scroll_amb_1",,,"TRUE","sc/effects.sc","cloud_1","TRUE",1,1,1,1,1,1,,,,,,,,"legendary_arena_loop",,,,,,"Tavern_Arena_Battle_Music"
"PvP_XMas2022_arena_freeze",,"TRUE",122,132,224,66,100,200,"soundbanks/music_jingle_general/music_jingle_general_christmas_arena_start","ChristmasRoyale_Overtime_loop","Normal",4000,"locations/XMas2022_arena.csv","tilemaps/tilemap.csv","soundbanks/ui_menu_general/ui_menu_general_scroll_amb_1",,,"TRUE","sc/effects.sc","cloud_1","TRUE",1,1,1,1,1,1,,,,,,,"ice_arena_snow_blizzard","legendary_arena_loop",,,,,,"ChristmasRoyale_battle_2min_loop"
"TeamVsTeam_XMas2022_arena_freeze",,"TRUE",122,132,224,60,100,200,"soundbanks/music_jingle_general/music_jingle_general_christmas_arena_start","ChristmasRoyale_Overtime_loop","Normal",4000,"locations/XMas2022_arena_2v2.csv","tilemaps/tilemap_2v2.csv","soundbanks/ui_menu_general/ui_menu_general_scroll_amb_1",,,"TRUE","sc/effects.sc","cloud_1","TRUE",70,110,25,80,15,15,5,,,,,,"ice_arena_snow_blizzard","legendary_arena_loop",,,,,,"ChristmasRoyale_battle_2min_loop"
"PvP_valhalla_arena",,"TRUE",,,160,70,100,100,"soundbanks/ui_menu_general/ui_menu_general_jingle_match_start","Sudden_death","Normal",4000,"locations/valhalla_arena.csv","tilemaps/tilemap.csv","soundbanks/ui_menu_general/ui_menu_general_scroll_amb_1",,,"TRUE","sc/effects.sc","cloud_1","TRUE",1,1,1,1,1,1,,,,,,,,"legendary_arena_loop",,,,,,
"TeamVsTeam_valhalla_arena",,"TRUE",,,136,71,100,200,"soundbanks/ui_menu_general/ui_menu_general_jingle_match_start","Sudden_death","Normal",4000,"locations/valhalla_arena_2v2.csv","tilemaps/tilemap_2v2.csv","soundbanks/ui_menu_general/ui_menu_general_scroll_amb_1",,,"TRUE","sc/effects.sc","cloud_1","TRUE",1,1,1,1,1,1,,,,,,,,"legendary_arena_loop",,,,,,
"PvP_valentines2024_lovebuff_arena",,"TRUE",,,160,70,100,100,"soundbanks/ui_menu_general/ui_menu_general_jingle_match_start","Sudden_death","Normal",4000,"locations/explosivevalentine_arena.csv","tilemaps/tilemap_lovebuff.csv","soundbanks/ui_menu_general/ui_menu_general_scroll_amb_1",,,"TRUE","sc/effects.sc","cloud_1","TRUE",1,1,1,1,1,1,,,,,,,,"legendary_arena_loop",,,,,,
"TeamVsTeam_valentines2024_lovebuff_arena",,"TRUE",,,136,71,100,200,"soundbanks/ui_menu_general/ui_menu_general_jingle_match_start","Sudden_death","Normal",4000,"locations/explosivevalentine_arena_2v2.csv","tilemaps/tilemap_lovebuff_2v2.csv","soundbanks/ui_menu_general/ui_menu_general_scroll_amb_1",,,"TRUE","sc/effects.sc","cloud_1","TRUE",1,1,1,1,1,1,,,,,,,,"legendary_arena_loop",,,,,,
"PvP_valentines2024_arena",,"TRUE",,,160,70,100,100,"soundbanks/ui_menu_general/ui_menu_general_jingle_match_start","Sudden_death","Normal",4000,"locations/explosivevalentine_arena.csv","tilemaps/tilemap.csv","soundbanks/ui_menu_general/ui_menu_general_scroll_amb_1",,,"TRUE","sc/effects.sc","cloud_1","TRUE",1,1,1,1,1,1,,,,,,,,"legendary_arena_loop",,,,,,
"TeamVsTeam_valentines2024_arena",,"TRUE",,,136,71,100,200,"soundbanks/ui_menu_general/ui_menu_general_jingle_match_start","Sudden_death","Normal",4000,"locations/explosivevalentine_arena_2v2.csv","tilemaps/tilemap_2v2.csv","soundbanks/ui_menu_general/ui_menu_general_scroll_amb_1",,,"TRUE","sc/effects.sc","cloud_1","TRUE",1,1,1,1,1,1,,,,,,,,"legendary_arena_loop",,,,,,
"PvP_electricbirthday",,"TRUE",216,206,255,88,100,200,"soundbanks/music_jingle_general/music_jingle_general_electric_arena_start","Sudden_death","Normal",4000,"locations/electricbirthday_arena.csv","tilemaps/tilemap.csv","soundbanks/ui_menu_general/ui_menu_general_scroll_amb_1",,,"TRUE","sc/effects.sc","cloud_1","TRUE",99,100,245,247,20,23,4,,"jungle_arena_walk_splash",,,"jungle_arena_rain",,,,,,,,
"TeamVsTeam_electricbirthday",,"TRUE",216,206,255,88,100,200,"soundbanks/music_jingle_general/music_jingle_general_electric_arena_start","Sudden_death","Normal",4000,"locations/electricbirthday_arena_2v2.csv","tilemaps/tilemap_2v2.csv","soundbanks/ui_menu_general/ui_menu_general_scroll_amb_1",,,"TRUE","sc/effects.sc","cloud_1","TRUE",1,1,1,1,1,1,,,"jungle_arena_walk_splash",,,"jungle_arena_rain",,,,,,,,
"PvP_electricbirthday_GlobalLightning",,"TRUE",216,206,255,88,100,200,"soundbanks/music_jingle_general/music_jingle_general_electric_arena_start","Sudden_death","Normal",4000,"locations/electricbirthday_arena.csv","tilemaps/tilemap.csv","soundbanks/ui_menu_general/ui_menu_general_scroll_amb_1",,,"TRUE","sc/effects.sc","cloud_1","TRUE",99,100,245,247,20,23,4,,"jungle_arena_walk_splash",,,,"GlobalLightning_arena_rain",,,,,,,
"TeamVsTeam_electricbirthday_GlobalLightning",,"TRUE",216,206,255,88,100,200,"soundbanks/music_jingle_general/music_jingle_general_electric_arena_start","Sudden_death","Normal",4000,"locations/electricbirthday_arena_2v2.csv","tilemaps/tilemap_2v2.csv","soundbanks/ui_menu_general/ui_menu_general_scroll_amb_1",,,"TRUE","sc/effects.sc","cloud_1","TRUE",1,1,1,1,1,1,,,"jungle_arena_walk_splash",,,,"GlobalLightning_arena_rain",,,,,,,
"PvP_magicmay",,"TRUE",,,136,71,100,200,"soundbanks/music_jingle_general/music_jingle_general_goblin_arena_start_v2","Sudden_death","Normal",4000,"locations/magicmay_arena.csv","tilemaps/tilemap.csv","soundbanks/ui_menu_general/ui_menu_general_scroll_amb_1",,,"TRUE","sc/effects.sc","cloud_1","TRUE",1,1,1,1,1,1,,,,,,,,,,,,,,
"TeamVsTeam_magicmay",,"TRUE",,,160,70,100,100,"soundbanks/music_jingle_general/music_jingle_general_goblin_arena_start_v2","Sudden_death","Normal",4000,"locations/magicmay_arena_2v2.csv","tilemaps/tilemap_2v2.csv","soundbanks/ui_menu_general/ui_menu_general_scroll_amb_1",,,"TRUE","sc/effects.sc","cloud_1","TRUE",1,1,1,1,1,1,,,,,,,,,,,,,,
"PvP_globinTR_queenpalace",,"TRUE",,,136,71,100,200,"soundbanks/music_jingle_general/music_jingle_general_goblin_arena_start_v2","Sudden_death","Normal",4000,"locations/goblintr_queenpalace_arena.csv","tilemaps/tilemap.csv","soundbanks/ui_menu_general/ui_menu_general_scroll_amb_1",,,"TRUE","sc/effects.sc","cloud_1","TRUE",1,1,1,1,1,1,,,,,,,,,,,,,,
"TeamVsTeam_globinTR_queenpalace",,"TRUE",,,160,70,100,100,"soundbanks/music_jingle_general/music_jingle_general_goblin_arena_start_v2","Sudden_death","Normal",4000,"locations/goblintr_queenpalace_arena_2v2.csv","tilemaps/tilemap_2v2.csv","soundbanks/ui_menu_general/ui_menu_general_scroll_amb_1",,,"TRUE","sc/effects.sc","cloud_1","TRUE",1,1,1,1,1,1,,,,,,,,,,,,,,
"PvP_globinTR_mudpit",,"TRUE",,,136,71,100,200,"soundbanks/music_jingle_general/music_jingle_general_goblin_arena_start_v2","Sudden_death","Normal",4000,"locations/goblinTR_mudpit_arena.csv","tilemaps/tilemap.csv","soundbanks/ui_menu_general/ui_menu_general_scroll_amb_1",,,"TRUE","sc/effects.sc","cloud_1","TRUE",1,1,1,1,1,1,,,,,,,,,,,,,,
"TeamVsTeam_globinTR_mudpit",,"TRUE",,,160,70,100,100,"soundbanks/music_jingle_general/music_jingle_general_goblin_arena_start_v2","Sudden_death","Normal",4000,"locations/goblinTR_mudpit_arena_2v2.csv","tilemaps/tilemap_2v2.csv","soundbanks/ui_menu_general/ui_menu_general_scroll_amb_1",,,"TRUE","sc/effects.sc","cloud_1","TRUE",1,1,1,1,1,1,,,,,,,,,,,,,,
"PvP_globinTR_mines",,"TRUE",,,136,71,100,200,"soundbanks/music_jingle_general/music_jingle_general_goblin_arena_start_v2","Sudden_death","Normal",4000,"locations/goblinTR_mines_arena.csv","tilemaps/tilemap.csv","soundbanks/ui_menu_general/ui_menu_general_scroll_amb_1",,,"TRUE","sc/effects.sc","cloud_1","TRUE",1,1,1,1,1,1,,,,,,,,,,,,,,
"TeamVsTeam_globinTR_mines",,"TRUE",,,160,70,100,100,"soundbanks/music_jingle_general/music_jingle_general_goblin_arena_start_v2","Sudden_death","Normal",4000,"locations/goblinTR_mines_arena_2v2.csv","tilemaps/tilemap_2v2.csv","soundbanks/ui_menu_general/ui_menu_general_scroll_amb_1",,,"TRUE","sc/effects.sc","cloud_1","TRUE",1,1,1,1,1,1,,,,,,,,,,,,,,
"PvP_globinTR_scrappyard",,"TRUE",,,136,71,100,200,"soundbanks/music_jingle_general/music_jingle_general_goblin_arena_start_v2","Sudden_death","Normal",4000,"locations/goblinTR_scrappyard_arena.csv","tilemaps/tilemap.csv","soundbanks/ui_menu_general/ui_menu_general_scroll_amb_1",,,"TRUE","sc/effects.sc","cloud_1","TRUE",1,1,1,1,1,1,,,,,,,,,,,,,,
"TeamVsTeam_globinTR_scrappyard",,"TRUE",,,160,70,100,100,"soundbanks/music_jingle_general/music_jingle_general_goblin_arena_start_v2","Sudden_death","Normal",4000,"locations/goblinTR_scrappyard_arena_2v2.csv","tilemaps/tilemap_2v2.csv","soundbanks/ui_menu_general/ui_menu_general_scroll_amb_1",,,"TRUE","sc/effects.sc","cloud_1","TRUE",1,1,1,1,1,1,,,,,,,,,,,,,,
"PvP_globinTR_scrappyard_ElixirBarrel",,"TRUE",,,136,71,100,200,"soundbanks/music_jingle_general/music_jingle_general_goblin_arena_start_v2","Sudden_death","Normal",4000,"locations/goblinTR_scrappyard_arena.csv","tilemaps/tilemap_elixir_barrel.csv","soundbanks/ui_menu_general/ui_menu_general_scroll_amb_1",,,"TRUE","sc/effects.sc","cloud_1","TRUE",1,1,1,1,1,1,,,,,,,,,,,,,,
"TeamVsTeam_globinTR_scrappyard_ElixirBarrel",,"TRUE",,,160,70,100,100,"soundbanks/music_jingle_general/music_jingle_general_goblin_arena_start_v2","Sudden_death","Normal",4000,"locations/goblinTR_scrappyard_arena_2v2.csv","tilemaps/tilemap_2v2.csv","soundbanks/ui_menu_general/ui_menu_general_scroll_amb_1",,,"TRUE","sc/effects.sc","cloud_1","TRUE",1,1,1,1,1,1,,,,,,,,,,,,,,
"PvP_goblinTR_chillbeach",,"TRUE",,,136,71,100,200,"soundbanks/ui_menu_general/ui_menu_general_jingle_match_start","Sudden_death","Normal",4000,"locations/goblinTR_chillbeach_arena.csv","tilemaps/tilemap.csv","soundbanks/ui_menu_general/ui_menu_general_scroll_amb_1",,,"TRUE","sc/effects.sc","cloud_1","TRUE",1,1,1,1,1,1,,,,,,,,,,,,,,
"TeamVsTeam_goblinTR_chillbeach",,"TRUE",,,160,70,100,100,"soundbanks/ui_menu_general/ui_menu_general_jingle_match_start","Sudden_death","Normal",4000,"locations/goblinTR_chillbeach_arena_2v2.csv","tilemaps/tilemap_2v2.csv","soundbanks/ui_menu_general/ui_menu_general_scroll_amb_1",,,"TRUE","sc/effects.sc","cloud_1","TRUE",1,1,1,1,1,1,,,,,,,,,,,,,,
"PvP_goblinTR_chillbeach_NoRiver",,"TRUE",,,136,71,100,200,"soundbanks/ui_menu_general/ui_menu_general_jingle_match_start","Sudden_death","Normal",4000,"locations/goblinTR_chillbeach_arena_no_river.csv","tilemaps/tilemap_BattleGround.csv","soundbanks/ui_menu_general/ui_menu_general_scroll_amb_1",,,"TRUE","sc/effects.sc","cloud_1","TRUE",1,1,1,1,1,1,,,,,,,,,,,,,,
"TeamVsTeam_goblinTR_chillbeach_NoRiver",,"TRUE",,,160,70,100,100,"soundbanks/ui_menu_general/ui_menu_general_jingle_match_start","Sudden_death","Normal",4000,"locations/goblinTR_chillbeach_arena_no_river_2v2.csv","tilemaps/tilemap_BattleGround_2v2.csv","soundbanks/ui_menu_general/ui_menu_general_scroll_amb_1",,,"TRUE","sc/effects.sc","cloud_1","TRUE",1,1,1,1,1,1,,,,,,,,,,,,,,
"PvP_ultimateClash",,"TRUE",,,136,71,100,200,"soundbanks/music_jingle_general/music_jingle_general_fight_night_arena_overtime_jingle","Fight_Night_Overtime","Normal",4000,"locations/ultimateclash_arena.csv","tilemaps/tilemap.csv","soundbanks/ui_menu_general/ui_menu_general_scroll_amb_1",,,"TRUE","sc/effects.sc","cloud_1","TRUE",1,1,1,1,1,1,,,,,,,,,,,,,,"Fight_Night_Battle_2min"
"TeamVsTeam_ultimateClash",,"TRUE",,,160,70,100,100,"soundbanks/music_jingle_general/music_jingle_general_fight_night_arena_overtime_jingle","Fight_Night_Overtime","Normal",4000,"locations/ultimateclash_arena_2v2.csv","tilemaps/tilemap_2v2.csv","soundbanks/ui_menu_general/ui_menu_general_scroll_amb_1",,,"TRUE","sc/effects.sc","cloud_1","TRUE",1,1,1,1,1,1,,,,,,,,,,,,,,"Fight_Night_Battle_2min"
"PvP_prototype_arena",,"TRUE",,,136,71,100,200,"soundbanks/ui_menu_general/ui_menu_general_jingle_match_start","Sudden_death","Normal",4000,"locations/prototype_arena.csv","tilemaps/tilemap.csv","soundbanks/ui_menu_general/ui_menu_general_scroll_amb_1",,,"TRUE","sc/effects.sc","cloud_1","TRUE",1,1,1,1,1,1,,,,,,,,,,,,,,
"202410_PvP_spooky_chess_arena",,"TRUE",,,100,50,100,100,"soundbanks/music_jingle_general/music_jingle_general_frankhalloween_arena_start","Halloween_Overtime_loop","Normal",4000,"locations/frankhalloween_arena_chess.csv","tilemaps/tilemap_spooky_chess.csv","soundbanks/ui_menu_general/ui_menu_general_scroll_amb_1",,,"TRUE","sc/effects.sc","cloud_1","TRUE",70,110,25,80,15,15,,,,,,,,,,,,,,"Halloween_battle_2min_loop"
"PvP_frankhalloween",,"TRUE",,,136,71,100,200,"soundbanks/music_jingle_general/music_jingle_general_frankhalloween_arena_start","Halloween_Overtime_loop","Normal",4000,"locations/frankhalloween_arena.csv","tilemaps/tilemap.csv","soundbanks/ui_menu_general/ui_menu_general_scroll_amb_1",,,"TRUE","sc/effects.sc","cloud_1","TRUE",1,1,1,1,1,1,,,,,,,,,,,,,,"Halloween_battle_2min_loop"
"TeamVsTeam_frankhalloween",,"TRUE",,,160,70,100,100,"soundbanks/music_jingle_general/music_jingle_general_frankhalloween_arena_start","Halloween_Overtime_loop","Normal",4000,"locations/frankhalloween_arena_2v2.csv","tilemaps/tilemap_2v2.csv","soundbanks/ui_menu_general/ui_menu_general_scroll_amb_1",,,"TRUE","sc/effects.sc","cloud_1","TRUE",1,1,1,1,1,1,,,,,,,,,,,,,,"Halloween_battle_2min_loop"
"PvP_wildwest",,"TRUE",,,136,71,100,200,"soundbanks/music_jingle_general/music_jingle_general_wildwest_arena_start","WildWest_Overtime_loop","Normal",4000,"locations/wildwest_arena.csv","tilemaps/tilemap.csv","soundbanks/ui_menu_general/ui_menu_general_scroll_amb_1",,,"TRUE","sc/effects.sc","cloud_1","TRUE",1,1,1,1,1,1,,,,,,,,,,,,,,"WildWest_battle_2min_loop"
"TeamVsTeam_wildwest",,"TRUE",,,160,70,100,100,"soundbanks/music_jingle_general/music_jingle_general_wildwest_arena_start","WildWest_Overtime_loop","Normal",4000,"locations/wildwest_arena_2v2.csv","tilemaps/tilemap_2v2.csv","soundbanks/ui_menu_general/ui_menu_general_scroll_amb_1",,,"TRUE","sc/effects.sc","cloud_1","TRUE",1,1,1,1,1,1,,,,,,,,,,,,,,"WildWest_battle_2min_loop"
"TeamVsTeam_2v2_chess",,"TRUE",,,100,50,100,100,"soundbanks/ui_menu_general/ui_menu_general_jingle_match_start","Sudden_death","Normal",4000,"locations/chess_2v2_arena_2v2.csv","tilemaps/tilemap_2v2.csv","soundbanks/ui_menu_general/ui_menu_general_scroll_amb_1",,,"TRUE","sc/effects.sc","cloud_1","TRUE",70,110,25,80,15,15,,,,,,,,,,,,,,
"PvP_cosychristmas",,"TRUE",,,136,71,100,200,"soundbanks/music_jingle_general/music_jingle_general_christmas_arena_start","ChristmasRoyale_Overtime_loop","Normal",4000,"locations/cosychristmas_arena.csv","tilemaps/tilemap.csv","soundbanks/ui_menu_general/ui_menu_general_scroll_amb_1",,,"TRUE","sc/effects.sc","cloud_1","TRUE",1,1,1,1,1,1,,,,,,,,,,,,,,"ChristmasRoyale_battle_2min_loop"
"TeamVsTeam_cosychristmas",,"TRUE",,,160,70,100,100,"soundbanks/music_jingle_general/music_jingle_general_christmas_arena_start","ChristmasRoyale_Overtime_loop","Normal",4000,"locations/cosychristmas_arena_2v2.csv","tilemaps/tilemap_2v2.csv","soundbanks/ui_menu_general/ui_menu_general_scroll_amb_1",,,"TRUE","sc/effects.sc","cloud_1","TRUE",1,1,1,1,1,1,,,,,,,,,,,,,,"ChristmasRoyale_battle_2min_loop"
"PvP_cosychristmas_table",,"TRUE",,,136,71,100,200,"soundbanks/music_jingle_general/music_jingle_general_christmas_arena_start","ChristmasRoyale_Overtime_loop","Normal",4000,"locations/cosychristmas_arena_table.csv","tilemaps/tilemap_table.csv","soundbanks/ui_menu_general/ui_menu_general_scroll_amb_1",,,"TRUE","sc/effects.sc","cloud_1","TRUE",1,1,1,1,1,1,,,,,,,,,,,,,,"ChristmasRoyale_battle_2min_loop"
"TeamVsTeam_cosychristmas_table",,"TRUE",,,160,70,100,100,"soundbanks/music_jingle_general/music_jingle_general_christmas_arena_start","ChristmasRoyale_Overtime_loop","Normal",4000,"locations/cosychristmas_arena_2v2_table.csv","tilemaps/tilemap_table_2v2.csv","soundbanks/ui_menu_general/ui_menu_general_scroll_amb_1",,,"TRUE","sc/effects.sc","cloud_1","TRUE",1,1,1,1,1,1,,,,,,,,,,,,,,"ChristmasRoyale_battle_2min_loop"
"PVP_runegiant",,"TRUE",,,160,70,100,100,"soundbanks/ui_menu_general/ui_menu_general_jingle_match_start","Sudden_death","Normal",4000,"locations/runegiant_arena.csv","tilemaps/tilemap.csv","soundbanks/ui_menu_general/ui_menu_general_scroll_amb_1",,,"TRUE","sc/effects.sc","cloud_1","TRUE",1,1,1,1,1,1,,,,,,,,"legendary_arena_loop",,,,,,
"TeamVsTeam_runegiant",,"TRUE",,,136,71,100,200,"soundbanks/ui_menu_general/ui_menu_general_jingle_match_start","Sudden_death","Normal",4000,"locations/runegiant_arena_2v2.csv","tilemaps/tilemap_2v2.csv","soundbanks/ui_menu_general/ui_menu_general_scroll_amb_1",,,"TRUE","sc/effects.sc","cloud_1","TRUE",1,1,1,1,1,1,,,,,,,,"legendary_arena_loop",,,,,,
"PVP_lumberlove",,"TRUE",,,160,70,100,100,"soundbanks/ui_menu_general/ui_menu_general_jingle_match_start","Sudden_death","Normal",4000,"locations/lumberlove_arena.csv","tilemaps/tilemap.csv","soundbanks/ui_menu_general/ui_menu_general_scroll_amb_1",,,"TRUE","sc/effects.sc","cloud_1","TRUE",1,1,1,1,1,1,,,,,,,,"legendary_arena_loop",,,,,,
"TeamVsTeam_lumberlove",,"TRUE",,,136,71,100,200,"soundbanks/ui_menu_general/ui_menu_general_jingle_match_start","Sudden_death","Normal",4000,"locations/lumberlove_arena_2v2.csv","tilemaps/tilemap_2v2.csv","soundbanks/ui_menu_general/ui_menu_general_scroll_amb_1",,,"TRUE","sc/effects.sc","cloud_1","TRUE",1,1,1,1,1,1,,,,,,,,"legendary_arena_loop",,,,,,
"PVP_lumberlove_lovebuff",,"TRUE",,,160,70,100,100,"soundbanks/ui_menu_general/ui_menu_general_jingle_match_start","Sudden_death","Normal",4000,"locations/lumberlove_arena.csv","tilemaps/tilemap_lovebuff.csv","soundbanks/ui_menu_general/ui_menu_general_scroll_amb_1",,,"TRUE","sc/effects.sc","cloud_1","TRUE",1,1,1,1,1,1,,,,,,,,"legendary_arena_loop",,,,,,
"TeamVsTeam_lumberlove_lovebuff",,"TRUE",,,136,71,100,200,"soundbanks/ui_menu_general/ui_menu_general_jingle_match_start","Sudden_death","Normal",4000,"locations/lumberlove_arena_2v2.csv","tilemaps/tilemap_lovebuff_2v2.csv","soundbanks/ui_menu_general/ui_menu_general_scroll_amb_1",,,"TRUE","sc/effects.sc","cloud_1","TRUE",1,1,1,1,1,1,,,,,,,,"legendary_arena_loop",,,,,,
"PVP_9thbirthday",,"TRUE",,,160,70,100,100,"soundbanks/ui_menu_general/ui_menu_general_jingle_match_start","Sudden_death","Normal",4000,"locations/9thbirthday_arena.csv","tilemaps/tilemap.csv","soundbanks/ui_menu_general/ui_menu_general_scroll_amb_1",,,"TRUE","sc/effects.sc","cloud_1","TRUE",1,1,1,1,1,1,,,,,,,,"legendary_arena_loop",,,,,,
"TeamVsTeam_9thbirthday",,"TRUE",,,136,71,100,200,"soundbanks/ui_menu_general/ui_menu_general_jingle_match_start","Sudden_death","Normal",4000,"locations/9thbirthday_arena_2v2.csv","tilemaps/tilemap_2v2.csv","soundbanks/ui_menu_general/ui_menu_general_scroll_amb_1",,,"TRUE","sc/effects.sc","cloud_1","TRUE",1,1,1,1,1,1,,,,,,,,"legendary_arena_loop",,,,,,
"PVP_stolecrown",,"TRUE",,,160,70,100,100,"soundbanks/ui_menu_general/ui_menu_general_jingle_match_start","Sudden_death","Normal",4000,"locations/stolencrown_arena.csv","tilemaps/tilemap.csv","soundbanks/ui_menu_general/ui_menu_general_scroll_amb_1",,,"TRUE","sc/effects.sc","cloud_1","TRUE",1,1,1,1,1,1,,,,,,,,"legendary_arena_loop",,,,,,
"TeamVsTeam_stolecrown",,"TRUE",,,136,71,100,200,"soundbanks/ui_menu_general/ui_menu_general_jingle_match_start","Sudden_death","Normal",4000,"locations/stolencrown_arena_2v2.csv","tilemaps/tilemap_2v2.csv","soundbanks/ui_menu_general/ui_menu_general_scroll_amb_1",,,"TRUE","sc/effects.sc","cloud_1","TRUE",1,1,1,1,1,1,,,,,,,,"legendary_arena_loop",,,,,,
"PLACEHOLDER_3","TRUE",,,,100,60,100,100,"Tut_jing_start","60sec_training","Normal",4000,"locations/training_arena.csv","tilemaps/tilemap.csv","ScrollAmb01",,,,"sc/effects.sc","cloud_1","TRUE",54,114,25,154,7,10,4,,,,,,,,,,,,,
"PLACEHOLDER_2","TRUE",,,,100,60,100,100,"Tut_jing_start","60sec_training","Normal",4000,"locations/training_arena.csv","tilemaps/tilemap.csv","ScrollAmb01",,,,"sc/effects.sc","cloud_1","TRUE",54,114,25,154,7,10,4,,,,,,,,,,,,,
"PvP_prototype_AllRandom",,"TRUE",,,136,71,100,200,"soundbanks/ui_menu_general/ui_menu_general_jingle_match_start","Sudden_death","Normal",4000,"locations/prototype_arena.csv","tilemaps/tilemap_AllRandom.csv","soundbanks/ui_menu_general/ui_menu_general_scroll_amb_1",,,"TRUE","sc/effects.sc","cloud_1","TRUE",1,1,1,1,1,1,,,,,,,,,,,,,,
"PVP_graveyardKid",,"TRUE",174,132,180,86,100,100,"soundbanks/ui_menu_general/ui_menu_general_jingle_match_start","Sudden_death","Normal",4000,"locations/graveyardKid_arena.csv","tilemaps/tilemap.csv","soundbanks/ui_menu_general/ui_menu_general_scroll_amb_1",,,"TRUE","sc/effects.sc","cloud_1","TRUE",1,1,1,1,1,1,,,,,,,,"legendary_arena_loop",,,,,,
"TeamVsTeam_graveyardKid",,"TRUE",174,132,180,58,100,200,"soundbanks/ui_menu_general/ui_menu_general_jingle_match_start","Sudden_death","Normal",4000,"locations/graveyardKid_arena_2v2.csv","tilemaps/tilemap_2v2.csv","soundbanks/ui_menu_general/ui_menu_general_scroll_amb_1",,,"TRUE","sc/effects.sc","cloud_1","TRUE",1,1,1,1,1,1,,,,,,,,"legendary_arena_loop",,,,,,
"PVP_dragonisland",,"TRUE",174,132,180,86,100,100,"soundbanks/ui_menu_general/ui_menu_general_jingle_match_start","Sudden_death","Normal",4000,"locations/dragonisland_arena.csv","tilemaps/tilemap.csv","soundbanks/ui_menu_general/ui_menu_general_scroll_amb_1",,,"TRUE","sc/effects.sc","cloud_1","TRUE",1,1,1,1,1,1,,,,,,,,"legendary_arena_loop",,,,,,
"TeamVsTeam_dragonisland",,"TRUE",174,132,180,58,100,200,"soundbanks/ui_menu_general/ui_menu_general_jingle_match_start","Sudden_death","Normal",4000,"locations/dragonisland_arena_2v2.csv","tilemaps/tilemap_2v2.csv","soundbanks/ui_menu_general/ui_menu_general_scroll_amb_1",,,"TRUE","sc/effects.sc","cloud_1","TRUE",1,1,1,1,1,1,,,,,,,,"legendary_arena_loop",,,,,,
"PvP_spiritempress",,"TRUE",174,132,180,86,100,100,"soundbanks/ui_menu_general/ui_menu_general_jingle_match_start","Sudden_death","Normal",4000,"locations/spiritempress_arena.csv","tilemaps/tilemap.csv","soundbanks/ui_menu_general/ui_menu_general_scroll_amb_1",,,"TRUE","sc/effects.sc","cloud_1","TRUE",1,1,1,1,1,1,,,,,,,,"legendary_arena_loop",,,,,,
"TeamVsTeam_spiritempress",,"TRUE",174,132,180,86,100,200,"soundbanks/ui_menu_general/ui_menu_general_jingle_match_start","Sudden_death","Normal",4000,"locations/spiritempress_arena_2v2.csv","tilemaps/tilemap_2v2.csv","soundbanks/ui_menu_general/ui_menu_general_scroll_amb_1",,,"TRUE","sc/effects.sc","cloud_1","TRUE",1,1,1,1,1,1,,,,,,,,"legendary_arena_loop",,,,,,
"PvP_furnacepallace",,"TRUE",,,160,70,100,100,"soundbanks/ui_menu_general/ui_menu_general_jingle_match_start","Sudden_death","Normal",4000,"locations/furnacepallace_arena.csv","tilemaps/tilemap.csv","soundbanks/ui_menu_general/ui_menu_general_scroll_amb_1",,,"TRUE","sc/effects.sc","cloud_1","TRUE",1,1,1,1,1,1,,,,,,,,"legendary_arena_loop",,,,,,
"TeamVsTeam_furnacepallace",,"TRUE",,,136,71,100,200,"soundbanks/ui_menu_general/ui_menu_general_jingle_match_start","Sudden_death","Normal",4000,"locations/furnacepallace_arena_2v2.csv","tilemaps/tilemap_2v2.csv","soundbanks/ui_menu_general/ui_menu_general_scroll_amb_1",,,"TRUE","sc/effects.sc","cloud_1","TRUE",1,1,1,1,1,1,,,,,,,,"legendary_arena_loop",,,,,,
"PvP_dragonest",,"TRUE",,,136,71,100,100,"soundbanks/ui_menu_general/ui_menu_general_jingle_match_start","Sudden_death","Normal",4000,"locations/dragonest_arena.csv","tilemaps/tilemap.csv","soundbanks/ui_menu_general/ui_menu_general_scroll_amb_1",,,"TRUE","sc/effects.sc","cloud_1","TRUE",1,1,1,1,1,1,,,,,,,,"legendary_arena_loop",,,,,,
"TeamVsTeam_dragonest",,"TRUE",,,136,71,100,100,"soundbanks/ui_menu_general/ui_menu_general_jingle_match_start","Sudden_death","Normal",4000,"locations/dragonest_arena_2v2.csv","tilemaps/tilemap_2v2.csv","soundbanks/ui_menu_general/ui_menu_general_scroll_amb_1",,,"TRUE","sc/effects.sc","cloud_1","TRUE",1,1,1,1,1,1,,,,,,,,"legendary_arena_loop",,,,,,
"PvP_cryptrock",,"TRUE",174,132,180,86,100,100,"soundbanks/ui_menu_general/ui_menu_general_jingle_match_start","Sudden_death","Normal",4000,"locations/cryptrock_arena.csv","tilemaps/tilemap.csv","soundbanks/ui_menu_general/ui_menu_general_scroll_amb_1",,,"TRUE","sc/effects.sc","cloud_1","TRUE",1,1,1,1,1,1,,,,,,,,"legendary_arena_loop",,,,,,
"TeamVsTeam_cryptrock",,"TRUE",174,132,180,86,100,100,"soundbanks/ui_menu_general/ui_menu_general_jingle_match_start","Sudden_death","Normal",4000,"locations/cryptrock_arena_2v2.csv","tilemaps/tilemap_2v2.csv","soundbanks/ui_menu_general/ui_menu_general_scroll_amb_1",,,"TRUE","sc/effects.sc","cloud_1","TRUE",1,1,1,1,1,1,,,,,,,,"legendary_arena_loop",,,,,,
"PvP_goblinswamp",,"TRUE",174,132,180,86,100,100,"soundbanks/ui_menu_general/ui_menu_general_jingle_match_start","Sudden_death","Normal",4000,"locations/goblinswamp_arena.csv","tilemaps/tilemap.csv","soundbanks/ui_menu_general/ui_menu_general_scroll_amb_1",,,"TRUE","sc/effects.sc","cloud_1","TRUE",1,1,1,1,1,1,,,,,,,,"legendary_arena_loop",,,,,,
"TeamVsTeam_goblinswamp",,"TRUE",174,132,180,86,100,100,"soundbanks/ui_menu_general/ui_menu_general_jingle_match_start","Sudden_death","Normal",4000,"locations/goblinswamp_arena_2v2.csv","tilemaps/tilemap_2v2.csv","soundbanks/ui_menu_general/ui_menu_general_scroll_amb_1",,,"TRUE","sc/effects.sc","cloud_1","TRUE",1,1,1,1,1,1,,,,,,,,"legendary_arena_loop",,,,,,
"PvP_hogsville",,"TRUE",174,132,180,86,100,100,"soundbanks/ui_menu_general/ui_menu_general_jingle_match_start","Sudden_death","Normal",4000,"locations/hogsville_arena.csv","tilemaps/tilemap.csv","soundbanks/ui_menu_general/ui_menu_general_scroll_amb_1",,,"TRUE","sc/effects.sc","cloud_1","TRUE",1,1,1,1,1,1,,,,,,,,"legendary_arena_loop",,,,,,
"TeamVsTeam_hogsville",,"TRUE",174,132,180,86,100,100,"soundbanks/ui_menu_general/ui_menu_general_jingle_match_start","Sudden_death","Normal",4000,"locations/hogsville_arena_2v2.csv","tilemaps/tilemap_2v2.csv","soundbanks/ui_menu_general/ui_menu_general_scroll_amb_1",,,"TRUE","sc/effects.sc","cloud_1","TRUE",1,1,1,1,1,1,,,,,,,,"legendary_arena_loop",,,,,,
"PvP_heroessummit",,"TRUE",,,136,71,100,100,"soundbanks/ui_menu_general/ui_menu_general_jingle_match_start","Sudden_death","Normal",4000,"locations/heroessummit_arena.csv","tilemaps/tilemap.csv","soundbanks/ui_menu_general/ui_menu_general_scroll_amb_1",,,"TRUE","sc/effects.sc","cloud_1","TRUE",1,1,1,1,1,1,,,,,,,,"legendary_arena_loop",,,,,,
"TeamVsTeam_heroessummit",,"TRUE",,,136,71,100,100,"soundbanks/ui_menu_general/ui_menu_general_jingle_match_start","Sudden_death","Normal",4000,"locations/heroessummit_arena_2v2.csv","tilemaps/tilemap_2v2.csv","soundbanks/ui_menu_general/ui_menu_general_scroll_amb_1",,,"TRUE","sc/effects.sc","cloud_1","TRUE",1,1,1,1,1,1,,,,,,,,"legendary_arena_loop",,,,,,
"PvP_elementalduality",,"TRUE",174,132,180,86,100,100,"soundbanks/ui_menu_general/ui_menu_general_jingle_match_start","Sudden_death","Normal",4000,"locations/elementalduality_arena.csv","tilemaps/tilemap.csv","soundbanks/ui_menu_general/ui_menu_general_scroll_amb_1",,,"TRUE","sc/effects.sc","cloud_1","TRUE",1,1,1,1,1,1,,,,,,,,"legendary_arena_loop",,,,,,
"TeamVsTeam_elementalduality",,"TRUE",174,132,180,86,100,100,"soundbanks/ui_menu_general/ui_menu_general_jingle_match_start","Sudden_death","Normal",4000,"locations/elementalduality_arena_2v2.csv","tilemaps/tilemap_2v2.csv","soundbanks/ui_menu_general/ui_menu_general_scroll_amb_1",,,"TRUE","sc/effects.sc","cloud_1","TRUE",1,1,1,1,1,1,,,,,,,,"legendary_arena_loop",,,,,,
"PvP_gothiclove",,"TRUE",174,132,180,86,100,100,"soundbanks/ui_menu_general/ui_menu_general_jingle_match_start","Sudden_death","Normal",4000,"locations/gothiclove_arena.csv","tilemaps/tilemap.csv","soundbanks/ui_menu_general/ui_menu_general_scroll_amb_1",,,"TRUE","sc/effects.sc","cloud_1","TRUE",1,1,1,1,1,1,,,,,,,,"legendary_arena_loop",,,,,,
"TeamVsTeam_gothiclove",,"TRUE",174,132,180,86,100,100,"soundbanks/ui_menu_general/ui_menu_general_jingle_match_start","Sudden_death","Normal",4000,"locations/gothiclove_arena_2v2.csv","tilemaps/tilemap_2v2.csv","soundbanks/ui_menu_general/ui_menu_general_scroll_amb_1",,,"TRUE","sc/effects.sc","cloud_1","TRUE",1,1,1,1,1,1,,,,,,,,"legendary_arena_loop",,,,,,
"PvP_prototype_AllRandom_Princess",,"TRUE",,,136,71,100,200,"soundbanks/ui_menu_general/ui_menu_general_jingle_match_start","Sudden_death","Normal",4000,"locations/prototype_arena_princess.csv","tilemaps/tilemap_AllRandom_Princess.csv","soundbanks/ui_menu_general/ui_menu_general_scroll_amb_1",,,"TRUE","sc/effects.sc","cloud_1","TRUE",1,1,1,1,1,1,,,,,,,,,,,,,,
"PvP_prototype_AllRandom_Princess_Wide",,"TRUE",,,136,71,100,200,"soundbanks/ui_menu_general/ui_menu_general_jingle_match_start","Sudden_death","Normal",4000,"locations/prototype_arena_wide.csv","tilemaps/tilemap_prototype_wide.csv","soundbanks/ui_menu_general/ui_menu_general_scroll_amb_1",,,"TRUE","sc/effects.sc","cloud_1","TRUE",1,1,1,1,1,1,,,,,,,,,,,,,,
"PvP_10thbirthday",,"TRUE",174,132,180,86,100,100,"soundbanks/ui_menu_general/ui_menu_general_jingle_match_start","Sudden_death","Normal",4000,"locations/10thbirthday_arena.csv","tilemaps/tilemap.csv","soundbanks/ui_menu_general/ui_menu_general_scroll_amb_1",,,"TRUE","sc/effects.sc","cloud_1","TRUE",1,1,1,1,1,1,,,,,,,,"legendary_arena_loop",,,,,,
"TeamVsTeam_10thbirthday",,"TRUE",174,132,180,86,100,100,"soundbanks/ui_menu_general/ui_menu_general_jingle_match_start","Sudden_death","Normal",4000,"locations/10thbirthday_arena_2v2.csv","tilemaps/tilemap_2v2.csv","soundbanks/ui_menu_general/ui_menu_general_scroll_amb_1",,,"TRUE","sc/effects.sc","cloud_1","TRUE",1,1,1,1,1,1,,,,,,,,"legendary_arena_loop",,,,,,
"PvP_warballoon",,"TRUE",174,132,180,86,100,100,"soundbanks/ui_menu_general/ui_menu_general_jingle_match_start","Sudden_death","Normal",4000,"locations/warballoon_arena.csv","tilemaps/tilemap.csv","soundbanks/ui_menu_general/ui_menu_general_scroll_amb_1",,,"TRUE","sc/effects.sc","cloud_1","TRUE",1,1,1,1,1,1,,,,,,,,"legendary_arena_loop",,,,,,
"TeamVsTeam_warballoon",,"TRUE",174,132,180,86,100,100,"soundbanks/ui_menu_general/ui_menu_general_jingle_match_start","Sudden_death","Normal",4000,"locations/warballoon_arena_2v2.csv","tilemaps/tilemap_2v2.csv","soundbanks/ui_menu_general/ui_menu_general_scroll_amb_1",,,"TRUE","sc/effects.sc","cloud_1","TRUE",1,1,1,1,1,1,,,,,,,,"legendary_arena_loop",,,,,,
"PvP_darkregal",,"TRUE",174,132,180,86,100,100,"soundbanks/ui_menu_general/ui_menu_general_jingle_match_start","Sudden_death","Normal",4000,"locations/darkregal_arena.csv","tilemaps/tilemap.csv","soundbanks/ui_menu_general/ui_menu_general_scroll_amb_1",,,"TRUE","sc/effects.sc","cloud_1","TRUE",1,1,1,1,1,1,,,,,,,,"legendary_arena_loop",,,,,,
"TeamVsTeam_darkregal",,"TRUE",174,132,180,86,100,100,"soundbanks/ui_menu_general/ui_menu_general_jingle_match_start","Sudden_death","Normal",4000,"locations/darkregal_arena_2v2.csv","tilemaps/tilemap_2v2.csv","soundbanks/ui_menu_general/ui_menu_general_scroll_amb_1",,,"TRUE","sc/effects.sc","cloud_1","TRUE",1,1,1,1,1,1,,,,,,,,"legendary_arena_loop",,,,,,
"PvP_All_Random",,"TRUE",174,132,180,86,100,100,"soundbanks/ui_menu_general/ui_menu_general_jingle_match_start","Sudden_death","Normal",4000,"locations/all_random_arena.csv","tilemaps/tilemap_AllRandom_Princess.csv","soundbanks/ui_menu_general/ui_menu_general_scroll_amb_1",,,"TRUE","sc/effects.sc","cloud_1","TRUE",1,1,1,1,1,1,,,,,,,,"legendary_arena_loop",,,,,,
"PvP_frozenlair",,"TRUE",174,132,180,86,100,100,"soundbanks/ui_menu_general/ui_menu_general_jingle_match_start","Sudden_death","Normal",4000,"locations/frozenlair_arena.csv","tilemaps/tilemap.csv","soundbanks/ui_menu_general/ui_menu_general_scroll_amb_1",,,"TRUE","sc/effects.sc","cloud_1","TRUE",1,1,1,1,1,1,,,,,,,,"legendary_arena_loop",,,,,,
"TeamVsTeam_frozenlair",,"TRUE",174,132,180,86,100,100,"soundbanks/ui_menu_general/ui_menu_general_jingle_match_start","Sudden_death","Normal",4000,"locations/frozenlair_arena_2v2.csv","tilemaps/tilemap_2v2.csv","soundbanks/ui_menu_general/ui_menu_general_scroll_amb_1",,,"TRUE","sc/effects.sc","cloud_1","TRUE",1,1,1,1,1,1,,,,,,,,"legendary_arena_loop",,,,,,
"PvP_ronintemple",,"TRUE",174,132,180,86,100,100,"soundbanks/ui_menu_general/ui_menu_general_jingle_match_start","Sudden_death","Normal",4000,"locations/ronintemple_arena.csv","tilemaps/tilemap.csv","soundbanks/ui_menu_general/ui_menu_general_scroll_amb_1",,,"TRUE","sc/effects.sc","cloud_1","TRUE",1,1,1,1,1,1,,,,,,,,"legendary_arena_loop",,,,,,
"TeamVsTeam_ronintemple",,"TRUE",174,132,180,86,100,100,"soundbanks/ui_menu_general/ui_menu_general_jingle_match_start","Sudden_death","Normal",4000,"locations/ronintemple_arena_2v2.csv","tilemaps/tilemap_2v2.csv","soundbanks/ui_menu_general/ui_menu_general_scroll_amb_1",,,"TRUE","sc/effects.sc","cloud_1","TRUE",1,1,1,1,1,1,,,,,,,,"legendary_arena_loop",,,,,,
"PvP_viking",,"TRUE",174,132,180,86,100,100,"soundbanks/ui_menu_general/ui_menu_general_jingle_match_start","Sudden_death","Normal",4000,"locations/viking_arena.csv","tilemaps/tilemap.csv","soundbanks/ui_menu_general/ui_menu_general_scroll_amb_1",,,"TRUE","sc/effects.sc","cloud_1","TRUE",1,1,1,1,1,1,,,,,,,,"legendary_arena_loop",,,,,,
"TeamVsTeam_viking",,"TRUE",174,132,180,86,100,100,"soundbanks/ui_menu_general/ui_menu_general_jingle_match_start","Sudden_death","Normal",4000,"locations/viking_arena_2v2.csv","tilemaps/tilemap_2v2.csv","soundbanks/ui_menu_general/ui_menu_general_scroll_amb_1",,,"TRUE","sc/effects.sc","cloud_1","TRUE",1,1,1,1,1,1,,,,,,,,"legendary_arena_loop",,,,,,
"PvP_valhalla_ken",,"TRUE",174,132,180,86,100,100,"soundbanks/ui_menu_general/ui_menu_general_jingle_match_start","Sudden_death","Normal",4000,"locations/valhalla_ken_arena.csv","tilemaps/tilemap.csv","soundbanks/ui_menu_general/ui_menu_general_scroll_amb_1",,,"TRUE","sc/effects.sc","cloud_1","TRUE",1,1,1,1,1,1,,,,,,,,"legendary_arena_loop",,,,,,
"TeamVsTeam_valhalla_ken",,"TRUE",174,132,180,86,100,100,"soundbanks/ui_menu_general/ui_menu_general_jingle_match_start","Sudden_death","Normal",4000,"locations/valhalla_ken_arena_2v2.csv","tilemaps/tilemap_2v2.csv","soundbanks/ui_menu_general/ui_menu_general_scroll_amb_1",,,"TRUE","sc/effects.sc","cloud_1","TRUE",1,1,1,1,1,1,,,,,,,,"legendary_arena_loop",,,,,,
"PvP_minionacademy",,"TRUE",174,132,180,86,100,100,"soundbanks/ui_menu_general/ui_menu_general_jingle_match_start","Sudden_death","Normal",4000,"locations/minionacademy_arena.csv","tilemaps/tilemap.csv","soundbanks/ui_menu_general/ui_menu_general_scroll_amb_1",,,"TRUE","sc/effects.sc","cloud_1","TRUE",1,1,1,1,1,1,,,,,,,,"legendary_arena_loop",,,,,,
"TeamVsTeam_minionacademy",,"TRUE",174,132,180,86,100,100,"soundbanks/ui_menu_general/ui_menu_general_jingle_match_start","Sudden_death","Normal",4000,"locations/minionacademy_arena_2v2.csv","tilemaps/tilemap_2v2.csv","soundbanks/ui_menu_general/ui_menu_general_scroll_amb_1",,,"TRUE","sc/effects.sc","cloud_1","TRUE",1,1,1,1,1,1,,,,,,,,"legendary_arena_loop",,,,,,
"PvP_shocktober",,"TRUE",174,132,180,86,100,100,"soundbanks/ui_menu_general/ui_menu_general_jingle_match_start","Sudden_death","Normal",4000,"locations/shocktober_arena.csv","tilemaps/tilemap.csv","soundbanks/ui_menu_general/ui_menu_general_scroll_amb_1",,,"TRUE","sc/effects.sc","cloud_1","TRUE",1,1,1,1,1,1,,,,,,,,"legendary_arena_loop",,,,,,
"TeamVsTeam_shocktober",,"TRUE",174,132,180,86,100,100,"soundbanks/ui_menu_general/ui_menu_general_jingle_match_start","Sudden_death","Normal",4000,"locations/shocktober_arena_2v2.csv","tilemaps/tilemap_2v2.csv","soundbanks/ui_menu_general/ui_menu_general_scroll_amb_1",,,"TRUE","sc/effects.sc","cloud_1","TRUE",1,1,1,1,1,1,,,,,,,,"legendary_arena_loop",,,,,,
