"Rarity","Arena","ItemPool","Gold","WildcardCommon","WildcardRare","WildcardEpic","WildcardLegendary","WildcardChampion","WildcardElite","BookCardCommon","BookCardRare","BookCardEpic","BookCardLegendary","BookCardAll","WildcardShard","FullEvolution","HeroCoin","Gems","Emote","CardCommon","CardRare","CardEpic","CardLegendary","CardChampion","SupportCardCommon","SupportCardRare","SupportCardEpic","SupportCardLegendary","SupportCardChampion"
"string","string","string","int","int","int","int","int","int","int","int","int","int","int","int","int","int","int","int","int","int","int","int","int","int","int","int","int","int","int"
"Common","TrainingCamp",,50,,,,,,,,,,,,,,,,,,,,,,,,,,
,"Arena1",,50,,,,,,,,,,,,,,,,,2,1,,,,,,,,
,"Arena2",,75,,,,,,,,,,,,,,,,,2,1,,,,,,,,
,"Arena3",,100,,,,,,,,,,,,,,,,,3,1,,,,,,,,
,"Arena4",,125,,,,,,,,,,,,,,,,,4,1,,,,,,,,
,"Arena5",,150,,,,,,,,,,,,,,,,,5,1,,,,,,,,
,"Arena6",,200,,,,,,,,,,,,,,,,,6,1,,,,,,,,
,"Arena7",,250,,,,,,,,,,,,,,,,,8,2,,,,,,,,
,"Arena8",,325,,,,,,,,,,,,,,,,,10,2,,,,,,,,
,"Arena9",,400,,,,,,,,,,,,,,,,,13,3,,,,,,,,
,"Arena_Electric",,500,,,,,,,,,,,,,,,,,16,3,,,,,,,,
,"Arena13",,600,,,,,,,,,,,,,,,,,19,4,,,,,,,,
,"Arena_L2",,700,,,,,,,,,,,,,,,,,22,4,,,,,,,,
,"Arena_L5",,800,,,,,,,,,,,,,,,,,25,5,,,,,,,,
,"Arena_L8",,900,,,,,,,,,,,,,,,,,28,6,,,,,,,,
,"Arena_L11",,1000,,,,,,,,,,,,,,,,,31,6,,,,,,,,
,"Arena_L14",,1100,,,,,,,,,,,,,,,,,34,7,,,,,,,,
"Rare","TrainingCamp",,200,,,,,,,,,,,,,,,,,,,,,,,,,,
,"Arena1",,200,,,,,,,,,,,,,,,,,6,2,,,,,,,,
,"Arena2",,300,,,,,,,,,,,,,,,,,9,2,,,,,,,,
,"Arena3",,400,,,,,,,,,,,,,,,,,12,2,,,,,,,,
,"Arena4","MysteryBoxBanners",500,,,,,,,,,,,,,,,,,16,3,,,,,,,,
,"Arena5","MysteryBoxBanners",600,,,,,,,,,,,,,,,,,19,4,,,,,,,,
,"Arena6","MysteryBoxBanners",800,,,,,,,,,,,,,,,,,25,5,1,,,,,1,,
,"Arena7","MysteryBoxBanners",1000,,,,,,,,,,,,,,,,,31,6,1,,,,,1,,
,"Arena8","MysteryBoxBanners",1300,,,,,,,,,,,,,,,,,40,8,1,,,,,1,,
,"Arena9","MysteryBoxBanners",1600,,,,,,,,,,,,,,,,,50,10,1,,,,,1,,
,"Arena_Electric","MysteryBoxBanners",2000,,,,,,,,,,,,,,,,,62,12,2,,,,,2,1,
,"Arena13","MysteryBoxBanners",2400,,,,,,,,,,,,,,,,,75,15,2,,,,,2,1,
,"Arena_L2","MysteryBoxBanners",2800,,,,,,,,,,,,,,,,,88,18,2,,,,,2,1,
,"Arena_L5","MysteryBoxBanners",3200,,,,,,,,,,,,,,,,,100,20,3,,,,,3,1,
,"Arena_L8","MysteryBoxBanners",3600,,,,,,,,,,,,,,,,,112,23,3,,,,,3,1,
,"Arena_L11","MysteryBoxBanners",4000,,,,,,,,,,,,,,,,,125,25,3,,,,,3,1,
,"Arena_L14","MysteryBoxBanners",4400,,,,,,,,,,,,,,,,,138,28,3,,,,,3,1,
"Epic","TrainingCamp",,800,,,,,,,,,,,,,,,,,,,,,,,,,,
,"Arena1",,800,,,,,,,,,,,,,,,,,25,5,,,,,,,,
,"Arena2",,1200,,,,,,,,,,,,,,,,,38,8,,,,,,,,
,"Arena3",,1600,,,,,,,,,,,,,,,,,50,10,,,,,,,,
,"Arena4","MysteryBoxEmotes",2000,,,,,,,,,,,,,,,,,63,13,,,,,,,,
,"Arena5","MysteryBoxEmotes",2400,,,,,,,,,,,,,,,,,75,15,,,,,,,,
,"Arena6","MysteryBoxEmotes",3200,,,,,,,,,,,,,,,,,100,20,2,,,,,2,,
,"Arena7","MysteryBoxEmotes",4000,,,,,,,,,,,,,,,,,125,25,3,,,,,3,,
,"Arena8","MysteryBoxEmotes",5200,,,,,,,,,,,,,,,,,163,33,4,,,,,4,,
,"Arena9","MysteryBoxEmotes",6400,,,,,,,,,,,,,,,,,200,40,5,,,,,5,,
,"Arena_Electric","MysteryBoxEmotes",8000,,,,,,,,,,,,,,,,,250,50,6,1,,,,6,1,
,"Arena13","MysteryBoxEmotes",9600,,,,,,,,,,,,,,,,,300,60,8,1,,,,8,1,
,"Arena_L2","MysteryBoxEmotes",11200,,,,,,,,,,,,,,,,,350,70,9,1,1,,,9,1,
,"Arena_L5","MysteryBoxEmotes",12800,,,,,,,,,,,,,,,,,400,80,10,1,1,,,10,1,
,"Arena_L8","MysteryBoxEmotes",14400,,,,,,,,,,,,,,,,,450,90,11,1,1,,,11,1,
,"Arena_L11","MysteryBoxEmotes",16000,,,,,,,,,,,,,,,,,500,100,13,1,1,,,13,1,
,"Arena_L14","MysteryBoxEmotes",17600,,,,,,,,,,,,,,,,,550,110,14,2,1,,,14,2,
"Legendary","TrainingCamp",,3200,,,,,,,,,,,,,,,,,,,,,,,,,,
,"Arena1",,,,,,,,,,,,,,,,,,,100,20,,,,,,,,
,"Arena2",,,50,10,,,,,,,,,,,,,,,150,30,,,,,,,,
,"Arena3","EVO_Shards_4Star",,67,13,,,,,,,,,,,,,,,200,40,,,,,,,,
,"Arena4","EVO_Shards_4Star",,83,17,,,,,,,,,,,,,,,250,50,,,,,,,,
,"Arena5","EVO_Shards_4Star",,100,20,,,,,,,,,,,,,,,300,60,,,,,,,,
,"Arena6","EVO_Shards_4Star",,135,27,3,,,,,,,,,,,,,,400,80,10,,,,,10,,
,"Arena7","EVO_Shards_4Star",,165,33,4,,,,,,,,,,,,,,500,100,13,,,,,13,,
,"Arena8","EVO_Shards_4Star",,215,43,5,,,,,,,,,,,,,,650,130,16,,,,,16,,
,"Arena9","EVO_Shards_4Star",,265,53,7,,,,,,,,,,,,,,800,160,20,,,,,20,,
,"Arena_Electric","EVO_Shards_4Star",,335,67,8,1,,,,,,,,,,,,,1000,200,25,3,,,,25,3,
,"Arena13","EVO_Shards_4Star",,400,80,10,1,,,,,,,,,,,,,1200,240,30,3,,,,30,3,
,"Arena_L2","EVO_Shards_4Star",,465,93,12,1,1,,,,,,,,,,,,1400,280,35,4,3,,,35,4,
,"Arena_L5","EVO_Shards_4Star",,535,107,13,1,1,,,,,,,,,,,,1600,320,40,4,3,,,40,4,
,"Arena_L8","EVO_Shards_4Star",,600,120,15,2,1,,,,,,,,,,,,1800,360,45,5,4,,,45,5,
,"Arena_L11","EVO_Shards_4Star",,665,133,17,2,1,,,,,,,,,,,,2000,400,50,5,4,,,50,5,
,"Arena_L14","EVO_Shards_4Star",,735,147,18,2,1,,,,,,,,,,,,2200,440,55,6,4,,,55,6,
"Champion","TrainingCamp",,16000,,,,,,,,,,,,,,,,,,,,,,,,,,
,"Arena1",,,,,,,,,,,,,,,,,,,300,60,,,,,,,,
,"Arena2",,,150,30,,,,,,,,,,,,,,,450,90,,,,,,,,
,"Arena3","EVO_Shards_5Star",,200,40,,,,,,,,,,,,,,,600,120,,,,,,,,
,"Arena4","EVO_Shards_5Star",,250,50,,,,,,,,,,,,,,,750,150,,,,,,,,
,"Arena5","EVO_Shards_5Star",,300,60,,,,,,,,,,,,,,,900,180,,,,,,,,
,"Arena6","EVO_Shards_5Star",,400,80,10,,,,,,,,,,,,,,1200,240,30,,,,,30,,
,"Arena7","EVO_Shards_5Star",,500,100,13,,,,,,,,,,,,,,1500,300,38,,,,,38,,
,"Arena8","EVO_Shards_5Star",,650,130,16,,,,,,,,,,,,,,1950,390,48,,,,,48,,
,"Arena9","EVO_Shards_5Star",,800,160,20,,,,,,,,,,,,,,2400,480,60,,,,,60,,
,"Arena_Electric","EVO_Shards_5Star",,1000,200,25,3,,,,,,,,,,,,,3000,600,75,8,,,,75,8,
,"Arena13","EVO_Shards_5Star",,1200,300,30,4,,,,,,,,,,,,,3600,720,90,10,,,,90,10,
,"Arena_L2","EVO_Shards_5Star",,1500,400,50,6,3,,,,,,,,,,,,4200,840,105,11,8,,,105,11,
,"Arena_L5","EVO_Shards_5Star",,2500,550,70,9,5,,,,,,,,,,,,4800,960,120,13,10,,,120,13,
,"Arena_L8","EVO_Shards_5Star",,3500,750,100,12,8,,,,,,,,,,,,5400,1080,135,14,11,,,135,14,
,"Arena_L11","EVO_Shards_5Star",,5500,1000,130,14,11,,,,,,,,,,,,6000,1200,150,16,12,,,150,16,
,"Arena_L14","EVO_Shards_5Star",,7500,1400,180,20,15,,,,,,,,,,,,7500,1400,180,20,15,,,180,20,
"Common100","TrainingCamp",,50,,,,,,,,,,,,,,,,,,,,,,,,,,
"Rare100","TrainingCamp",,200,,,,,,,,,,,,,,,,,,,,,,,,,,
"Epic100","TrainingCamp",,800,,,,,,,,,,,,,,,,,,,,,,,,,,
"Epic22","TrainingCamp",,800,,,,,,,,,,,,,,,,,,,,,,,,,,
"Epic25","TrainingCamp",,800,,,,,,,,,,,,,,,,,,,,,,,,,,
"Legendary100","TrainingCamp",,3200,,,,,,,,,,,,,,,,,,,,,,,,,,
"Legendary25","TrainingCamp",,3200,,,,,,,,,,,,,,,,,,,,,,,,,,
"Legendary15","TrainingCamp",,3200,,,,,,,,,,,,,,,,,,,,,,,,,,
"TutorialCommon","TrainingCamp",,,,,,,,,,,,,,,,,,,1,,,,,,,,,
"Tutorial2Rare","TrainingCamp",,,,,,,,,,,,,,,,,,,1,,,,,,,,,
"Tutorial3Rare","TrainingCamp",,,,,,,,,,,,,,,,,,,3,,,,,,,,,
,"Arena1",,,,,,,,,,,,,,,,,,,3,,,,,,,,,
"Tutorial3Epic","TrainingCamp",,,,,,,,,,,,,,,,,,,5,,,,,,,,,
,"Arena1",,,,,,,,,,,,,,,,,,,5,,,,,,,,,
"RareInRare","TrainingCamp",,200,,,,,,,,,,,,,,,,,,,,,,,,,,
"RareInCommonPlus","TrainingCamp",,200,,,,,,,,,,,,,,,,,,,,,,,,,,
"LegendaryInEpic","TrainingCamp",,3200,,,,,,,,,,,,,,,,,,,,,,,,,,
"LegendaryInLegendary","TrainingCamp",,3200,,,,,,,,,,,,,,,,,,,,,,,,,,
"RareInRare3Spins","TrainingCamp",,200,,,,,,,,,,,,,,,,,,,,,,,,,,
"EpicInRare3Spins","TrainingCamp",,800,,,,,,,,,,,,,,,,,,,,,,,,,,
"LegendaryInRare3Spins","TrainingCamp",,3200,,,,,,,,,,,,,,,,,,,,,,,,,,
"CommonCardInCommon","TrainingCamp",,50,,,,,,,,,,,,,,,,,,,,,,,,,,
"RareCardInCommon","TrainingCamp",,200,,,,,,,,,,,,,,,,,,,,,,,,,,
"EpicCardInCommon","TrainingCamp",,800,,,,,,,,,,,,,,,,,,,,,,,,,,
"LegendaryCardInCommon","TrainingCamp",,3200,,,,,,,,,,,,,,,,,,,,,,,,,,
"RareGoldInRare","TrainingCamp",,200,,,,,,,,,,,,,,,,,,,,,,,,,,
"EpicGoldInRare","TrainingCamp",,800,,,,,,,,,,,,,,,,,,,,,,,,,,
"LegendaryGoldInRare","TrainingCamp",,3200,,,,,,,,,,,,,,,,,,,,,,,,,,
"TestThematicRare","TrainingCamp",,,,,,,,,,,,,,,,,,,,,,,,,,,,
,"Arena1","ChoiceChest_CL1_2Star",,,,,,,,,,,,,,,,,,,,,,,,,,,
,"Arena2","ChoiceChest_CL2_2Star",,,,,,,,,,,,,,,,,,,,,,,,,,,
,"Arena3","ChoiceChest_CL3_2Star",,,,,,,,,,,,,,,,,,,,,,,,,,,
,"Arena4","ChoiceChest_CL4_2Star",,,,,,,,,,,,,,,,,,,,,,,,,,,
,"Arena5","ChoiceChest_CL5_2Star",,,,,,,,,,,,,,,,,,,,,,,,,,,
,"Arena6","ChoiceChest_CL6_2Star",,,,,,,,,,,,,,,,,,,,,,,,,,,
,"Arena7","ChoiceChest_CL7_2Star",,,,,,,,,,,,,,,,,,,,,,,,,,,
,"Arena8","ChoiceChest_CL8_2Star",,,,,,,,,,,,,,,,,,,,,,,,,,,
,"Arena9","ChoiceChest_CL9_2Star",,,,,,,,,,,,,,,,,,,,,,,,,,,
,"Arena_Electric","ChoiceChest_CL10_2Star",,,,,,,,,,,,,,,,,,,,,,,,,,,
,"Arena13","ChoiceChest_CL11_2Star",,,,,,,,,,,,,,,,,,,,,,,,,,,
,"Arena_L2","ChoiceChest_CL12_2Star",,,,,,,,,,,,,,,,,,,,,,,,,,,
,"Arena_L5","ChoiceChest_CL13_2Star",,,,,,,,,,,,,,,,,,,,,,,,,,,
,"Arena_L8","ChoiceChest_CL14_2Star",,,,,,,,,,,,,,,,,,,,,,,,,,,
,"Arena_L11","ChoiceChest_CL15_2Star",,,,,,,,,,,,,,,,,,,,,,,,,,,
,"Arena_L14","ChoiceChest_CL16_2Star",,,,,,,,,,,,,,,,,,,,,,,,,,,
"TestThematicEpic","TrainingCamp",,,,,,,,,,,,,,,,,,,,,,,,,,,,
,"Arena1","ChoiceChest_CL1_2Star",,,,,,,,,,,,,,,,,,,,,,,,,,,
,"Arena2","ChoiceChest_CL2_2Star",,,,,,,,,,,,,,,,,,,,,,,,,,,
,"Arena3","ChoiceChest_CL3_2Star",,,,,,,,,,,,,,,,,,,,,,,,,,,
,"Arena4","ChoiceChest_CL4_2Star",,,,,,,,,,,,,,,,,,,,,,,,,,,
,"Arena5","ChoiceChest_CL5_2Star",,,,,,,,,,,,,,,,,,,,,,,,,,,
,"Arena6","ChoiceChest_CL6_2Star",,,,,,,,,,,,,,,,,,,,,,,,,,,
,"Arena7","ChoiceChest_CL7_2Star",,,,,,,,,,,,,,,,,,,,,,,,,,,
,"Arena8","ChoiceChest_CL8_2Star",,,,,,,,,,,,,,,,,,,,,,,,,,,
,"Arena9","ChoiceChest_CL9_2Star",,,,,,,,,,,,,,,,,,,,,,,,,,,
,"Arena_Electric","ChoiceChest_CL10_2Star",,,,,,,,,,,,,,,,,,,,,,,,,,,
,"Arena13","ChoiceChest_CL11_2Star",,,,,,,,,,,,,,,,,,,,,,,,,,,
,"Arena_L2","ChoiceChest_CL12_2Star",,,,,,,,,,,,,,,,,,,,,,,,,,,
,"Arena_L5","ChoiceChest_CL13_2Star",,,,,,,,,,,,,,,,,,,,,,,,,,,
,"Arena_L8","ChoiceChest_CL14_2Star",,,,,,,,,,,,,,,,,,,,,,,,,,,
,"Arena_L11","ChoiceChest_CL15_2Star",,,,,,,,,,,,,,,,,,,,,,,,,,,
,"Arena_L14","ChoiceChest_CL16_2Star",,,,,,,,,,,,,,,,,,,,,,,,,,,
"TestThematicLegendary","TrainingCamp",,,,,,,,,,,,,,,,,,,,,,,,,,,,
,"Arena1","ChoiceChest_CL1_2Star",,,,,,,,,,,,,,,,,,,,,,,,,,,
,"Arena2","ChoiceChest_CL2_2Star",,,,,,,,,,,,,,,,,,,,,,,,,,,
,"Arena3","ChoiceChest_CL3_2Star",,,,,,,,,,,,,,,,,,,,,,,,,,,
,"Arena4","ChoiceChest_CL4_2Star",,,,,,,,,,,,,,,,,,,,,,,,,,,
,"Arena5","ChoiceChest_CL5_2Star",,,,,,,,,,,,,,,,,,,,,,,,,,,
,"Arena6","ChoiceChest_CL6_2Star",,,,,,,,,,,,,,,,,,,,,,,,,,,
,"Arena7","ChoiceChest_CL7_2Star",,,,,,,,,,,,,,,,,,,,,,,,,,,
,"Arena8","ChoiceChest_CL8_2Star",,,,,,,,,,,,,,,,,,,,,,,,,,,
,"Arena9","ChoiceChest_CL9_2Star",,,,,,,,,,,,,,,,,,,,,,,,,,,
,"Arena_Electric","ChoiceChest_CL10_2Star",,,,,,,,,,,,,,,,,,,,,,,,,,,
,"Arena13","ChoiceChest_CL11_2Star",,,,,,,,,,,,,,,,,,,,,,,,,,,
,"Arena_L2","ChoiceChest_CL12_2Star",,,,,,,,,,,,,,,,,,,,,,,,,,,
,"Arena_L5","ChoiceChest_CL13_2Star",,,,,,,,,,,,,,,,,,,,,,,,,,,
,"Arena_L8","ChoiceChest_CL14_2Star",,,,,,,,,,,,,,,,,,,,,,,,,,,
,"Arena_L11","ChoiceChest_CL15_2Star",,,,,,,,,,,,,,,,,,,,,,,,,,,
,"Arena_L14","ChoiceChest_CL16_2Star",,,,,,,,,,,,,,,,,,,,,,,,,,,
"TestThematicChampion","TrainingCamp",,,,,,,,,,,,,,,,,,,,,,,,,,,,
,"Arena1","ChoiceChest_CL1_2Star",,,,,,,,,,,,,,,,,,,,,,,,,,,
,"Arena2","ChoiceChest_CL2_2Star",,,,,,,,,,,,,,,,,,,,,,,,,,,
,"Arena3","ChoiceChest_CL3_2Star",,,,,,,,,,,,,,,,,,,,,,,,,,,
,"Arena4","ChoiceChest_CL4_2Star",,,,,,,,,,,,,,,,,,,,,,,,,,,
,"Arena5","ChoiceChest_CL5_2Star",,,,,,,,,,,,,,,,,,,,,,,,,,,
,"Arena6","ChoiceChest_CL6_2Star",,,,,,,,,,,,,,,,,,,,,,,,,,,
,"Arena7","ChoiceChest_CL7_2Star",,,,,,,,,,,,,,,,,,,,,,,,,,,
,"Arena8","ChoiceChest_CL8_2Star",,,,,,,,,,,,,,,,,,,,,,,,,,,
,"Arena9","ChoiceChest_CL9_2Star",,,,,,,,,,,,,,,,,,,,,,,,,,,
,"Arena_Electric","ChoiceChest_CL10_2Star",,,,,,,,,,,,,,,,,,,,,,,,,,,
,"Arena13","ChoiceChest_CL11_2Star",,,,,,,,,,,,,,,,,,,,,,,,,,,
,"Arena_L2","ChoiceChest_CL12_2Star",,,,,,,,,,,,,,,,,,,,,,,,,,,
,"Arena_L5","ChoiceChest_CL13_2Star",,,,,,,,,,,,,,,,,,,,,,,,,,,
,"Arena_L8","ChoiceChest_CL14_2Star",,,,,,,,,,,,,,,,,,,,,,,,,,,
,"Arena_L11","ChoiceChest_CL15_2Star",,,,,,,,,,,,,,,,,,,,,,,,,,,
,"Arena_L14","ChoiceChest_CL16_2Star",,,,,,,,,,,,,,,,,,,,,,,,,,,
"202510_Halloween_1Star","TrainingCamp","202510_Halloween_1Star_LowArena",,,,,,,,,,,,,,,,,,,,,,,,,,,
,"Arena_Electric","202510_Halloween_1Star_MidArena",,,,,,,,,,,,,,,,,,,,,,,,,,,
,"Arena_L6","202510_Halloween_1Star_HighArena",,,,,,,,,,,,,,,,,,,,,,,,,,,
"202510_Halloween_2Star","TrainingCamp","202510_Halloween_2Star_LowArena",,,,,,,,,,,,,,,,,,,,,,,,,,,
,"Arena_Electric","202510_Halloween_2Star_MidArena",,,,,,,,,,,,,,,,,,,,,,,,,,,
,"Arena_L6","202510_Halloween_2Star_HighArena",,,,,,,,,,,,,,,,,,,,,,,,,,,
"202510_Halloween_3Star","TrainingCamp","202510_Halloween_3Star_LowArena",,,,,,,,,,,,,,,,,,,,,,,,,,,
,"Arena_Electric","202510_Halloween_3Star_MidArena",,,,,,,,,,,,,,,,,,,,,,,,,,,
,"Arena_L6","202510_Halloween_3Star_HighArena",,,,,,,,,,,,,,,,,,,,,,,,,,,
"202510_Halloween_4Star","TrainingCamp","202510_Halloween_4Star_LowArena",,,,,,,,,,,,,,,,,,,,,,,,,,,
,"Arena_Electric","202510_Halloween_4Star_MidArena",,,,,,,,,,,,,,,,,,,,,,,,,,,
,"Arena_L6","202510_Halloween_4Star_HighArena",,,,,,,,,,,,,,,,,,,,,,,,,,,
"202510_Halloween_5Star","TrainingCamp","202510_Halloween_5Star_LowArena",,,,,,,,,,,,,,,,,,,,,,,,,,,
,"Arena_Electric","202510_Halloween_5Star_MidArena",,,,,,,,,,,,,,,,,,,,,,,,,,,
,"Arena_L6","202510_Halloween_5Star_HighArena",,,,,,,,,,,,,,,,,,,,,,,,,,,
"202510_RoyalGhost_1Star","TrainingCamp","202510_RoyalGhost_1Star_LowArena",,,,,,,,,,,,,,,,,,,,,,,,,,,
,"Arena_Electric","202510_RoyalGhost_1Star_MidArena",,,,,,,,,,,,,,,,,,,,,,,,,,,
,"Arena_L6","202510_RoyalGhost_1Star_HighArena",,,,,,,,,,,,,,,,,,,,,,,,,,,
"202510_RoyalGhost_2Star","TrainingCamp","202510_RoyalGhost_2Star_LowArena",,,,,,,,,,,,,,,,,,,,,,,,,,,
,"Arena_Electric","202510_RoyalGhost_2Star_MidArena",,,,,,,,,,,,,,,,,,,,,,,,,,,
,"Arena_L6","202510_RoyalGhost_2Star_HighArena",,,,,,,,,,,,,,,,,,,,,,,,,,,
"202510_RoyalGhost_3Star","TrainingCamp","202510_RoyalGhost_3Star_LowArena",,,,,,,,,,,,,,,,,,,,,,,,,,,
,"Arena_Electric","202510_RoyalGhost_3Star_MidArena",,,,,,,,,,,,,,,,,,,,,,,,,,,
,"Arena_L6","202510_RoyalGhost_3Star_HighArena",,,,,,,,,,,,,,,,,,,,,,,,,,,
"202510_RoyalGhost_4Star","TrainingCamp","202510_RoyalGhost_4Star_LowArena",,,,,,,,,,,,,,,,,,,,,,,,,,,
,"Arena_Electric","202510_RoyalGhost_4Star_MidArena",,,,,,,,,,,,,,,,,,,,,,,,,,,
,"Arena_L6","202510_RoyalGhost_4Star_HighArena",,,,,,,,,,,,,,,,,,,,,,,,,,,
"202510_RoyalGhost_5Star","TrainingCamp","202510_RoyalGhost_5Star_LowArena",,,,,,,,,,,,,,,,,,,,,,,,,,,
,"Arena_Electric","202510_RoyalGhost_5Star_MidArena",,,,,,,,,,,,,,,,,,,,,,,,,,,
,"Arena_L6","202510_RoyalGhost_5Star_HighArena",,,,,,,,,,,,,,,,,,,,,,,,,,,
"202511_Musketeer_1Star","TrainingCamp","202511_Musketeer_1Star_LowArena",,,,,,,,,,,,,,,,,,,,,,,,,,,
,"Arena_Electric","202511_Musketeer_1Star_MidArena",,,,,,,,,,,,,,,,,,,,,,,,,,,
,"Arena_L6","202511_Musketeer_1Star_HighArena",,,,,,,,,,,,,,,,,,,,,,,,,,,
"202511_Musketeer_2Star","TrainingCamp","202511_Musketeer_2Star_LowArena",,,,,,,,,,,,,,,,,,,,,,,,,,,
,"Arena_Electric","202511_Musketeer_2Star_MidArena",,,,,,,,,,,,,,,,,,,,,,,,,,,
,"Arena_L6","202511_Musketeer_2Star_HighArena",,,,,,,,,,,,,,,,,,,,,,,,,,,
"202511_Musketeer_3Star","TrainingCamp","202511_Musketeer_3Star_LowArena",,,,,,,,,,,,,,,,,,,,,,,,,,,
,"Arena_Electric","202511_Musketeer_3Star_MidArena",,,,,,,,,,,,,,,,,,,,,,,,,,,
,"Arena_L6","202511_Musketeer_3Star_HighArena",,,,,,,,,,,,,,,,,,,,,,,,,,,
"202511_Musketeer_4Star","TrainingCamp","202511_Musketeer_4Star_LowArena",,,,,,,,,,,,,,,,,,,,,,,,,,,
,"Arena_Electric","202511_Musketeer_4Star_MidArena",,,,,,,,,,,,,,,,,,,,,,,,,,,
,"Arena_L6","202511_Musketeer_4Star_HighArena",,,,,,,,,,,,,,,,,,,,,,,,,,,
"202511_Musketeer_5Star","TrainingCamp","202511_Musketeer_5Star_LowArena",,,,,,,,,,,,,,,,,,,,,,,,,,,
,"Arena_Electric","202511_Musketeer_5Star_MidArena",,,,,,,,,,,,,,,,,,,,,,,,,,,
,"Arena_L6","202511_Musketeer_5Star_HighArena",,,,,,,,,,,,,,,,,,,,,,,,,,,
"Hero_Coin_Chest_2Star","TrainingCamp",,10000,,,,,,,,,,,,,,5,,,,,,,,,,,,
,"Arena_L1",,,,,,,,,,,,,,,,5,,,,,,,,,,,,
,"Arena_L6",,,,,,,,,,,,,,,,5,,,,,,,,,,,,
,"Arena_L10",,,,,,,,,,,,,,,,5,,,,,,,,,,,,
,"Arena_L14",,,,,,,,,,,,,,,,5,,,,,,,,,,,,
"Hero_Coin_Chest_3Star","TrainingCamp",,10000,,,,,,,,,,,,,,10,,,,,,,,,,,,
,"Arena_L1",,,,,,,,,,,,,,,,10,,,,,,,,,,,,
,"Arena_L6",,,,,,,,,,,,,,,,10,,,,,,,,,,,,
,"Arena_L10",,,,,,,,,,,,,,,,10,,,,,,,,,,,,
,"Arena_L14",,,,,,,,,,,,,,,,10,,,,,,,,,,,,
"Hero_Coin_Chest_4Star","TrainingCamp",,10000,,,,,,,,,,,,,,40,,,,,,,,,,,,
,"Arena_L1",,,,,,,,,,,,,,,,40,,,,,,,,,,,,
,"Arena_L6",,,,,,,,,,,,,,,,40,,,,,,,,,,,,
,"Arena_L10",,,,,,,,,,,,,,,,40,,,,,,,,,,,,
,"Arena_L14",,,,,,,,,,,,,,,,40,,,,,,,,,,,,
"Hero_Coin_Chest_5Star","TrainingCamp",,10000,,,,,,,,,,,,,,200,,,,,,,,,,,,
,"Arena_L1",,,,,,,,,,,,,,,,200,,,,,,,,,,,,
,"Arena_L6",,,,,,,,,,,,,,,,200,,,,,,,,,,,,
,"Arena_L10",,,,,,,,,,,,,,,,200,,,,,,,,,,,,
,"Arena_L14",,,,,,,,,,,,,,,,200,,,,,,,,,,,,
"EVO_Shard_5Star","TrainingCamp","EVO_Shards_5Star",,,,,,,,,,,,,,,,,,,,,,,,,,,
,"Arena1","EVO_Shards_5Star",,,,,,,,,,,,,,,,,,,,,,,,,,,
,"Arena2","EVO_Shards_5Star",,,,,,,,,,,,,,,,,,,,,,,,,,,
,"Arena3","EVO_Shards_5Star",,,,,,,,,,,,,,,,,,,,,,,,,,,
"EVO_Shard_4Star","TrainingCamp","EVO_Shards_4Star",,,,,,,,,,,,,,,,,,,,,,,,,,,
,"Arena1","EVO_Shards_4Star",,,,,,,,,,,,,,,,,,,,,,,,,,,
,"Arena2","EVO_Shards_4Star",,,,,,,,,,,,,,,,,,,,,,,,,,,
,"Arena3","EVO_Shards_4Star",,,,,,,,,,,,,,,,,,,,,,,,,,,
"EVO_Shard_3Star","TrainingCamp","EVO_Shards_3Star",,,,,,,,,,,,,,,,,,,,,,,,,,,
,"Arena1","EVO_Shards_3Star",,,,,,,,,,,,,,,,,,,,,,,,,,,
,"Arena2","EVO_Shards_3Star",,,,,,,,,,,,,,,,,,,,,,,,,,,
,"Arena3","EVO_Shards_3Star",,,,,,,,,,,,,,,,,,,,,,,,,,,
"202512_Christmas_1Star","TrainingCamp","202512_Christmas_1Star_LowArena",,,,,,,,,,,,,,,,,,,,,,,,,,,
,"Arena_Electric","202512_Christmas_1Star_MidArena",,,,,,,,,,,,,,,,,,,,,,,,,,,
,"Arena_L6","202512_Christmas_1Star_HighArena",,,,,,,,,,,,,,,,,,,,,,,,,,,
"202512_Christmas_2Star","TrainingCamp","202512_Christmas_2Star_LowArena",,,,,,,,,,,,,,,,,,,,,,,,,,,
,"Arena_Electric","202512_Christmas_2Star_MidArena",,,,,,,,,,,,,,,,,,,,,,,,,,,
,"Arena_L6","202512_Christmas_2Star_HighArena",,,,,,,,,,,,,,,,,,,,,,,,,,,
"202512_Christmas_3Star","TrainingCamp","202512_Christmas_3Star_LowArena",,,,,,,,,,,,,,,,,,,,,,,,,,,
,"Arena_Electric","202512_Christmas_3Star_MidArena",,,,,,,,,,,,,,,,,,,,,,,,,,,
,"Arena_L6","202512_Christmas_3Star_HighArena",,,,,,,,,,,,,,,,,,,,,,,,,,,
"202512_Christmas_4Star","TrainingCamp","202512_Christmas_4Star_LowArena",,,,,,,,,,,,,,,,,,,,,,,,,,,
,"Arena_Electric","202512_Christmas_4Star_MidArena",,,,,,,,,,,,,,,,,,,,,,,,,,,
,"Arena_L6","202512_Christmas_4Star_HighArena",,,,,,,,,,,,,,,,,,,,,,,,,,,
"202512_Christmas_5Star","TrainingCamp","202512_Christmas_5Star_LowArena",,,,,,,,,,,,,,,,,,,,,,,,,,,
,"Arena_Electric","202512_Christmas_5Star_MidArena",,,,,,,,,,,,,,,,,,,,,,,,,,,
,"Arena_L6","202512_Christmas_5Star_HighArena",,,,,,,,,,,,,,,,,,,,,,,,,,,
"202601_FireIce_Chest_1Star","TrainingCamp","202601_FireIce_Chest_1Star_LowArena",,,,,,,,,,,,,,,,,,,,,,,,,,,
,"Arena_Electric","202601_FireIce_Chest_1Star_MidArena",,,,,,,,,,,,,,,,,,,,,,,,,,,
,"Arena_L6","202601_FireIce_Chest_1Star_HighArena",,,,,,,,,,,,,,,,,,,,,,,,,,,
"202601_FireIce_Chest_2Star","TrainingCamp","202601_FireIce_Chest_2Star_LowArena",,,,,,,,,,,,,,,,,,,,,,,,,,,
,"Arena_Electric","202601_FireIce_Chest_2Star_MidArena",,,,,,,,,,,,,,,,,,,,,,,,,,,
,"Arena_L6","202601_FireIce_Chest_2Star_HighArena",,,,,,,,,,,,,,,,,,,,,,,,,,,
"202601_FireIce_Chest_3Star","TrainingCamp","202601_FireIce_Chest_3Star_LowArena",,,,,,,,,,,,,,,,,,,,,,,,,,,
,"Arena_Electric","202601_FireIce_Chest_3Star_MidArena",,,,,,,,,,,,,,,,,,,,,,,,,,,
,"Arena_L6","202601_FireIce_Chest_3Star_HighArena",,,,,,,,,,,,,,,,,,,,,,,,,,,
"202601_FireIce_Chest_4Star","TrainingCamp","202601_FireIce_Chest_4Star_LowArena",,,,,,,,,,,,,,,,,,,,,,,,,,,
,"Arena_Electric","202601_FireIce_Chest_4Star_MidArena",,,,,,,,,,,,,,,,,,,,,,,,,,,
,"Arena_L6","202601_FireIce_Chest_4Star_HighArena",,,,,,,,,,,,,,,,,,,,,,,,,,,
"202601_FireIce_Chest_5Star","TrainingCamp","202601_FireIce_Chest_5Star_LowArena",,,,,,,,,,,,,,,,,,,,,,,,,,,
,"Arena_Electric","202601_FireIce_Chest_5Star_MidArena",,,,,,,,,,,,,,,,,,,,,,,,,,,
,"Arena_L6","202601_FireIce_Chest_5Star_HighArena",,,,,,,,,,,,,,,,,,,,,,,,,,,
"202602_Seasonal_Chest_1Star","TrainingCamp","202602_Seasonal_Chest_1Star_LowArena",,,,,,,,,,,,,,,,,,,,,,,,,,,
,"Arena_Electric","202602_Seasonal_Chest_1Star_MidArena",,,,,,,,,,,,,,,,,,,,,,,,,,,
,"Arena_L6","202602_Seasonal_Chest_1Star_HighArena",,,,,,,,,,,,,,,,,,,,,,,,,,,
"202602_Seasonal_Chest_2Star","TrainingCamp","202602_Seasonal_Chest_2Star_LowArena",,,,,,,,,,,,,,,,,,,,,,,,,,,
,"Arena_Electric","202602_Seasonal_Chest_2Star_MidArena",,,,,,,,,,,,,,,,,,,,,,,,,,,
,"Arena_L6","202602_Seasonal_Chest_2Star_HighArena",,,,,,,,,,,,,,,,,,,,,,,,,,,
"202602_Seasonal_Chest_3Star","TrainingCamp","202602_Seasonal_Chest_3Star_LowArena",,,,,,,,,,,,,,,,,,,,,,,,,,,
,"Arena_Electric","202602_Seasonal_Chest_3Star_MidArena",,,,,,,,,,,,,,,,,,,,,,,,,,,
,"Arena_L6","202602_Seasonal_Chest_3Star_HighArena",,,,,,,,,,,,,,,,,,,,,,,,,,,
"202602_Seasonal_Chest_4Star","TrainingCamp","202602_Seasonal_Chest_4Star_LowArena",,,,,,,,,,,,,,,,,,,,,,,,,,,
,"Arena_Electric","202602_Seasonal_Chest_4Star_MidArena",,,,,,,,,,,,,,,,,,,,,,,,,,,
,"Arena_L6","202602_Seasonal_Chest_4Star_HighArena",,,,,,,,,,,,,,,,,,,,,,,,,,,
"202602_Seasonal_Chest_5Star","TrainingCamp","202602_Seasonal_Chest_5Star_LowArena",,,,,,,,,,,,,,,,,,,,,,,,,,,
,"Arena_Electric","202602_Seasonal_Chest_5Star_MidArena",,,,,,,,,,,,,,,,,,,,,,,,,,,
,"Arena_L6","202602_Seasonal_Chest_5Star_HighArena",,,,,,,,,,,,,,,,,,,,,,,,,,,
"AlbumSnippet_Unique","TrainingCamp","AlbumSnippetPool_Unique",,,,,,,,,,,,,,,,,,,,,,,,,,,
"AlbumSnippet_Random","TrainingCamp","AlbumSnippetPool_Random",,,,,,,,,,,,,,,,,,,,,,,,,,,
"202603_Cosmetic_Chest_5Star","TrainingCamp","202603_Cosmetic_Chest_5Star_AllArenas",20000,,,,,,,,,,,,,,,,,,,,,,,,,,
"v2_AlbumSnippet_Unique","TrainingCamp","v2_AlbumSnippetPool_Unique",,,,,,,,,,,,,,,,,,,,,,,,,,,
"v2_AlbumSnippet_Random","TrainingCamp","v2_AlbumSnippetPool_Random",,,,,,,,,,,,,,,,,,,,,,,,,,,
"RareChoiceChest","TrainingCamp",,,,,,,,,,,,,,,,,,,,,,,,,,,,
,"Arena1","ChoiceChest_CL1_2Star",,,,,,,,,,,,,,,,,,,,,,,,,,,
,"Arena2","ChoiceChest_CL2_2Star",,,,,,,,,,,,,,,,,,,,,,,,,,,
,"Arena3","ChoiceChest_CL3_2Star",,,,,,,,,,,,,,,,,,,,,,,,,,,
,"Arena4","ChoiceChest_CL4_2Star",,,,,,,,,,,,,,,,,,,,,,,,,,,
,"Arena5","ChoiceChest_CL5_2Star",,,,,,,,,,,,,,,,,,,,,,,,,,,
,"Arena6","ChoiceChest_CL6_2Star",,,,,,,,,,,,,,,,,,,,,,,,,,,
,"Arena7","ChoiceChest_CL7_2Star",,,,,,,,,,,,,,,,,,,,,,,,,,,
,"Arena8","ChoiceChest_CL8_2Star",,,,,,,,,,,,,,,,,,,,,,,,,,,
,"Arena9","ChoiceChest_CL9_2Star",,,,,,,,,,,,,,,,,,,,,,,,,,,
,"Arena_Electric","ChoiceChest_CL10_2Star",,,,,,,,,,,,,,,,,,,,,,,,,,,
,"Arena13","ChoiceChest_CL11_2Star",,,,,,,,,,,,,,,,,,,,,,,,,,,
,"Arena_L2","ChoiceChest_CL12_2Star",,,,,,,,,,,,,,,,,,,,,,,,,,,
,"Arena_L5","ChoiceChest_CL13_2Star",,,,,,,,,,,,,,,,,,,,,,,,,,,
,"Arena_L8","ChoiceChest_CL14_2Star",,,,,,,,,,,,,,,,,,,,,,,,,,,
,"Arena_L11","ChoiceChest_CL15_2Star",,,,,,,,,,,,,,,,,,,,,,,,,,,
,"Arena_L14","ChoiceChest_CL16_2Star",,,,,,,,,,,,,,,,,,,,,,,,,,,
"EpicChoiceChest","TrainingCamp",,,,,,,,,,,,,,,,,,,,,,,,,,,,
,"Arena1","ChoiceChest_CL1_3Star",,,,,,,,,,,,,,,,,,,,,,,,,,,
,"Arena2","ChoiceChest_CL2_3Star",,,,,,,,,,,,,,,,,,,,,,,,,,,
,"Arena3","ChoiceChest_CL3_3Star",,,,,,,,,,,,,,,,,,,,,,,,,,,
,"Arena4","ChoiceChest_CL4_3Star",,,,,,,,,,,,,,,,,,,,,,,,,,,
,"Arena5","ChoiceChest_CL5_3Star",,,,,,,,,,,,,,,,,,,,,,,,,,,
,"Arena6","ChoiceChest_CL6_3Star",,,,,,,,,,,,,,,,,,,,,,,,,,,
,"Arena7","ChoiceChest_CL7_3Star",,,,,,,,,,,,,,,,,,,,,,,,,,,
,"Arena8","ChoiceChest_CL8_3Star",,,,,,,,,,,,,,,,,,,,,,,,,,,
,"Arena9","ChoiceChest_CL9_3Star",,,,,,,,,,,,,,,,,,,,,,,,,,,
,"Arena_Electric","ChoiceChest_CL10_3Star",,,,,,,,,,,,,,,,,,,,,,,,,,,
,"Arena13","ChoiceChest_CL11_3Star",,,,,,,,,,,,,,,,,,,,,,,,,,,
,"Arena_L2","ChoiceChest_CL12_3Star",,,,,,,,,,,,,,,,,,,,,,,,,,,
,"Arena_L5","ChoiceChest_CL13_3Star",,,,,,,,,,,,,,,,,,,,,,,,,,,
,"Arena_L8","ChoiceChest_CL14_3Star",,,,,,,,,,,,,,,,,,,,,,,,,,,
,"Arena_L11","ChoiceChest_CL15_3Star",,,,,,,,,,,,,,,,,,,,,,,,,,,
,"Arena_L14","ChoiceChest_CL16_3Star",,,,,,,,,,,,,,,,,,,,,,,,,,,
"LegendaryChoiceChest","TrainingCamp",,,,,,,,,,,,,,,,,,,,,,,,,,,,
,"Arena1","ChoiceChest_CL1_4Star",,,,,,,,,,,,,,,,,,,,,,,,,,,
,"Arena2","ChoiceChest_CL2_4Star",,,,,,,,,,,,,,,,,,,,,,,,,,,
,"Arena3","ChoiceChest_CL3_4Star",,,,,,,,,,,,,,,,,,,,,,,,,,,
,"Arena4","ChoiceChest_CL4_4Star",,,,,,,,,,,,,,,,,,,,,,,,,,,
,"Arena5","ChoiceChest_CL5_4Star",,,,,,,,,,,,,,,,,,,,,,,,,,,
,"Arena6","ChoiceChest_CL6_4Star",,,,,,,,,,,,,,,,,,,,,,,,,,,
,"Arena7","ChoiceChest_CL7_4Star",,,,,,,,,,,,,,,,,,,,,,,,,,,
,"Arena8","ChoiceChest_CL8_4Star",,,,,,,,,,,,,,,,,,,,,,,,,,,
,"Arena9","ChoiceChest_CL9_4Star",,,,,,,,,,,,,,,,,,,,,,,,,,,
,"Arena_Electric","ChoiceChest_CL10_4Star",,,,,,,,,,,,,,,,,,,,,,,,,,,
,"Arena13","ChoiceChest_CL11_4Star",,,,,,,,,,,,,,,,,,,,,,,,,,,
,"Arena_L2","ChoiceChest_CL12_4Star",,,,,,,,,,,,,,,,,,,,,,,,,,,
,"Arena_L5","ChoiceChest_CL13_4Star",,,,,,,,,,,,,,,,,,,,,,,,,,,
,"Arena_L8","ChoiceChest_CL14_4Star",,,,,,,,,,,,,,,,,,,,,,,,,,,
,"Arena_L11","ChoiceChest_CL15_4Star",,,,,,,,,,,,,,,,,,,,,,,,,,,
,"Arena_L14","ChoiceChest_CL16_4Star",,,,,,,,,,,,,,,,,,,,,,,,,,,
"ChampionChoiceChest","TrainingCamp",,,,,,,,,,,,,,,,,,,,,,,,,,,,
,"Arena1","ChoiceChest_CL1_5Star",,,,,,,,,,,,,,,,,,,,,,,,,,,
,"Arena2","ChoiceChest_CL2_5Star",,,,,,,,,,,,,,,,,,,,,,,,,,,
,"Arena3","ChoiceChest_CL3_5Star",,,,,,,,,,,,,,,,,,,,,,,,,,,
,"Arena4","ChoiceChest_CL4_5Star",,,,,,,,,,,,,,,,,,,,,,,,,,,
,"Arena5","ChoiceChest_CL5_5Star",,,,,,,,,,,,,,,,,,,,,,,,,,,
,"Arena6","ChoiceChest_CL6_5Star",,,,,,,,,,,,,,,,,,,,,,,,,,,
,"Arena7","ChoiceChest_CL7_5Star",,,,,,,,,,,,,,,,,,,,,,,,,,,
,"Arena8","ChoiceChest_CL8_5Star",,,,,,,,,,,,,,,,,,,,,,,,,,,
,"Arena9","ChoiceChest_CL9_5Star",,,,,,,,,,,,,,,,,,,,,,,,,,,
,"Arena_Electric","ChoiceChest_CL10_5Star",,,,,,,,,,,,,,,,,,,,,,,,,,,
,"Arena13","ChoiceChest_CL11_5Star",,,,,,,,,,,,,,,,,,,,,,,,,,,
,"Arena_L2","ChoiceChest_CL12_5Star",,,,,,,,,,,,,,,,,,,,,,,,,,,
,"Arena_L5","ChoiceChest_CL13_5Star",,,,,,,,,,,,,,,,,,,,,,,,,,,
,"Arena_L8","ChoiceChest_CL14_5Star",,,,,,,,,,,,,,,,,,,,,,,,,,,
,"Arena_L11","ChoiceChest_CL15_5Star",,,,,,,,,,,,,,,,,,,,,,,,,,,
,"Arena_L14","ChoiceChest_CL16_5Star",,,,,,,,,,,,,,,,,,,,,,,,,,,
"v3_AlbumSnippet_Unique","TrainingCamp","v3_AlbumSnippetPool_Unique",,,,,,,,,,,,,,,,,,,,,,,,,,,
"v3_AlbumSnippet_Random_Week1","TrainingCamp","v3_AlbumSnippetPool_Random_Week1",,,,,,,,,,,,,,,,,,,,,,,,,,,
"v3_AlbumSnippet_Random_Week2","TrainingCamp","v3_AlbumSnippetPool_Random_Week2",,,,,,,,,,,,,,,,,,,,,,,,,,,
"v3_AlbumSnippet_Random_Week3","TrainingCamp","v3_AlbumSnippetPool_Random_Week3",,,,,,,,,,,,,,,,,,,,,,,,,,,
"v3_AlbumSnippet_Random_Week4","TrainingCamp","v3_AlbumSnippetPool_Random_Week4",,,,,,,,,,,,,,,,,,,,,,,,,,,
"v4_AlbumSnippet_Unique","TrainingCamp","v4_AlbumSnippetPool_Unique",,,,,,,,,,,,,,,,,,,,,,,,,,,
"v4_AlbumSnippet_Random_Week1","TrainingCamp","v4_AlbumSnippetPool_Random_Week1",,,,,,,,,,,,,,,,,,,,,,,,,,,
"v4_AlbumSnippet_Random_Week2","TrainingCamp","v4_AlbumSnippetPool_Random_Week2",,,,,,,,,,,,,,,,,,,,,,,,,,,
"v4_AlbumSnippet_Random_Week3","TrainingCamp","v4_AlbumSnippetPool_Random_Week3",,,,,,,,,,,,,,,,,,,,,,,,,,,
"v4_AlbumSnippet_Random_Week4","TrainingCamp","v4_AlbumSnippetPool_Random_Week4",,,,,,,,,,,,,,,,,,,,,,,,,,,
