"Name","SpellSet","PickCount"
"string","string","int"
"Pick1","Draft_RH_TankUnit",4
,"Draft_RH_AntiAir",4
,"Draft_RH_Distractions",4
,"Draft_RH_DirectDamage",4
,"Draft_RH_WinCons",6
,"Draft_RH_2ndSpell",2
,"Draft_RH_MiniTank",3
,"Draft_RH_AntiTank",3
,"Draft_RH_Champions",3
,"Draft_Buildings",3
"Pick2","Draft_TankUnit",4
,"Draft_AntiAir",4
,"Draft_DamageSpell",4
,"Draft_CheapDudes",6
,"Draft_Buildings",4
,"Draft_Aggressive",4
,"Draft_CoolStuff",4
,"Draft_MainAttack",6
"Pick3","Draft_PickMode_Tank",4
,"Draft_PickMode_AntiAir",4
,"Draft_PickMode_Distraction",4
,"Draft_PickMode_DamageSpell",4
,"Draft_PickMode_WinCondition",6
,"Draft_PickMode_SecondSpell",2
,"Draft_PickMode_MiniTank",3
,"Draft_PickMode_AntiTank",3
,"Draft_PickMode_Champion",3
,"Draft_PickMode_Building",3
"Pick_ChaosArena","Draft_ChaosArena_Tank",5
,"Draft_ChaosArena_AntiTank",5
,"Draft_ChaosArena_AntiAir",5
,"Draft_ChaosArena_WinCon",5
,"Draft_ChaosArena_Support",4
,"Draft_ChaosArena_Random",4
,"Draft_ChaosArena_Cycle",4
,"Draft_ChaosArena_Spell",4
"Pick_ChaosArena_S1","Draft_ChaosArena_S1_PickMode",36
"Pick_ChaosArena_S2","Draft_ChaosArena_S2_PickMode",36
"Pick_ChaosArena_All","Draft_ChaosArena_All_Random",36
"Pick_ChaosArena_S3","Draft_ChaosArena_S3_PickMode",36
