"Name","Spells","SpellLevel","CardForm","RandomSpellSets","SupportCards","SupportCardLevel","Description","TID","NemesisDeck","SupportAnySpellLevel"
"String","String","int","String","String","String","int","String","String","String","Boolean","String","int"
"BasicDeck1","Goblins",1,,,,,,,,,
"BasicDeck2","Goblins",1,,,,,,,,,
,"Knight",1,,,,,,,,,,
"BasicDeck3","Knight",1,,,,,,,,,
,"Goblins",1,,,,,,,,,,
,"Archer",1,,,,,,,,,,
"BasicDeck4","Knight",1,,,,,,,,,
,"Goblins",1,,,,,,,,,,
,"Minions",1,,,,,,,,,,
,"Archer",1,,,,,,,,,,
"BasicDeck5","Knight",1,,,,,,,,,
,"Goblins",1,,,,,,,,,,
,"Minions",1,,,,,,,,,,
,"Archer",1,,,,,,,,,,
,"SpearGoblins",1,,,,,,,,,,
"BasicDeck6","Knight",1,,,,,,,,,
,"Goblins",2,,,,,,,,,,
,"Minions",1,,,,,,,,,,
,"Archer",2,,,,,,,,,,
,"SpearGoblins",1,,,,,,,,,,
,"Arrows",1,,,,,,,,,,
"BasicDeck7","Knight",1,,,,,,,,,
,"Goblins",2,,,,,,,,,,
,"Minions",1,,,,,,,,,,
,"Archer",2,,,,,,,,,,
,"SpearGoblins",1,,,,,,,,,,
,"Arrows",1,,,,,,,,,,
,"Fireball",1,,,,,,,,,,
,"Giant",1,,,,,,,,,,
"BasicDeck8","Knight",2,,,,,,,,,
,"Archer",2,,,,,,,,,,
,"Goblins",2,,,,,,,,,,
,"SpearGoblins",2,,,,,,,,,,
,"Giant",1,,,,,,,,,,
,"GoblinHut",1,,,,,,,,,,
,"Fireball",2,,,,,,,,,,
,"Arrows",3,,,,,,,,,,
"BasicDeck9","Knight",2,,,,,,,,,
,"Archer",2,,,,,,,,,,
,"Goblins",2,,,,,,,,,,
,"SpearGoblins",3,,,,,,,,,,
,"Giant",1,,,,,,,,,,
,"GoblinHut",1,,,,,,,,,,
,"Arrows",3,,,,,,,,,,
,"Musketeer",1,,,,,,,,,,
"BasicDeck10","Knight",3,,,,,,,,,
,"Archer",3,,,,,,,,,,
,"Goblins",2,,,,,,,,,,
,"Skeletons",2,,,,,,,,,,
,"Bomber",3,,,,,,,,,,
,"SpearGoblins",3,,,,,,,,,,
,"Arrows",3,,,,,,,,,,
,"Fireball",1,,,,,,,,,,
"BasicDeck11","Valkyrie",1,,,,,,,,,
,"Archer",3,,,,,,,,,,
,"Tombstone",1,,,,,,,,,,
,"Skeletons",3,,,,,,,,,,
,"Bomber",3,,,,,,,,,,
,"Minions",3,,,,,,,,,,
,"Knight",3,,,,,,,,,,
,"Fireball",2,,,,,,,,,,
"BasicDeck12","Knight",3,,,,,,,,,
,"Archer",3,,,,,,,,,,
,"Goblins",3,,,,,,,,,,
,"Skeletons",4,,,,,,,,,,
,"Bomber",4,,,,,,,,,,
,"Minions",2,,,,,,,,,,
,"Tombstone",2,,,,,,,,,,
,"BattleRam",1,,,,,,,,,,
"BasicDeck13","Barbarians",3,,,,,,,,,
,"Archer",4,,,,,,,,,,
,"MegaMinion",2,,,,,,,,,,
,"Skeletons",4,,,,,,,,,,
,"Musketeer",1,,,,,,,,,,
,"Fireball",2,,,,,,,,,,
,"Cannon",1,,,,,,,,,,
,"Arrows",4,,,,,,,,,,
"BasicDeck14","Musketeer",2,,,,,,,,,
,"Bomber",4,,,,,,,,,,
,"SpearGoblins",2,,,,,,,,,,
,"Goblins",4,,,,,,,,,,
,"Giant",2,,,,,,,,,,
,"MiniPekka",2,,,,,,,,,,
,"Archer",4,,,,,,,,,,
,"Fireball",2,,,,,,,,,,
"BasicDeck15","Musketeer",2,,,,,,,,,
,"Bomber",5,,,,,,,,,,
,"MiniPekka",3,,,,,,,,,,
,"Goblins",4,,,,,,,,,,
,"Barbarians",5,,,,,,,,,,
,"BattleRam",3,,,,,,,,,,
,"Archer",4,,,,,,,,,,
,"Fireball",4,,,,,,,,,,
"BasicDeck16","Knight",5,,,,,,,,,
,"Archer",5,,,,,,,,,,
,"BombTower",2,,,,,,,,,,
,"Goblins",5,,,,,,,,,,
,"Fireball",3,,,,,,,,,,
,"Giant",2,,,,,,,,,,
,"Valkyrie",3,,,,,,,,,,
,"MiniPekka",3,,,,,,,,,,
"BasicDeck17","Giant",3,,,,,,,,,
,"InfernoTower",2,,,,,,,,,,
,"Cannon",6,,,,,,,,,,
,"Knight",5,,,,,,,,,,
,"SpearGoblins",6,,,,,,,,,,
,"Wizard",3,,,,,,,,,,
,"Archer",6,,,,,,,,,,
,"Fireball",3,,,,,,,,,,
"BasicDeck18","Valkyrie",3,,,,,,,,,
,"MiniPekka",3,,,,,,,,,,
,"Goblins",6,,,,,,,,,,
,"SpearGoblins",6,,,,,,,,,,
,"ElectroSpirit",6,,,,,,,,,,
,"Wizard",3,,,,,,,,,,
,"Archer",6,,,,,,,,,,
,"Arrows",6,,,,,,,,,,
"BasicDeck19","Musketeer",4,,,,,,,,,
,"Bats",6,,,,,,,,,,
,"Rocket",4,,,,,,,,,,
,"Goblins",6,,,,,,,,,,
,"Giant",4,,,,,,,,,,
,"Wizard",3,,,,,,,,,,
,"Archer",7,,,,,,,,,,
,"Arrows",6,,,,,,,,,,
"BasicDeck20","DartBarrell",4,,,,,,,,,
,"Tombstone",3,,,,,,,,,,
,"BombTower",4,,,,,,,,,,
,"Goblins",6,,,,,,,,,,
,"Giant",4,,,,,,,,,,
,"SpearGoblins",7,,,,,,,,,,
,"HogRider",5,,,,,,,,,,
,"Fireball",4,,,,,,,,,,
"BasicDeck21","Goblins",6,,,,,,,,,
,"SpearGoblins",7,,,,,,,,,,
,"MiniPekka",5,,,,,,,,,,
,"Skeletons",7,,,,,,,,,,
,"Knight",6,,,,,,,,,,
,"Musketeer",5,,,,,,,,,,
,"Rocket",4,,,,,,,,,,
,"Arrows",6,,,,,,,,,,
"BasicDeck22","Witch",2,,,,,,,,,
,"Wizard",4,,,,,,,,,,
,"Giant",4,,,,,,,,,,
,"Barbarians",7,,,,,,,,,,
,"Fireball",4,,,,,,,,,,
,"HogRider",4,,,,,,,,,,
,"GoblinBarrel",2,,,,,,,,,,
,"DartBarrell",5,,,,,,,,,,
"BasicDeck23","Zap",7,,,,,,,,,
,"HogRider",4,,,,,,,,,,
,"MiniPekka",4,,,,,,,,,,
,"SpearGoblins",7,,,,,,,,,,
,"Fireball",4,,,,,,,,,,
,"BabyDragon",2,,,,,,,,,,
,"SkeletonArmy",2,,,,,,,,,,
,"Skeletons",7,,,,,,,,,,
"BasicDeck24","Knight",7,,,,,,,,,
,"Goblins",7,,,,,,,,,,
,"Bomber",7,,,,,,,,,,
,"SpearGoblins",7,,,,,,,,,,
,"Arrows",7,,,,,,,,,,
,"HogRider",4,,,,,,,,,,
,"Witch",2,,,,,,,,,,
,"SkeletonWarriors",2,,,,,,,,,,
"BasicDeck25","Minions",7,,,,,,,,,
,"Bats",7,,,,,,,,,,
,"Pekka",2,,,,,,,,,,
,"BabyDragon",2,,,,,,,,,,
,"Arrows",7,,,,,,,,,,
,"Fireball",4,,,,,,,,,,
,"Zap",7,,,,,,,,,,
,"GoblinBarrel",2,,,,,,,,,,
"BasicDeck26","Giant",5,,,,,,,,,
,"HogRider",4,,,,,,,,,,
,"Balloon",2,,,,,,,,,,
,"SpearGoblins",7,,,,,,,,,,
,"Goblins",7,,,,,,,,,,
,"BabyDragon",2,,,,,,,,,,
,"Fireball",4,,,,,,,,,,
,"Arrows",7,,,,,,,,,,
"BasicDeck27","Balloon",2,,,,,,,,,
,"Prince",3,,,,,,,,,,
,"Musketeer",5,,,,,,,,,,
,"MiniPekka",4,,,,,,,,,,
,"Knight",7,,,,,,,,,,
,"Archer",7,,,,,,,,,,
,"SpearGoblins",7,,,,,,,,,,
,"SkeletonArmy",3,,,,,,,,,,
"BasicDeck28","Skeletons",8,,,,,,,,,
,"Goblins",7,,,,,,,,,,
,"SpearGoblins",8,,,,,,,,,,
,"Archer",7,,,,,,,,,,
,"Knight",8,,,,,,,,,,
,"Minions",7,,,,,,,,,,
,"Bomber",8,,,,,,,,,,
,"Zap",7,,,,,,,,,,
"BasicDeck29","HogRider",5,,,,,,,,,
,"Balloon",3,,,,,,,,,,
,"Giant",5,,,,,,,,,,
,"Goblins",8,,,,,,,,,,
,"Fireball",5,,,,,,,,,,
,"SpearGoblins",8,,,,,,,,,,
,"IceSpirits",8,,,,,,,,,,
,"Rocket",4,,,,,,,,,,
"BasicDeck30","Knight",8,,,,,,,,,
,"Goblins",8,,,,,,,,,,
,"Bomber",8,,,,,,,,,,
,"Lightning",3,,,,,,,,,,
,"Arrows",8,,,,,,,,,,
,"HogRider",5,,,,,,,,,,
,"GiantSkeleton",3,,,,,,,,,,
,"Prince",3,,,,,,,,,,
"BasicDeck31","Goblins",8,,,,,,,,,
,"SpearGoblins",8,,,,,,,,,,
,"Skeletons",8,,,,,,,,,,
,"BabyDragon",3,,,,,,,,,,
,"Giant",5,,,,,,,,,,
,"Witch",3,,,,,,,,,,
,"GoblinBarrel",2,,,,,,,,,,
,"Fireball",5,,,,,,,,,,
"BasicDeck32","Pekka",2,,,,,,,,,
,"SpearGoblins",8,,,,,,,,,,
,"SkeletonArmy",3,,,,,,,,,,
,"Goblins",8,,,,,,,,,,
,"GoblinBarrel",2,,,,,,,,,,
,"Minions",8,,,,,,,,,,
,"Arrows",8,,,,,,,,,,
,"BabyDragon",3,,,,,,,,,,
"BasicDeck33","Lightning",2,,,,,,,,,
,"MiniPekka",5,,,,,,,,,,
,"Barbarians",8,,,,,,,,,,
,"Wizard",5,,,,,,,,,,
,"Zap",8,,,,,,,,,,
,"BabyDragon",3,,,,,,,,,,
,"Pekka",2,,,,,,,,,,
,"Goblins",8,,,,,,,,,,
"BasicDeck34","IceSpirits",8,,,,,,,,,
,"IceGolemite",5,,,,,,,,,,
,"Freeze",3,,,,,,,,,,
,"Snowball",8,,,,,,,,,,
,"GoblinGiant",3,,,,,,,,,,
,"SpearGoblins",8,,,,,,,,,,
,"GoblinGang",8,,,,,,,,,,
,"GoblinHut",6,,,,,,,,,,
"BasicDeck35","SpearGoblins",8,,,,,,,,,
,"Archer",8,,,,,,,,,,
,"Poison",4,,,,,,,,,,
,"Arrows",8,,,,,,,,,,
,"Barbarians",8,,,,,,,,,,
,"Giant",6,,,,,,,,,,
,"HogRider",6,,,,,,,,,,
,"BarbarianHut",6,,,,,,,,,,
"BasicDeck36","GiantSkeleton",4,,,,,,,,,
,"AngryBarbarians",9,,,,,,,,,,
,"MiniSparkys",7,,,,,,,,,,
,"HogRider",7,,,,,,,,,,
,"SpearGoblins",9,,,,,,,,,,
,"Arrows",9,,,,,,,,,,
,"Fireball",8,,,,,,,,,,
,"Archer",9,,,,,,,,,,
"BasicDeck37","Golem",4,,,,,,,,,
,"Giant",7,,,,,,,,,,
,"Balloon",4,,,,,,,,,,
,"ThreeMusketeers",7,,,,,,,,,,
,"Wizard",8,,,,,,,,,,
,"FireSpirits",9,,,,,,,,,,
,"SkeletonWarriors",4,,,,,,,,,,
,"Valkyrie",8,,,,,,,,,,
"BasicDeck38","Prince",5,,,,,,,,,
,"Minions",10,,,,,,,,,,
,"Pekka",5,,,,,,,,,,
,"Goblins",10,,,,,,,,,,
,"Hunter",5,,,,,,,,,,
,"MiniPekka",8,,,,,,,,,,
,"Arrows",10,,,,,,,,,,
,"DarkPrince",5,,,,,,,,,,
"BasicDeck39","GoblinBarrel",6,,,,,,,,,
,"Golem",6,,,,,,,,,,
,"Hunter",5,,,,,,,,,,
,"SpearGoblins",11,,,,,,,,,,
,"IceGolemite",9,,,,,,,,,,
,"Rocket",9,,,,,,,,,,
,"HogRider",9,,,,,,,,,,
,"Archer",11,,,,,,,,,,
"BasicDeck40","Balloon",7,,,,,,,,,
,"SkeletonWarriors",6,,,,,,,,,,
,"Minions",11,,,,,,,,,,
,"Bomber",11,,,,,,,,,,
,"Goblins",11,,,,,,,,,,
,"SpearGoblins",11,,,,,,,,,,
,"Archer",10,,,,,,,,,,
,"Wizard",9,,,,,,,,,,
"BasicDeck41","RoyalGiant",11,,,,,,,,,
,"Arrows",11,,,,,,,,,,
,"Barbarians",11,,,,,,,,,,
,"Miner",3,,,,,,,,,,
,"FireSpirits",11,,,,,,,,,,
,"SpearGoblins",11,,,,,,,,,,
,"BabyDragon",6,,,,,,,,,,
,"IceSpirits",11,,,,,,,,,,
"BasicDeck42","AngryBarbarians",11,,,,,,,,,
,"Tesla",11,,,,,,,,,,
,"RamRider",3,,,,,,,,,,
,"Minions",12,,,,,,,,,,
,"BattleRam",10,,,,,,,,,,
,"BlowdartGoblin",10,,,,,,,,,,
,"GoblinGang",11,,,,,,,,,,
,"IceGolemite",9,,,,,,,,,,
"BasicDeck43","ElectroWizard",3,,,,,,,,,
,"MegaMinion",9,,,,,,,,,,
,"HogRider",10,,,,,,,,,,
,"Fireball",9,,,,,,,,,,
,"IceSpirits",11,,,,,,,,,,
,"InfernoDragon",3,,,,,,,,,,
,"Wizard",11,,,,,,,,,,
,"Goblins",12,,,,,,,,,,
"BasicDeck44","Rocket",10,,,,,,,,,
,"GoblinGang",11,,,,,,,,,,
,"IceSpirits",11,,,,,,,,,,
,"RoyalGiant",12,,,,,,,,,,
,"BattleRam",9,,,,,,,,,,
,"Archer",11,,,,,,,,,,
,"Balloon",6,,,,,,,,,,
,"Minions",12,,,,,,,,,,
"BasicDeck45","Firecracker",11,,,,,,,,,
,"Graveyard",3,,,,,,,,,,
,"Log",3,,,,,,,,,,
,"Princess",3,,,,,,,,,,
,"Wizard",10,,,,,,,,,,
,"Fireball",10,,,,,,,,,,
,"ZapMachine",3,,,,,,,,,,
,"IceGolemite",11,,,,,,,,,,
"BasicDeck46","Graveyard",3,,,,,,,,,
,"BlowdartGoblin",11,,,,,,,,,,
,"Knight",12,,,,,,,,,,
,"Musketeer",10,,,,,,,,,,
,"Archer",11,,,,,,,,,,
,"SpearGoblins",11,,,,,,,,,,
,"MegaMinion",10,,,,,,,,,,
,"Zap",12,,,,,,,,,,
"BasicDeck47","MinionHorde",12,,,,,,,,,
,"Hunter",6,,,,,,,,,,
,"BabyDragon",7,,,,,,,,,,
,"AngryBarbarians",11,,,,,,,,,,
,"ZapMachine",3,,,,,,,,,,
,"MegaKnight",3,,,,,,,,,,
,"DarkPrince",6,,,,,,,,,,
,"Ghost",3,,,,,,,,,,
"BasicDeck48","ElectroGiant",6,,,,,,,,,
,"DartBarrell",10,,,,,,,,,,
,"BabyDragon",7,,,,,,,,,,
,"InfernoDragon",3,,,,,,,,,,
,"Rage",7,,,,,,,,,,
,"Fireball",10,,,,,,,,,,
,"Tombstone",10,,,,,,,,,,
,"Rascals",12,,,,,,,,,,
"BasicDeck49","Rascals",13,,,,,,,,,
,"Assassin",3,,,,,,,,,,
,"EliteArcher",3,,,,,,,,,,
,"BlowdartGoblin",10,,,,,,,,,,
,"Bowler",7,,,,,,,,,,
,"Arrows",12,,,,,,,,,,
,"Wizard",11,,,,,,,,,,
,"Skeletons",12,,,,,,,,,,
"BasicDeck50","Tornado",7,,,,,,,,,
,"MegaKnight",3,,,,,,,,,,
,"Ghost",3,,,,,,,,,,
,"BattleRam",10,,,,,,,,,,
,"ZapMachine",3,,,,,,,,,,
,"AxeMan",7,,,,,,,,,,
,"BarbLog",7,,,,,,,,,,
,"MiniSparkys",10,,,,,,,,,,
"BasicDeck51","Poison",7,,,,,,,,,
,"Bats",12,,,,,,,,,,
,"Balloon",7,,,,,,,,,,
,"Rage",7,,,,,,,,,,
,"AxeMan",7,,,,,,,,,,
,"SpearGoblins",12,,,,,,,,,,
,"Witch",7,,,,,,,,,,
,"BabyDragon",7,,,,,,,,,,
"BasicDeck52","Princess",5,,,,,,,,,
,"Miner",5,,,,,,,,,,
,"IceWizard",5,,,,,,,,,,
,"InfernoDragon",5,,,,,,,,,,
,"RageBarbarian",5,,,,,,,,,,
,"LavaHound",5,,,,,,,,,,
,"ZapMachine",5,,,,,,,,,,
,"Log",5,,,,,,,,,,
"BasicDeck53","EliteArcher",5,,,,,,,,,
,"DarkWitch",5,,,,,,,,,,
,"Assassin",5,,,,,,,,,,
,"MegaKnight",5,,,,,,,,,,
,"Ghost",5,,,,,,,,,,
,"ElectroWizard",5,,,,,,,,,,
,"Graveyard",5,,,,,,,,,,
,"Log",5,,,,,,,,,,
"BasicDeck54","Giant",12,,,,,,,,,
,"Witch",9,,,,,,,,,,
,"SkeletonArmy",9,,,,,,,,,,
,"DarkPrince",9,,,,,,,,,,
,"InfernoDragon",6,,,,,,,,,,
,"Fireball",12,,,,,,,,,,
,"Arrows",14,,,,,,,,,,
,"Graveyard",6,,,,,,,,,,
"BasicDeck55","Knight",15,,,,,,,,,
,"BabyDragon",9,,,,,,,,,,
,"IceWizard",6,,,,,,,,,,
,"Tombstone",12,,,,,,,,,,
,"Poison",9,,,,,,,,,,
,"Graveyard",6,,,,,,,,,,
,"Tornado",9,,,,,,,,,,
,"BarbLog",9,,,,,,,,,,
"BasicDeck56","RoyalRecruits",15,,,,,,,,,
,"MiniSparkys",12,,,,,,,,,,
,"DartBarrell",12,,,,,,,,,,
,"RoyalHogs",12,,,,,,,,,,
,"WitchMother",6,,,,,,,,,,
,"GoblinCage",12,,,,,,,,,,
,"Fireball",12,,,,,,,,,,
,"BarbLog",9,,,,,,,,,,
"BasicDeck57","Barbarians",15,,,,,,,,,
,"Golem",10,,,,,,,,,,
,"RageBarbarian",6,,,,,,,,,,
,"ElectroDragon",9,,,,,,,,,,
,"SkeletonDragons",14,,,,,,,,,,
,"Elixir Collector",12,,,,,,,,,,
,"Tornado",9,,,,,,,,,,
,"BarbLog",9,,,,,,,,,,
"BasicDeck58","Firecracker",15,,,,,,,,,
,"Giant",13,,,,,,,,,,
,"Balloon",10,,,,,,,,,,
,"DarkPrince",10,,,,,,,,,,
,"ElectroWizard",7,,,,,,,,,,
,"DarkWitch",7,,,,,,,,,,
,"Fireball",13,,,,,,,,,,
,"Arrows",15,,,,,,,,,,
"BlindDeck1",,,,"SetRandomRangedSupport",,,,"TID_BLIND_DECK_RANDOM",,,
,,,,"SetRandomDirectDamageSpell",,,,,,,,
,,,,"SetRandomCheapUnit",,,,,,,,
,,,,"SetRandomAttackCard1",,,,,,,,
,,,,"SetRandomAttackCard2",,,,,,,,
,,,,"SetRandom2to3Any",,,,,,,,
,,,,"SetRandom3to4Unit",,,,,,,,
,,,,"SetRandom3to5Any",,,,,,,,
"BlindDeck2",,,,"Draft_AntiAir",,,,"TID_BLIND_DECK_RANDOM",,,
,,,,"Draft_DamageSpell",,,,,,,,
,,,,"Draft_CheapDudes",,,,,,,,
,,,,"Draft_Aggressive",,,,,,,,
,,,,"Draft_3costUnit",,,,,,,,
,,,,"Draft_4costUnit",,,,,,,,
,,,,"Draft_5costUnit",,,,,,,,
,,,,"SetRandomAll",,,,,,,,
"FixedDeck1","Fireball",1,,"SetFixedSpirit",,,,"TID_BLIND_DECK1",,,
,"Bowler",1,,"SetFixedSwarm",,,,,,,,
,"Xbow",1,,,,,,,,,,
,"Zap",1,,,,,,,,,,
,"Princess",1,,,,,,,,,,
,"MiniPekka",1,,,,,,,,,,
"FixedDeck2","HogRider",1,,"SetFixedMidSupport",,,,"TID_BLIND_DECK2",,,
,"Freeze",1,,"SetFixedBuildingDefense",,,,,,,,
,"IceWizard",1,,,,,,,,,,
,"Poison",1,,,,,,,,,,
,"Knight",1,,,,,,,,,,
,"SpearGoblins",1,,,,,,,,,,
"FixedDeck3","Archer",1,,"SetFixedTankUnit",,,,"TID_BLIND_DECK3",,,
,"Witch",1,,"SetFixedSpirit",,,,,,,,
,"Rage",1,,,,,,,,,,
,"Balloon",1,,,,,,,,,,
,"Minions",1,,,,,,,,,,
,"Zap",1,,,,,,,,,,
"FixedDeck4","Miner",1,,"SetFixedFlyingSupport",,,,"TID_BLIND_DECK4",,,
,"ThreeMusketeers",1,,"SetFixedSpirit",,,,,,,,
,"Knight",1,,,,,,,,,,
,"Zap",1,,,,,,,,,,
,"Elixir Collector",1,,,,,,,,,,
,"Mirror",1,,,,,,,,,,
"FixedDeck5","Golem",1,,"SetFixedSpirit",,,,"TID_BLIND_DECK5",,,
,"Log",1,,"SetFixedDamageSpellMid",,,,,,,,
,"Elixir Collector",1,,,,,,,,,,
,"Archer",1,,,,,,,,,,
,"Musketeer",1,,,,,,,,,,
,"MinionHorde",1,,,,,,,,,,
"FixedDeck6","RageBarbarian",1,,"SetFixedBuildingHut",,,,"TID_BLIND_DECK6",,,
,"DarkPrince",1,,"SetFixedCheapFlying",,,,,,,,
,"Lightning",1,,,,,,,,,,
,"SpearGoblins",1,,,,,,,,,,
,"Archer",1,,,,,,,,,,
,"SkeletonArmy",1,,,,,,,,,,
"MirrorDeck","Mirror",1,,"SetMirror_Aggro",,,,"TID_MIRROR_DECK",,,
,,,,"SetMirror_Aggro",,,,,,,,
,,,,"SetMirror_Counters",,,,,,,,
,,,,"SetMirror_Troops",,,,,,,,
,,,,"SetMirror_NonBuilding",,,,,,,,
,,,,"SetMirror_NonBuilding",,,,,,,,
,,,,"MirrorSet",,,,,,,,
"MirrorDeck2v2","Mirror",1,,"SetMirror_Aggro",,,,"TID_MIRROR_DECK",,,
,,,,"SetMirror_Aggro",,,,,,,,
,,,,"SetMirror_Counters",,,,,,,,
,,,,"SetMirror_Troops",,,,,,,,
,,,,"SetMirror_NonBuilding",,,,,,,,
,,,,"SetMirror_NonBuilding",,,,,,,,
,,,,"MirrorSet",,,,,,,,
"MirrorDeck_H","Mirror",1,,"SetMirror_Aggro_H",,,,"TID_MIRROR_DECK",,,
,,,,"SetMirror_Aggro_H",,,,,,,,
,,,,"SetMirror_Counters_H",,,,,,,,
,,,,"SetMirror_Troops_H",,,,,,,,
,,,,"SetMirror_NonBuilding_H",,,,,,,,
,,,,"SetMirror_NonBuilding_H",,,,,,,,
,,,,"SetMirror_H",,,,,,,,
"MirrorDeck2v2_H","Mirror",1,,"SetMirror_Aggro_H",,,,"TID_MIRROR_DECK",,,
,,,,"SetMirror_Aggro_H",,,,,,,,
,,,,"SetMirror_Counters_H",,,,,,,,
,,,,"SetMirror_Troops_H",,,,,,,,
,,,,"SetMirror_NonBuilding_H",,,,,,,,
,,,,"SetMirror_NonBuilding_H",,,,,,,,
,,,,"SetMirror_H",,,,,,,,
"KC_VitaminC","Valkyrie",1,,,,,,"TID_BLIND_DECK_KC_1",,,
,"IceSpirits",1,,,,,,,,,,
,"ThreeMusketeers",1,,,,,,,,,,
,"Arrows",1,,,,,,,,,,
,"Miner",1,,,,,,,,,,
,"IceGolemite",1,,,,,,,,,,
,"DarkWitch",1,,,,,,,,,,
,"MovingCannon",1,,,,,,,,,,
"KC_VivaLaSparky","Zap",1,,,,,,"TID_BLIND_DECK_KC_2",,,
,"GoblinBarrel",1,,,,,,,,,,
,"Rocket",1,,,,,,,,,,
,"Goblins",1,,,,,,,,,,
,"MegaMinion",1,,,,,,,,,,
,"IceGolemite",1,,,,,,,,,,
,"HogRider",1,,,,,,,,,,
,"ZapMachine",1,,,,,,,,,,
"KC_TowerTornados","Tombstone",1,,,,,,"TID_BLIND_DECK_KC_3",,,
,"HogRider",1,,,,,,,,,,
,"IceWizard",1,,,,,,,,,,
,"Skeletons",1,,,,,,,,,,
,"MegaMinion",1,,,,,,,,,,
,"Rocket",1,,,,,,,,,,
,"Tornado",1,,,,,,,,,,
,"Log",1,,,,,,,,,,
"KC_MetaMaulers","Zap",1,,,,,,"TID_BLIND_DECK_KC_4",,,
,"HogRider",1,,,,,,,,,,
,"MegaMinion",1,,,,,,,,,,
,"SkeletonWarriors",1,,,,,,,,,,
,"RageBarbarian",1,,,,,,,,,,
,"BabyDragon",1,,,,,,,,,,
,"MiniPekka",1,,,,,,,,,,
,"Fireball",1,,,,,,,,,,
"KC_MisplacedRockets","FirespiritHut",1,,,,,,"TID_BLIND_DECK_KC_5",,,
,"GoblinGang",1,,,,,,,,,,
,"Log",1,,,,,,,,,,
,"DartBarrell",1,,,,,,,,,,
,"GoblinBarrel",1,,,,,,,,,,
,"Rocket",1,,,,,,,,,,
,"Mirror",1,,,,,,,,,,
,"Bowler",1,,,,,,,,,,
"KC_SaltyGoblins","MovingCannon",1,,,,,,"TID_BLIND_DECK_KC_6",,,
,"Bats",1,,,,,,,,,,
,"Poison",1,,,,,,,,,,
,"SpearGoblins",1,,,,,,,,,,
,"Goblins",1,,,,,,,,,,
,"InfernoDragon",1,,,,,,,,,,
,"Zap",1,,,,,,,,,,
,"Miner",1,,,,,,,,,,
"KC_SparkyMasters","ZapMachine",1,,,,,,"TID_BLIND_DECK_KC_7",,,
,"Zap",1,,,,,,,,,,
,"GoblinGang",1,,,,,,,,,,
,"ElectroWizard",1,,,,,,,,,,
,"Pekka",1,,,,,,,,,,
,"Poison",1,,,,,,,,,,
,"Bats",1,,,,,,,,,,
,"Miner",1,,,,,,,,,,
"KC_TheUltraNytes","Poison",1,,,,,,"TID_BLIND_DECK_KC_8",,,
,"IceSpirits",1,,,,,,,,,,
,"BabyDragon",1,,,,,,,,,,
,"Zap",1,,,,,,,,,,
,"MegaKnight",1,,,,,,,,,,
,"DarkWitch",1,,,,,,,,,,
,"MegaMinion",1,,,,,,,,,,
,"Elixir Collector",1,,,,,,,,,,
"YTCHA_Trymacs","IceGolemite",1,,,,,,"TID_BLIND_DECK_YTCHA_1",,,
,"Bowler",1,,,,,,,,,,
,"BabyDragon",1,,,,,,,,,,
,"IceWizard",1,,,,,,,,,,
,"SkeletonWarriors",1,,,,,,,,,,
,"Graveyard",1,,,,,,,,,,
,"Tornado",1,,,,,,,,,,
,"Poison",1,,,,,,,,,,
"YTCHA_kiokio","Giant",1,,,,,,"TID_BLIND_DECK_YTCHA_2",,,
,"ZapMachine",1,,,,,,,,,,
,"Zap",1,,,,,,,,,,
,"IceWizard",1,,,,,,,,,,
,"SkeletonArmy",1,,,,,,,,,,
,"GoblinBarrel",1,,,,,,,,,,
,"Minions",1,,,,,,,,,,
,"MinionHorde",1,,,,,,,,,,
"YTCHA_Alvaro845","Tornado",1,,,,,,"TID_BLIND_DECK_YTCHA_3",,,
,"IceWizard",1,,,,,,,,,,
,"GiantSkeleton",1,,,,,,,,,,
,"Graveyard",1,,,,,,,,,,
,"GoblinHut",1,,,,,,,,,,
,"DarkPrince",1,,,,,,,,,,
,"Poison",1,,,,,,,,,,
,"MegaMinion",1,,,,,,,,,,
"YTCHA_ClashWithAsh","Elixir Collector",1,,,,,,"TID_BLIND_DECK_YTCHA_4",,,
,"ThreeMusketeers",1,,,,,,,,,,
,"IceGolemite",1,,,,,,,,,,
,"GoblinGang",1,,,,,,,,,,
,"MinionHorde",1,,,,,,,,,,
,"Miner",1,,,,,,,,,,
,"Zap",1,,,,,,,,,,
,"RageBarbarian",1,,,,,,,,,,
"YTCHA_Grax","InfernoTower",1,,,,,,"TID_BLIND_DECK_YTCHA_5",,,
,"Fireball",1,,,,,,,,,,
,"HogRider",1,,,,,,,,,,
,"Archer",1,,,,,,,,,,
,"Knight",1,,,,,,,,,,
,"Bats",1,,,,,,,,,,
,"Zap",1,,,,,,,,,,
,"IceSpirits",1,,,,,,,,,,
"YTCHA_Godspeed","Golem",1,,,,,,"TID_BLIND_DECK_YTCHA_6",,,
,"RageBarbarian",1,,,,,,,,,,
,"DarkWitch",1,,,,,,,,,,
,"Elixir Collector",1,,,,,,,,,,
,"Zap",1,,,,,,,,,,
,"SkeletonWarriors",1,,,,,,,,,,
,"MegaMinion",1,,,,,,,,,,
,"Poison",1,,,,,,,,,,
"YTCHA_Trapa","Miner",1,,,,,,"TID_BLIND_DECK_YTCHA_7",,,
,"LavaHound",1,,,,,,,,,,
,"FirespiritHut",1,,,,,,,,,,
,"Bats",1,,,,,,,,,,
,"BabyDragon",1,,,,,,,,,,
,"SkeletonBalloon",1,,,,,,,,,,
,"Minions",1,,,,,,,,,,
,"Zap",1,,,,,,,,,,
"YTCHA_JUNE","IceGolemite",1,,,,,,"TID_BLIND_DECK_YTCHA_8",,,
,"MegaMinion",1,,,,,,,,,,
,"Tornado",1,,,,,,,,,,
,"Poison",1,,,,,,,,,,
,"MovingCannon",1,,,,,,,,,,
,"IceWizard",1,,,,,,,,,,
,"Ghost",1,,,,,,,,,,
,"Graveyard",1,,,,,,,,,,
"YTCHA_Flakespower","Golem",1,,,,,,"TID_BLIND_DECK_YTCHA_9",,,
,"DarkWitch",1,,,,,,,,,,
,"RageBarbarian",1,,,,,,,,,,
,"GoblinHut",1,,,,,,,,,,
,"DartBarrell",1,,,,,,,,,,
,"Zap",1,,,,,,,,,,
,"Poison",1,,,,,,,,,,
,"MegaMinion",1,,,,,,,,,,
"YTCHA_Yarn","Zap",1,,,,,,"TID_BLIND_DECK_YTCHA_10",,,
,"MiniSparkys",1,,,,,,,,,,
,"SkeletonBalloon",1,,,,,,,,,,
,"GoblinHut",1,,,,,,,,,,
,"Miner",1,,,,,,,,,,
,"Ghost",1,,,,,,,,,,
,"InfernoDragon",1,,,,,,,,,,
,"MegaKnight",1,,,,,,,,,,
"CCGS_Berin","Skeletons",1,,,,,,"TID_BLIND_DECK_CCGS_1",,,
,"Prince",1,,,,,,,,,,
,"IceGolemite",1,,,,,,,,,,
,"HogRider",1,,,,,,,,,,
,"Tornado",1,,,,,,,,,,
,"AxeMan",1,,,,,,,,,,
,"Lightning",1,,,,,,,,,,
,"Log",1,,,,,,,,,,
"CCGS_ElecTr1fy","Knight",1,,,,,,"TID_BLIND_DECK_CCGS_2",,,
,"Goblins",1,,,,,,,,,,
,"Musketeer",1,,,,,,,,,,
,"HogRider",1,,,,,,,,,,
,"Tornado",1,,,,,,,,,,
,"Zap",1,,,,,,,,,,
,"Fireball",1,,,,,,,,,,
,"IceSpirits",1,,,,,,,,,,
"CCGS_Fuchi","HogRider",1,,,,,,"TID_BLIND_DECK_CCGS_3",,,
,"IceGolemite",1,,,,,,,,,,
,"IceSpirits",1,,,,,,,,,,
,"Zap",1,,,,,,,,,,
,"Fireball",1,,,,,,,,,,
,"InfernoDragon",1,,,,,,,,,,
,"SkeletonWarriors",1,,,,,,,,,,
,"Minions",1,,,,,,,,,,
"CCGS_AdrianPiedra","Poison",1,,,,,,"TID_BLIND_DECK_CCGS_4",,,
,"MegaMinion",1,,,,,,,,,,
,"ElectroWizard",1,,,,,,,,,,
,"IceSpirits",1,,,,,,,,,,
,"BattleRam",1,,,,,,,,,,
,"DarkPrince",1,,,,,,,,,,
,"Zap",1,,,,,,,,,,
,"Pekka",1,,,,,,,,,,
"CCGS_YaoYao","Minions",1,,,,,,"TID_BLIND_DECK_CCGS_5",,,
,"ElectroWizard",1,,,,,,,,,,
,"Poison",1,,,,,,,,,,
,"Zap",1,,,,,,,,,,
,"BattleRam",1,,,,,,,,,,
,"Pekka",1,,,,,,,,,,
,"DarkPrince",1,,,,,,,,,,
,"Assassin",1,,,,,,,,,,
"CCGS_Amaterasu","Golem",1,,,,,,"TID_BLIND_DECK_CCGS_6",,,
,"Zap",1,,,,,,,,,,
,"InfernoDragon",1,,,,,,,,,,
,"Tornado",1,,,,,,,,,,
,"DarkWitch",1,,,,,,,,,,
,"Fireball",1,,,,,,,,,,
,"BabyDragon",1,,,,,,,,,,
,"SkeletonWarriors",1,,,,,,,,,,
"CCGS_X-BowMaster","IceGolemite",1,,,,,,"TID_BLIND_DECK_CCGS_7",,,
,"Fireball",1,,,,,,,,,,
,"Archer",1,,,,,,,,,,
,"IceSpirits",1,,,,,,,,,,
,"Xbow",1,,,,,,,,,,
,"Log",1,,,,,,,,,,
,"MegaMinion",1,,,,,,,,,,
,"Tesla",1,,,,,,,,,,
"CCGS_Musicmaster","Elixir Collector",1,,,,,,"TID_BLIND_DECK_CCGS_8",,,
,"Tesla",1,,,,,,,,,,
,"Musketeer",1,,,,,,,,,,
,"Skeletons",1,,,,,,,,,,
,"IceSpirits",1,,,,,,,,,,
,"Log",1,,,,,,,,,,
,"IceGolemite",1,,,,,,,,,,
,"Xbow",1,,,,,,,,,,
"CCGS_Coltonw83","GoblinBarrel",1,,,,,,"TID_BLIND_DECK_CCGS_9",,,
,"Prince",1,,,,,,,,,,
,"Princess",1,,,,,,,,,,
,"IceSpirits",1,,,,,,,,,,
,"GoblinGang",1,,,,,,,,,,
,"Log",1,,,,,,,,,,
,"Tornado",1,,,,,,,,,,
,"EliteArcher",1,,,,,,,,,,
"CCGS_Loupanji","Giant",1,,,,,,"TID_BLIND_DECK_CCGS_10",,,
,"Poison",1,,,,,,,,,,
,"EliteArcher",1,,,,,,,,,,
,"IceSpirits",1,,,,,,,,,,
,"MegaMinion",1,,,,,,,,,,
,"Zap",1,,,,,,,,,,
,"Prince",1,,,,,,,,,,
,"Ghost",1,,,,,,,,,,
"CCGS_Sergioramos","DarkPrince",1,,,,,,"TID_BLIND_DECK_CCGS_11",,,
,"IceGolemite",1,,,,,,,,,,
,"Ghost",1,,,,,,,,,,
,"EliteArcher",1,,,,,,,,,,
,"Zap",1,,,,,,,,,,
,"InfernoDragon",1,,,,,,,,,,
,"BattleRam",1,,,,,,,,,,
,"Fireball",1,,,,,,,,,,
"Blind_Reddit_1","Balloon",1,,,,,,"TID_BLIND_DECK_REDDIT_1",,,
,"Miner",1,,,,,,,,,,
,"IceGolemite",1,,,,,,,,,,
,"InfernoDragon",1,,,,,,,,,,
,"Princess",1,,,,,,,,,,
,"SkeletonWarriors",1,,,,,,,,,,
,"Tornado",1,,,,,,,,,,
,"Zap",1,,,,,,,,,,
"Blind_Reddit_2","Assassin",1,,,,,,"TID_BLIND_DECK_REDDIT_2",,,
,"EliteArcher",1,,,,,,,,,,
,"Hunter",1,,,,,,,,,,
,"Bats",1,,,,,,,,,,
,"Tornado",1,,,,,,,,,,
,"Log",1,,,,,,,,,,
,"BattleRam",1,,,,,,,,,,
,"IceSpirits",1,,,,,,,,,,
"Blind_Reddit_3","Ghost",1,,,,,,"TID_BLIND_DECK_REDDIT_3",,,
,"BattleRam",1,,,,,,,,,,
,"Fireball",1,,,,,,,,,,
,"Zap",1,,,,,,,,,,
,"EliteArcher",1,,,,,,,,,,
,"DarkPrince",1,,,,,,,,,,
,"InfernoDragon",1,,,,,,,,,,
,"IceGolemite",1,,,,,,,,,,
"Blind_Reddit_4","Miner",1,,,,,,"TID_BLIND_DECK_REDDIT_4",,,
,"Poison",1,,,,,,,,,,
,"EliteArcher",1,,,,,,,,,,
,"Tesla",1,,,,,,,,,,
,"Log",1,,,,,,,,,,
,"Valkyrie",1,,,,,,,,,,
,"Zap",1,,,,,,,,,,
,"ElectroWizard",1,,,,,,,,,,
"Blind_Reddit_5","Balloon",1,,,,,,"TID_BLIND_DECK_REDDIT_5",,,
,"Miner",1,,,,,,,,,,
,"Poison",1,,,,,,,,,,
,"Zap",1,,,,,,,,,,
,"Pekka",1,,,,,,,,,,
,"ElectroWizard",1,,,,,,,,,,
,"IceSpirits",1,,,,,,,,,,
,"Assassin",1,,,,,,,,,,
"Blind_Reddit_6","EliteArcher",1,,,,,,"TID_BLIND_DECK_REDDIT_6",,,
,"Poison",1,,,,,,,,,,
,"Log",1,,,,,,,,,,
,"Miner",1,,,,,,,,,,
,"Assassin",1,,,,,,,,,,
,"IceGolemite",1,,,,,,,,,,
,"IceSpirits",1,,,,,,,,,,
,"InfernoTower",1,,,,,,,,,,
"Blind_Reddit_7","Giant",1,,,,,,"TID_BLIND_DECK_REDDIT_7",,,
,"DarkPrince",1,,,,,,,,,,
,"Prince",1,,,,,,,,,,
,"EliteArcher",1,,,,,,,,,,
,"Goblins",1,,,,,,,,,,
,"Archer",1,,,,,,,,,,
,"Fireball",1,,,,,,,,,,
,"Zap",1,,,,,,,,,,
"Blind_Reddit_8","BattleRam",1,,,,,,"TID_BLIND_DECK_REDDIT_8",,,
,"EliteArcher",1,,,,,,,,,,
,"Zap",1,,,,,,,,,,
,"IceGolemite",1,,,,,,,,,,
,"Hunter",1,,,,,,,,,,
,"Tornado",1,,,,,,,,,,
,"DarkPrince",1,,,,,,,,,,
,"MiniSparkys",1,,,,,,,,,,
"Blind_Goblin_1","BlowdartGoblin",1,,,,,,"TID_BLIND_DECK_GOBLIN_1",,,
,"IceSpirits",1,,,,,,,,,,
,"Balloon",1,,,,,,,,,,
,"Goblins",1,,,,,,,,,,
,"Ghost",1,,,,,,,,,,
,"GoblinGang",1,,,,,,,,,,
,"InfernoTower",1,,,,,,,,,,
,"Zap",1,,,,,,,,,,
"Blind_Goblin_2","GoblinGang",1,,,,,,"TID_BLIND_DECK_GOBLIN_2",,,
,"SpearGoblins",1,,,,,,,,,,
,"GoblinBarrel",1,,,,,,,,,,
,"Goblins",1,,,,,,,,,,
,"DarkPrince",1,,,,,,,,,,
,"Archer",1,,,,,,,,,,
,"Arrows",1,,,,,,,,,,
,"Tornado",1,,,,,,,,,,
"Blind_Goblin_3","Goblins",1,,,,,,"TID_BLIND_DECK_GOBLIN_3",,,
,"DarkPrince",1,,,,,,,,,,
,"RoyalGiant",1,,,,,,,,,,
,"Princess",1,,,,,,,,,,
,"BlowdartGoblin",1,,,,,,,,,,
,"GoblinGang",1,,,,,,,,,,
,"Fireball",1,,,,,,,,,,
,"Zap",1,,,,,,,,,,
"Blind_Goblin_4","SpearGoblins",1,,,,,,"TID_BLIND_DECK_GOBLIN_4",,,
,"Goblins",1,,,,,,,,,,
,"EliteArcher",1,,,,,,,,,,
,"Golem",1,,,,,,,,,,
,"AxeMan",1,,,,,,,,,,
,"GoblinHut",1,,,,,,,,,,
,"Zap",1,,,,,,,,,,
,"Fireball",1,,,,,,,,,,
"Blind_Goblin_5","BlowdartGoblin",1,,,,,,"TID_BLIND_DECK_GOBLIN_5",,,
,"Goblins",1,,,,,,,,,,
,"SkeletonBalloon",1,,,,,,,,,,
,"GoblinBarrel",1,,,,,,,,,,
,"GoblinGang",1,,,,,,,,,,
,"BarbLog",1,,,,,,,,,,
,"ElectroWizard",1,,,,,,,,,,
,"Knight",1,,,,,,,,,,
"Blind_Goblin_6","Goblins",1,,,,,,"TID_BLIND_DECK_GOBLIN_6",,,
,"ThreeMusketeers",1,,,,,,,,,,
,"Miner",1,,,,,,,,,,
,"GoblinBarrel",1,,,,,,,,,,
,"IceGolemite",1,,,,,,,,,,
,"GoblinGang",1,,,,,,,,,,
,"BlowdartGoblin",1,,,,,,,,,,
,"Zap",1,,,,,,,,,,
"Blind_Goblin_7","Giant",1,,,,,,"TID_BLIND_DECK_GOBLIN_7",,,
,"GoblinGang",1,,,,,,,,,,
,"BlowdartGoblin",1,,,,,,,,,,
,"GoblinHut",1,,,,,,,,,,
,"Bowler",1,,,,,,,,,,
,"Goblins",1,,,,,,,,,,
,"BarbLog",1,,,,,,,,,,
,"Zap",1,,,,,,,,,,
"Blind_Goblin_8","GoblinGang",1,,,,,,"TID_BLIND_DECK_GOBLIN_8",,,
,"Goblins",1,,,,,,,,,,
,"SpearGoblins",1,,,,,,,,,,
,"BlowdartGoblin",1,,,,,,,,,,
,"GoblinHut",1,,,,,,,,,,
,"GoblinBarrel",1,,,,,,,,,,
,"Miner",1,,,,,,,,,,
,"Arrows",1,,,,,,,,,,
"Blind_Classic_Giant","Giant",1,,,,,,"TID_CLASSIC1_GIANT",,,
,"BattleRam",1,,,,,,,,,,
,"MinionHorde",1,,,,,,,,,,
,"GoblinGang",1,,,,,,,,,,
,"ThreeMusketeers",1,,,,,,,,,,
,"Elixir Collector",1,,,,,,,,,,
,"Bats",1,,,,,,,,,,
,"Zap",1,,,,,,,,,,
"Blind_Classic_Golem","Golem",6,,,,,,"TID_CLASSIC2_GOLEM",,,
,"RageBarbarian",3,,,,,,,,,,
,"DarkWitch",3,,,,,,,,,,
,"BabyDragon",6,,,,,,,,,,
,"MegaMinion",9,,,,,,,,,,
,"Zap",11,,,,,,,,,,
,"Tornado",6,,,,,,,,,,
,"Lightning",6,,,,,,,,,,
"Blind_Classic_Pekka","Pekka",6,,,,,,"TID_CLASSIC3_PEKKA",,,
,"Minions",11,,,,,,,,,,
,"BattleRam",9,,,,,,,,,,
,"ElectroWizard",3,,,,,,,,,,
,"DarkPrince",6,,,,,,,,,,
,"Assassin",3,,,,,,,,,,
,"Zap",11,,,,,,,,,,
,"Poison",6,,,,,,,,,,
"Blind_Classic_LavaLoon","LavaHound",3,,,,,,"TID_CLASSIC4_LAVALOON",,,
,"Balloon",6,,,,,,,,,,
,"MegaMinion",9,,,,,,,,,,
,"Minions",11,,,,,,,,,,
,"Barbarians",11,,,,,,,,,,
,"Zap",11,,,,,,,,,,
,"Fireball",9,,,,,,,,,,
,"Tombstone",9,,,,,,,,,,
"Blind_Classic_LogBait","Princess",3,,,,,,"TID_CLASSIC5_SPELLBAIT",,,
,"GoblinGang",11,,,,,,,,,,
,"GoblinBarrel",6,,,,,,,,,,
,"Valkyrie",9,,,,,,,,,,
,"IceSpirits",11,,,,,,,,,,
,"Log",3,,,,,,,,,,
,"InfernoTower",9,,,,,,,,,,
,"Rocket",9,,,,,,,,,,
"Blind_Classic_RoyalGiant","RoyalGiant",1,,,,,,"TID_CLASSIC6_ROYALGIANT",,,
,"ElectroWizard",1,,,,,,,,,,
,"BabyDragon",1,,,,,,,,,,
,"MegaMinion",1,,,,,,,,,,
,"FirespiritHut",1,,,,,,,,,,
,"SkeletonWarriors",1,,,,,,,,,,
,"BarbLog",1,,,,,,,,,,
,"Lightning",1,,,,,,,,,,
"Blind_Classic_7","ThreeMusketeers",1,,,,,,"TID_CLASSIC7_THREEMUSKY",,,
,"MinionHorde",1,,,,,,,,,,
,"GoblinGang",1,,,,,,,,,,
,"Assassin",1,,,,,,,,,,
,"Valkyrie",1,,,,,,,,,,
,"Miner",1,,,,,,,,,,
,"BarbLog",1,,,,,,,,,,
,"Elixir Collector",1,,,,,,,,,,
"Blind_Classic_Xbow","Xbow",1,,,,,,"TID_CLASSIC8_XBOW",,,
,"IceGolemite",1,,,,,,,,,,
,"IceSpirits",1,,,,,,,,,,
,"Skeletons",1,,,,,,,,,,
,"Tesla",1,,,,,,,,,,
,"Archer",1,,,,,,,,,,
,"Log",1,,,,,,,,,,
,"Fireball",1,,,,,,,,,,
"Blind_Classic_Graveyard","Graveyard",1,,,,,,"TID_CLASSIC9_GRAVEYARD",,,
,"MovingCannon",1,,,,,,,,,,
,"IceWizard",1,,,,,,,,,,
,"BabyDragon",1,,,,,,,,,,
,"GoblinCage",1,,,,,,,,,,
,"BarbLog",1,,,,,,,,,,
,"Tornado",1,,,,,,,,,,
,"Poison",1,,,,,,,,,,
"Blind_Classic_GoblinGiant","GoblinGiant",6,,,,,,"TID_CLASSIC10_GOBGIANT",,,
,"GoblinCage",9,,,,,,,,,,
,"DarkPrince",6,,,,,,,,,,
,"ElectroWizard",3,,,,,,,,,,
,"ZapMachine",3,,,,,,,,,,
,"MegaMinion",9,,,,,,,,,,
,"Snowball",11,,,,,,,,,,
,"Lightning",6,,,,,,,,,,
"Blind_Classic_Mortar","Mortar",1,,,,,,"TID_CLASSIC11_MORTAR",,,
,"Miner",1,,,,,,,,,,
,"Log",1,,,,,,,,,,
,"Fireball",1,,,,,,,,,,
,"Rascals",1,,,,,,,,,,
,"MinionHorde",1,,,,,,,,,,
,"GoblinGang",1,,,,,,,,,,
,"SpearGoblins",1,,,,,,,,,,
"Blind_Classic_MegaKnight","MegaKnight",3,,,,,,"TID_CLASSIC12_MEGAKNIGHT",,,
,"InfernoDragon",3,,,,,,,,,,
,"GoblinGang",11,,,,,,,,,,
,"SpearGoblins",11,,,,,,,,,,
,"SkeletonBalloon",11,,,,,,,,,,
,"Miner",3,,,,,,,,,,
,"Bats",11,,,,,,,,,,
,"Snowball",11,,,,,,,,,,
"Blind_Classic_HogRider","HogRider",1,,,,,,"TID_CLASSIC13_HOGRIDER",,,
,"Valkyrie",1,,,,,,,,,,
,"IceSpirits",1,,,,,,,,,,
,"Goblins",1,,,,,,,,,,
,"AxeMan",1,,,,,,,,,,
,"Log",1,,,,,,,,,,
,"Tornado",1,,,,,,,,,,
,"Rocket",1,,,,,,,,,,
"Blind_Classic_RoyalHogs","RoyalHogs",9,,,,,,"TID_CLASSIC14_ROYALHOGS",,,
,"RoyalRecruits",11,,,,,,,,,,
,"DartBarrell",9,,,,,,,,,,
,"MiniSparkys",9,,,,,,,,,,
,"GoblinCage",9,,,,,,,,,,
,"WitchMother",3,,,,,,,,,,
,"BarbLog",6,,,,,,,,,,
,"Fireball",9,,,,,,,,,,
"MirrorDeck_CW","Mirror",1,,"MirrorCW_SmallWinCon",,,,"TID_MIRROR_DECK",,,"Royals",
,,,,"MirrorCW_BigWinCon",,,,,,,,
,,,,"MirrorCW_AntiAir",,,,,,,,
,,,,"MirrorCW_Brawler",,,,,,,,
,,,,"MirrorCW_CheapLeggy",,,,,,,,
,,,,"MirrorCW_Distractions",,,,,,,,
,,,,"MirrorCW_DirectDamage",,,,,,,,
"DeckAITest","Knight",9,,,,,,,,,
,"Archer",9,,,,,,,,,,
,"SkeletonArmy",4,,,,,,,,,,
,"Prince",4,,,,,,,,,,
,"Fireball",7,,,,,,,,,,
,"Goblins",9,,,,,,,,,,
,"GoblinBarrel",4,,,,,,,,,,
,"BabyDragon",4,,,,,,,,,,
"BAD_Player",,,,"BAD_WinCon",,,,,,,
,,,,"BAD_MiniTank",,,,,,,,
,,,,"BAD_AntiTank",,,,,,,,
,,,,"BAD_AntiAir",,,,,,,,
,,,,"BAD_AntiAir",,,,,,,,
,,,,"BAD_Distraction",,,,,,,,
,,,,"BAD_SmallSpell",,,,,,,,
,,,,"BAD_BigSpell",,,,,,,,
"CRLWorlds_Queso","Golem",1,,,,,,"TID_CRLBlind_Queso",,,
,"MegaMinion",1,,,,,,,,,,
,"RageBarbarian",1,,,,,,,,,,
,"DarkWitch",1,,,,,,,,,,
,"Elixir Collector",1,,,,,,,,,,
,"BabyDragon",1,,,,,,,,,,
,"Tornado",1,,,,,,,,,,
,"Lightning",1,,,,,,,,,,
"CRLWorlds_Nova","Prince",1,,,,,,"TID_CRLBlind_Nova",,,
,"Rascals",1,,,,,,,,,,
,"MegaMinion",1,,,,,,,,,,
,"Tombstone",1,,,,,,,,,,
,"Graveyard",1,,,,,,,,,,
,"BlowdartGoblin",1,,,,,,,,,,
,"BarbLog",1,,,,,,,,,,
,"Poison",1,,,,,,,,,,
"CRLWorlds_Ponos","MegaKnight",1,,,,,,"TID_CRLBlind_Ponos",,,
,"MegaMinion",1,,,,,,,,,,
,"Hunter",1,,,,,,,,,,
,"Balloon",1,,,,,,,,,,
,"Miner",1,,,,,,,,,,
,"IceGolemite",1,,,,,,,,,,
,"Skeletons",1,,,,,,,,,,
,"Zap",1,,,,,,,,,,
"CRLWorlds_Vivo","RoyalGiant",1,,,,,,"TID_CRLBlind_Vivo",,,
,"Log",1,,,,,,,,,,
,"Tornado",1,,,,,,,,,,
,"Fireball",1,,,,,,,,,,
,"IceWizard",1,,,,,,,,,,
,"BabyDragon",1,,,,,,,,,,
,"MiniPekka",1,,,,,,,,,,
,"Tombstone",1,,,,,,,,,,
"CRLWorlds_Immortals","ThreeMusketeers",1,,,,,,"TID_CRLBlind_Immortals",,,
,"ElectroDragon",1,,,,,,,,,,
,"BattleRam",1,,,,,,,,,,
,"RageBarbarian",1,,,,,,,,,,
,"BarbarianHut",1,,,,,,,,,,
,"BlowdartGoblin",1,,,,,,,,,,
,"BarbLog",1,,,,,,,,,,
,"Heal",1,,,,,,,,,,
"CRLWorlds_KZDX","Mortar",1,,,,,,"TID_CRLBlind_KZDX",,,
,"GoblinGang",1,,,,,,,,,,
,"SpearGoblins",1,,,,,,,,,,
,"BlowdartGoblin",1,,,,,,,,,,
,"Rascals",1,,,,,,,,,,
,"Miner",1,,,,,,,,,,
,"Bats",1,,,,,,,,,,
,"BarbLog",1,,,,,,,,,,
"ClassicKC1_YaoYao","Golem",1,,,,,,"TID_ClassicKC1_YaoYao",,,
,"MegaMinion",1,,,,,,,,,,
,"Minions",1,,,,,,,,,,
,"Musketeer",1,,,,,,,,,,
,"Log",1,,,,,,,,,,
,"Lightning",1,,,,,,,,,,
,"SkeletonArmy",1,,,,,,,,,,
,"Tombstone",1,,,,,,,,,,
"ClassicKC1_Colton","RoyalGiant",1,,,,,,"TID_ClassicKC1_Colton",,,
,"FirespiritHut",1,,,,,,,,,,
,"Log",1,,,,,,,,,,
,"Lightning",1,,,,,,,,,,
,"MegaMinion",1,,,,,,,,,,
,"SkeletonWarriors",1,,,,,,,,,,
,"Archer",1,,,,,,,,,,
,"IceSpirits",1,,,,,,,,,,
"ClassicKC1_ChiefPat","LavaHound",1,,,,,,"TID_ClassicKC1_ChiefPat",,,
,"Minions",1,,,,,,,,,,
,"MegaMinion",1,,,,,,,,,,
,"Archer",1,,,,,,,,,,
,"Miner",1,,,,,,,,,,
,"Tombstone",1,,,,,,,,,,
,"Arrows",1,,,,,,,,,,
,"Lightning",1,,,,,,,,,,
"ClassicKC1_TopNotch","Xbow",1,,,,,,"TID_ClassicKC1_TopNotch",,,
,"IceGolemite",1,,,,,,,,,,
,"MegaMinion",1,,,,,,,,,,
,"Minions",1,,,,,,,,,,
,"InfernoTower",1,,,,,,,,,,
,"IceSpirits",1,,,,,,,,,,
,"Log",1,,,,,,,,,,
,"Fireball",1,,,,,,,,,,
"ClassicHKI_Jason","Giant",1,,,,,,"TID_ClassicHKI_Jason",,,
,"HogRider",1,,,,,,,,,,
,"Barbarians",1,,,,,,,,,,
,"MinionHorde",1,,,,,,,,,,
,"Archer",1,,,,,,,,,,
,"SpearGoblins",1,,,,,,,,,,
,"Arrows",1,,,,,,,,,,
,"Elixir Collector",1,,,,,,,,,,
"ClassicHKI_Steroidi","Mortar",1,,,,,,"TID_ClassicHKI_Steroidi",,,
,"IceWizard",1,,,,,,,,,,
,"Tesla",1,,,,,,,,,,
,"InfernoTower",1,,,,,,,,,,
,"MinionHorde",1,,,,,,,,,,
,"Zap",1,,,,,,,,,,
,"Skeletons",1,,,,,,,,,,
,"Elixir Collector",1,,,,,,,,,,
"ClassicHKI_Naazime","HogRider",1,,,,,,"TID_ClassicHKI_Naazime",,,
,"Valkyrie",1,,,,,,,,,,
,"IceWizard",1,,,,,,,,,,
,"MinionHorde",1,,,,,,,,,,
,"InfernoTower",1,,,,,,,,,,
,"Goblins",1,,,,,,,,,,
,"Poison",1,,,,,,,,,,
,"Freeze",1,,,,,,,,,,
"ClassicHKI_Elfe","HogRider",1,,,,,,"TID_ClassicHKI_Elfe",,,
,"Barbarians",1,,,,,,,,,,
,"InfernoTower",1,,,,,,,,,,
,"Cannon",1,,,,,,,,,,
,"Goblins",1,,,,,,,,,,
,"SpearGoblins",1,,,,,,,,,,
,"Zap",1,,,,,,,,,,
,"Fireball",1,,,,,,,,,,
"ClassicHKI_ClashWithAsh","RoyalGiant",1,,,,,,"TID_ClassicHKI_ClashWithAsh",,,
,"BarbarianHut",1,,,,,,,,,,
,"GoblinHut",1,,,,,,,,,,
,"Archer",1,,,,,,,,,,
,"Goblins",1,,,,,,,,,,
,"Minions",1,,,,,,,,,,
,"Arrows",1,,,,,,,,,,
,"Poison",1,,,,,,,,,,
"FloodHounds_1","LavaHound",1,,,,,,"TID_Blind_FloodHound1",,,
,"BabyDragon",1,,,,,,,,,,
,"ElectroDragon",1,,,,,,,,,,
,"InfernoDragon",1,,,,,,,,,,
,"MegaMinion",1,,,,,,,,,,
,"Bats",1,,,,,,,,,,
,"Zap",1,,,,,,,,,,
,"Fireball",1,,,,,,,,,,
"FloodHounds_2","LavaHound",1,,,,,,"TID_Blind_FloodHound2",,,
,"InfernoDragon",1,,,,,,,,,,
,"MinionHorde",1,,,,,,,,,,
,"Minions",1,,,,,,,,,,
,"Bats",1,,,,,,,,,,
,"DartBarrell",1,,,,,,,,,,
,"Arrows",1,,,,,,,,,,
,"Poison",1,,,,,,,,,,
"FloodHounds_3","LavaHound",1,,,,,,"TID_Blind_FloodHound3",,,
,"Minions",1,,,,,,,,,,
,"DartBarrell",1,,,,,,,,,,
,"MinionHorde",1,,,,,,,,,,
,"ElectroDragon",1,,,,,,,,,,
,"Snowball",1,,,,,,,,,,
,"Clone",1,,,,,,,,,,
,"Lightning",1,,,,,,,,,,
"FloodHounds_4","LavaHound",1,,,,,,"TID_Blind_FloodHound4",,,
,"Balloon",1,,,,,,,,,,
,"Minions",1,,,,,,,,,,
,"MegaMinion",1,,,,,,,,,,
,"Bats",1,,,,,,,,,,
,"Zap",1,,,,,,,,,,
,"Arrows",1,,,,,,,,,,
,"Rocket",1,,,,,,,,,,
"Blind_Classic_HogQuake","HogRider",1,,,,,,"TID_CLASSIC_HOGQUAKE",,,
,"Valkyrie",1,,,,,,,,,,
,"Archer",1,,,,,,,,,,
,"Skeletons",1,,,,,,,,,,
,"InfernoTower",1,,,,,,,,,,
,"BarbLog",1,,,,,,,,,,
,"Snowball",1,,,,,,,,,,
,"Earthquake",1,,,,,,,,,,
"Blind_Classic_RamRush","RamRider",1,,,,,,"TID_CLASSIC_RAMRUSH",,,
,"Assassin",1,,,,,,,,,,
,"RageBarbarian",1,,,,,,,,,,
,"Musketeer",1,,,,,,,,,,
,"Snowball",1,,,,,,,,,,
,"BarbLog",1,,,,,,,,,,
,"IceGolemite",1,,,,,,,,,,
,"Minions",1,,,,,,,,,,
"Blind_Classic_GiantPrince","Giant",1,,,,,,"TID_CLASSIC_GIANTPRINCE",,,
,"Log",1,,,,,,,,,,
,"Zap",1,,,,,,,,,,
,"Fireball",1,,,,,,,,,,
,"Prince",1,,,,,,,,,,
,"ElectroDragon",1,,,,,,,,,,
,"MegaMinion",1,,,,,,,,,,
,"Miner",1,,,,,,,,,,
"Blind_Classic_Balloon","Balloon",1,,,,,,"TID_CLASSIC_BALLOONCYCLE",,,
,"IceGolemite",1,,,,,,,,,,
,"IceSpirits",1,,,,,,,,,,
,"Snowball",1,,,,,,,,,,
,"RageBarbarian",1,,,,,,,,,,
,"Musketeer",1,,,,,,,,,,
,"Bats",1,,,,,,,,,,
,"BarbLog",1,,,,,,,,,,
"Blind_Classic_LavaClone","LavaHound",1,,,,,,"TID_CLASSIC_LAVACLONE",,,
,"BabyDragon",1,,,,,,,,,,
,"DartBarrell",1,,,,,,,,,,
,"Bats",1,,,,,,,,,,
,"Clone",1,,,,,,,,,,
,"RageBarbarian",1,,,,,,,,,,
,"SkeletonArmy",1,,,,,,,,,,
,"Zap",1,,,,,,,,,,
"LegendaryParty_1","MegaKnight",1,,,,,,"TID_BLIND_LEGENDARYPARTY1",,,
,"RamRider",1,,,,,,,,,,
,"DarkWitch",1,,,,,,,,,,
,"Ghost",1,,,,,,,,,,
,"Assassin",1,,,,,,,,,,
,"IceWizard",1,,,,,,,,,,
,"Zap",1,,,,,,,,,,
,"Lightning",1,,,,,,,,,,
"LegendaryParty_2","LavaHound",1,,,,,,"TID_BLIND_LEGENDARYPARTY2",,,
,"Graveyard",1,,,,,,,,,,
,"ElectroWizard",1,,,,,,,,,,
,"Miner",1,,,,,,,,,,
,"RageBarbarian",1,,,,,,,,,,
,"EliteArcher",1,,,,,,,,,,
,"Log",1,,,,,,,,,,
,"Rocket",1,,,,,,,,,,
"LegendaryParty_3","RageBarbarian",1,,,,,,"TID_BLIND_LEGENDARYPARTY3",,,
,"Fisherman",1,,,,,,,,,,
,"Princess",1,,,,,,,,,,
,"ZapMachine",1,,,,,,,,,,
,"InfernoDragon",1,,,,,,,,,,
,"IceWizard",1,,,,,,,,,,
,"BarbLog",1,,,,,,,,,,
,"Fireball",1,,,,,,,,,,
"Blind_Classic_PrinceBait","Prince",1,,,,,,"TID_CLASSIC_PRINCEBAIT",,,
,"GoblinGang",1,,,,,,,,,,
,"GoblinBarrel",1,,,,,,,,,,
,"BlowdartGoblin",1,,,,,,,,,,
,"Rascals",1,,,,,,,,,,
,"Princess",1,,,,,,,,,,
,"Log",1,,,,,,,,,,
,"Rocket",1,,,,,,,,,,
"Blind_Classic_GSkellyLoon","GiantSkeleton",1,,,,,,"TID_CLASSIC_GSKELLYLOON",,,
,"Balloon",1,,,,,,,,,,
,"Bats",1,,,,,,,,,,
,"Skeletons",1,,,,,,,,,,
,"Miner",1,,,,,,,,,,
,"Fisherman",1,,,,,,,,,,
,"Hunter",1,,,,,,,,,,
,"Snowball",1,,,,,,,,,,
"Blind_LuckyLadies1","Giant",1,,,,,,"TID_BLINDDECK_LUCKYLADIES1",,,
,"Log",1,,,,,,,,,,
,"Zap",1,,,,,,,,,,
,"Fireball",1,,,,,,,,,,
,"Witch",1,,,,,,,,,,
,"Musketeer",1,,,,,,,,,,
,"MegaMinion",1,,,,,,,,,,
,"Miner",1,,,,,,,,,,
"Blind_LuckyLadies2","Pekka",1,,,,,,"TID_BLINDDECK_LUCKYLADIES2",,,
,"Minions",1,,,,,,,,,,
,"Firecracker",1,,,,,,,,,,
,"ElectroWizard",1,,,,,,,,,,
,"RamRider",1,,,,,,,,,,
,"Assassin",1,,,,,,,,,,
,"Arrows",1,,,,,,,,,,
,"Poison",1,,,,,,,,,,
"Blind_LuckyLadies3","Princess",1,,,,,,"TID_BLINDDECK_LUCKYLADIES3",,,
,"GoblinGang",1,,,,,,,,,,
,"GoblinBarrel",1,,,,,,,,,,
,"Firecracker",1,,,,,,,,,,
,"Rascals",1,,,,,,,,,,
,"Prince",1,,,,,,,,,,
,"BarbLog",1,,,,,,,,,,
,"Rocket",1,,,,,,,,,,
"Blind_LuckyLadies4","ThreeMusketeers",1,,,,,,"TID_BLINDDECK_LUCKYLADIES4",,,
,"MinionHorde",1,,,,,,,,,,
,"GoblinGang",1,,,,,,,,,,
,"Assassin",1,,,,,,,,,,
,"Valkyrie",1,,,,,,,,,,
,"Miner",1,,,,,,,,,,
,"Snowball",1,,,,,,,,,,
,"BarbLog",1,,,,,,,,,,
,"Lightning",4,,,,,,,,,,
"Fantasy_2020_PONOS","Wallbreakers",1,,,,,,"TID_FANTASY_2020_PONOS",,,
,"Skeletons",1,,,,,,,,,,
,"Bats",1,,,,,,,,,,
,"Log",1,,,,,,,,,,
,"Miner",1,,,,,,,,,,
,"IceGolemite",1,,,,,,,,,,
,"IceSpirits",1,,,,,,,,,,
,"BlowdartGoblin",1,,,,,,,,,,
"Fantasy_2020_NOVA","BarbLog",1,,,,,,"TID_FANTASY_2020_NOVA",,,
,"AngryBarbarians",1,,,,,,,,,,
,"Hunter",1,,,,,,,,,,
,"Heal",1,,,,,,,,,,
,"Ghost",1,,,,,,,,,,
,"EliteArcher",1,,,,,,,,,,
,"Assassin",1,,,,,,,,,,
,"MovingCannon",1,,,,,,,,,,
"Fantasy_2020_EDGM","BabyDragon",1,,,,,,"TID_FANTASY_2020_EDGM",,,
,"BombTower",1,,,,,,,,,,
,"IceWizard",1,,,,,,,,,,
,"Poison",1,,,,,,,,,,
,"BarbLog",1,,,,,,,,,,
,"Graveyard",1,,,,,,,,,,
,"Knight",1,,,,,,,,,,
,"Tornado",1,,,,,,,,,,
"Fantasy_2020_FAV","IceGolemite",1,,,,,,"TID_FANTASY_2020_FAV",,,
,"Musketeer",1,,,,,,,,,,
,"IceSpirits",1,,,,,,,,,,
,"Fireball",1,,,,,,,,,,
,"HogRider",1,,,,,,,,,,
,"Cannon",1,,,,,,,,,,
,"Skeletons",1,,,,,,,,,,
,"Log",1,,,,,,,,,,
"Fantasy_2020_SK","BarbLog",1,,,,,,"TID_FANTASY_2020_SK",,,
,"MovingCannon",1,,,,,,,,,,
,"Ghost",1,,,,,,,,,,
,"Assassin",1,,,,,,,,,,
,"Heal",1,,,,,,,,,,
,"BattleRam",1,,,,,,,,,,
,"ElectroWizard",1,,,,,,,,,,
,"EliteArcher",1,,,,,,,,,,
"Fantasy_2020_Queso","Graveyard",1,,,,,,"TID_FANTASY_2020_QUESO",,,
,"BarbLog",1,,,,,,,,,,
,"BabyDragon",1,,,,,,,,,,
,"MegaMinion",1,,,,,,,,,,
,"BarbarianHut",1,,,,,,,,,,
,"Poison",1,,,,,,,,,,
,"Knight",1,,,,,,,,,,
,"ElectroWizard",1,,,,,,,,,,
"Fantasy_2020_Pain","Fisherman",1,,,,,,"TID_FANTASY_2020_PAIN",,,
,"Hunter",1,,,,,,,,,,
,"Snowball",1,,,,,,,,,,
,"GoblinCage",1,,,,,,,,,,
,"Graveyard",1,,,,,,,,,,
,"MegaKnight",1,,,,,,,,,,
,"Poison",1,,,,,,,,,,
,"ElectroWizard",1,,,,,,,,,,
"Fantasy_2020_Tribe","BarbLog",1,,,,,,"TID_FANTASY_2020_TRIBE",,,
,"Lightning",1,,,,,,,,,,
,"BabyDragon",1,,,,,,,,,,
,"GoblinCage",1,,,,,,,,,,
,"RoyalGiant",1,,,,,,,,,,
,"ElectroWizard",1,,,,,,,,,,
,"Fisherman",1,,,,,,,,,,
,"Heal",1,,,,,,,,,,
"Blind_Classic_RGFishHunter","RoyalGiant",11,,,,,,"TID_CLASSIC15_RG_FISHERMAN_HUNTER",,,
,"Fisherman",3,,,,,,,,,,
,"Hunter",6,,,,,,,,,,
,"Heal",9,,,,,,,,,,
,"SkeletonDragons",11,,,,,,,,,,
,"Log",3,,,,,,,,,,
,"Fireball",9,,,,,,,,,,
,"Skeletons",11,,,,,,,,,,
"Blind_Classic_EgiantDrill","ElectroGiant",6,,,,,,"TID_CLASSIC16_EGIANT_DRILL",,,
,"GoblinDrill",6,,,,,,,,,,
,"DarkPrince",6,,,,,,,,,,
,"Bomber",11,,,,,,,,,,
,"Lightning",6,,,,,,,,,,
,"Tornado",6,,,,,,,,,,
,"WitchMother",3,,,,,,,,,,
,"InfernoDragon",3,,,,,,,,,,
"TutorialDeck7","Giant",1,,,,,,,,,
,"Goblins",1,,,,,,,,,,
,"Archer",1,,,,,,,,,,
,"Knight",1,,,,,,,,,,
"Trainer_Cheddar_EasterEgg_Deck","EliteArcher",10,,,,,,,,"TRUE",
,"DarkWitch",10,,,,,,,,,,
,"Assassin",10,,,,,,,,,,
,"MegaKnight",10,,,,,,,,,,
,"Ghost",10,,,,,,,,,,
,"ElectroWizard",10,,,,,,,,,,
,"Graveyard",10,,,,,,,,,,
,"Log",10,,,,,,,,,,
"Blind_Classic_Champ_AQ_WB","Wallbreakers",1,,,,,,"TID_CLASSIC_CHAMP_AQ_WB",,,
,"MegaKnight",1,,,,,,,,,,
,"Miner",1,,,,,,,,,,
,"Prince",1,,,,,,,,,,
,"ArcherQueen",1,,,,,,,,,,
,"Assassin",1,,,,,,,,,,
,"Arrows",1,,,,,,,,,,
,"Bats",1,,,,,,,,,,
"Blind_Classic_Champ_AQ_EBARBS","BattleRam",1,,,,,,"TID_CLASSIC_CHAMP_AQ_EBARB",,,
,"ArcherQueen",1,,,,,,,,,,
,"AngryBarbarians",1,,,,,,,,,,
,"EliteArcher",1,,,,,,,,,,
,"Ghost",1,,,,,,,,,,
,"Assassin",1,,,,,,,,,,
,"Heal",1,,,,,,,,,,
,"Rage",1,,,,,,,,,,
"Blind_Classic_Champ_GK_NADO","ElectroGiant",1,,,,,,"TID_CLASSIC_CHAMP_GK_NADO",,,
,"Phoenix",1,,,,,,,,,,
,"GoldenKnight",1,,,,,,,,,,
,"Lightning",1,,,,,,,,,,
,"Bomber",1,,,,,,,,,,
,"Tornado",1,,,,,,,,,,
,"BarbLog",1,,,,,,,,,,
,"Cannon",1,,,,,,,,,,
"Blind_Classic_Champ_GK_3M","ThreeMusketeers",1,,,,,,"TID_CLASSIC_CHAMP_GK_3M",,,
,"AngryBarbarians",1,,,,,,,,,,
,"GoldenKnight",1,,,,,,,,,,
,"Ghost",1,,,,,,,,,,
,"Assassin",1,,,,,,,,,,
,"BarbLog",1,,,,,,,,,,
,"Heal",1,,,,,,,,,,
,"Elixir Collector",1,,,,,,,,,,
"Blind_Classic_Champ_SK_GY","Graveyard",1,,,,,,"TID_CLASSIC_CHAMP_SK_GY",,,
,"SkeletonKing",1,,,,,,,,,,
,"Phoenix",1,,,,,,,,,,
,"Earthquake",1,,,,,,,,,,
,"IceWizard",1,,,,,,,,,,
,"Tornado",1,,,,,,,,,,
,"BarbLog",1,,,,,,,,,,
,"Tombstone",1,,,,,,,,,,
"Blind_Classic_Champ_SK_LH","LavaHound",1,,,,,,"TID_CLASSIC_CHAMP_SK_LH",,,
,"SkeletonKing",1,,,,,,,,,,
,"Miner",1,,,,,,,,,,
,"Phoenix",1,,,,,,,,,,
,"DartBarrell",1,,,,,,,,,,
,"SkeletonDragons",1,,,,,,,,,,
,"Arrows",1,,,,,,,,,,
,"Tombstone",1,,,,,,,,,,
"Blind_Classic_Champ_MM_HOG","HogRider",1,,,,,,"TID_CLASSIC_CHAMP_MM_HOG",,,
,"Mortar",1,,,,,,,,,,
,"MightyMiner",1,,,,,,,,,,
,"Musketeer",1,,,,,,,,,,
,"Earthquake",1,,,,,,,,,,
,"Goblins",1,,,,,,,,,,
,"IceSpirits",1,,,,,,,,,,
,"Log",1,,,,,,,,,,
"Blind_Classic_Champ_MM_GY","Graveyard",1,,,,,,"TID_CLASSIC_CHAMP_MM_GY",,,
,"MightyMiner",1,,,,,,,,,,
,"MegaMinion",1,,,,,,,,,,
,"Rascals",1,,,,,,,,,,
,"GoblinHut",1,,,,,,,,,,
,"Arrows",1,,,,,,,,,,
,"Freeze",1,,,,,,,,,,
,"BarbLog",1,,,,,,,,,,
"Blind_Classic_Champ_MONK_GG","GoblinGiant",1,,,,,,"TID_CLASSIC_CHAMP_MONK_GG",,,
,"ZapMachine",1,,,,,,,,,,
,"Monk",1,,,,,,,,,,
,"Phoenix",1,,,,,,,,,,
,"MiniPekka",1,,,,,,,,,,
,"Ghost",1,,,,,,,,,,
,"Zap",1,,,,,,,,,,
,"Rage",1,,,,,,,,,,
"Blind_Classic_Champ_MONK_EDRAG","ElixirGolem",1,,,,,,"TID_CLASSIC_CHAMP_MONK_EGOLEM",,,
,"Monk",1,,,,,,,,,,
,"AngryBarbarians",1,,,,,,,,,,
,"BattleHealer",1,,,,,,,,,,
,"DarkWitch",1,,,,,,,,,,
,"ElectroDragon",1,,,,,,,,,,
,"Arrows",1,,,,,,,,,,
,"Rage",1,,,,,,,,,,
"CardDelivery_LittlePrince_1","LittlePrince",1,,,,,,"TID_CARD_DELIVERY_LP_DECK_1",,,"Royals",
,"HogRider",1,,,,,,,,,,
,"Musketeer",1,,,,,,,,,,
,"Bats",1,,,,,,,,,,
,"Log",1,,,,,,,,,,
,"Fireball",1,,,,,,,,,,
,"BabyDragon",1,,,,,,,,,,
,"GoblinGang",1,,,,,,,,,,
"CardDelivery_LittlePrince_2","Fireball",1,,,,,,"TID_CARD_DELIVERY_LP_DECK_2",,,"Royals",
,"Barbarians",1,,,,,,,,,,
,"Minions",1,,,,,,,,,,
,"MegaKnight",1,,,,,,,,,,
,"Miner",1,,,,,,,,,,
,"Wizard",1,,,,,,,,,,
,"Wallbreakers",1,,,,,,,,,,
,"Arrows",1,,,,,,,,,,
"CardDelivery_LittlePrince_3","LittlePrince",1,,,,,,"TID_CARD_DELIVERY_LP_DECK_3",,,"Royals",
,"RoyalGiant",1,,,,,,,,,,
,"Arrows",1,,,,,,,,,,
,"MiniPekka",1,,,,,,,,,,
,"Fireball",1,,,,,,,,,,
,"DarkPrince",1,,,,,,,,,,
,"FireSpirits",1,,,,,,,,,,
,"GoblinGang",1,,,,,,,,,,
"MirrorDeck_EVO",,,,"MirrorEVO_EVO",,,,"TID_MIRROR_DECK",,,
,,,,"MirrorEVO_WinCon",,,,,,,,
,,,,"MirrorEVO_AntiAir",,,,,,,,
,,,,"MirrorEVO_Brawler",,,,,,,,
,,,,"MirrorEVO_CheapLeggy",,,,,,,,
,,,,"MirrorEVO_Distractions",,,,,,,,
,,,,"MirrorEVO_DirectDamage",,,,,,,,
,,,,"MirrorEVO_Mirror",,,,,,,,
"BasicDeck10_CannonTowers","Knight",3,,,"King_CannonTowers",5,,,,,
,"Archer",3,,,,,,,,,,
,"Goblins",2,,,,,,,,,,
,"Skeletons",2,,,,,,,,,,
,"Bomber",3,,,,,,,,,,
,"SpearGoblins",3,,,,,,,,,,
,"Arrows",3,,,,,,,,,,
,"Fireball",1,,,,,,,,,,
"BasicDeck10_KnifeTowers","Knight",3,,,"King_KnifeTowers",2,,,,,
,"MinionHorde",3,,,,,,,,,,
,"Goblins",2,,,,,,,,,,
,"Skeletons",2,,,,,,,,,,
,"Bomber",3,,,,,,,,,,
,"SpearGoblins",3,,,,,,,,,,
,"Arrows",3,,,,,,,,,,
,"Fireball",1,,,,,,,,,,
"BasicDeck10_PrincessTowers","Knight",3,,,"King_PrincessTowers",10,,,,,
,"MinionHorde",3,,,,,,,,,,
,"Goblins",2,,,,,,,,,,
,"Skeletons",2,,,,,,,,,,
,"Bomber",3,,,,,,,,,,
,"SpearGoblins",3,,,,,,,,,,
,"Arrows",3,,,,,,,,,,
,"Fireball",1,,,,,,,,,,
"CardDelivery_DD_1","Knight",1,,,"King_KnifeTowers",2,,"TID_CARD_DELIVERY_DD_DECK_1",,,"Royals",
,"Skeletons",1,,,,,,,,,,
,"Archer",1,,,,,,,,,,
,"Giant",1,,,,,,,,,,
,"Log",1,,,,,,,,,,
,"Fireball",1,,,,,,,,,,
,"Bats",1,,,,,,,,,,
,"Tesla",1,,,,,,,,,,
"CardDelivery_DD_2","IceGolemite",1,,,"King_PrincessTowers",10,,"TID_CARD_DELIVERY_DD_DECK_2",,,"Royals",
,"Wallbreakers",1,,,,,,,,,,
,"Arrows",1,,,,,,,,,,
,"IceSpirits",1,,,,,,,,,,
,"Tesla",1,,,,,,,,,,
,"MiniPekka",1,,,,,,,,,,
,"HogRider",1,,,,,,,,,,
,"Firecracker",1,,,,,,,,,,
"CardDelivery_DD_3","Skeletons",1,,,"King_KnifeTowers",2,,"TID_CARD_DELIVERY_DD_DECK_1",,,"Royals",
,"Knight",1,,,,,,,,,,
,"Archer",1,,,,,,,,,,
,"Giant",1,,,,,,,,,,
,"Log",1,,,,,,,,,,
,"Fireball",1,,,,,,,,,,
,"Bats",1,,,,,,,,,,
,"Tesla",1,,,,,,,,,,
"ClassicDeck_Lavaloon_Void","Barbarians",1,"EvoForm",,"King_PrincessTowers",10,,"TID_CLASSIC_EVO_DECK_1",,,
,"Tombstone",1,,,,,,,,,,
,"LavaHound",1,,,,,,,,,,
,"Balloon",1,,,,,,,,,,
,"DarkMagic",1,,,,,,,,,,
,"MegaMinion",1,,,,,,,,,,
,"SkeletonDragons",1,,,,,,,,,,
,"Snowball",1,,,,,,,,,,
"ClassicDeck_Giant_Beatdown","Wizard",1,"EvoForm",,"King_PrincessTowers",10,,"TID_CLASSIC_EVO_DECK_2",,,
,"Knight",1,,,,,,,,,,
,"Giant",1,,,,,,,,,,
,"LittlePrince",1,,,,,,,,,,
,"Phoenix",1,,,,,,,,,,
,"Arrows",1,,,,,,,,,,
,"DarkMagic",1,,,,,,,,,,
,"Fisherman",1,,,,,,,,,,
"ClassicDeck_Giant_Graveyard","Bats",1,"EvoForm",,"King_PrincessTowers",10,,"TID_CLASSIC_EVO_DECK_3",,,
,"Snowball",1,,,,,,,,,,
,"Graveyard",1,,,,,,,,,,
,"Giant",1,,,,,,,,,,
,"LittlePrince",1,,,,,,,,,,
,"DarkWitch",1,,,,,,,,,,
,"Bowler",1,,,,,,,,,,
,"Arrows",1,,,,,,,,,,
"ClassicDeck_Log_Bait","GoblinBarrel",1,"EvoForm",,"King_PrincessTowers",10,,"TID_CLASSIC_EVO_DECK_4",,,
,"Skeletons",1,,,,,,,,,,
,"Knight",1,,,,,,,,,,
,"Rocket",1,,,,,,,,,,
,"Princess",1,,,,,,,,,,
,"BlowdartGoblin",1,,,,,,,,,,
,"Log",1,,,,,,,,,,
,"InfernoTower",1,,,,,,,,,,
"ClassicDeck_Miner_Poison","Valkyrie",1,"EvoForm",,"King_PrincessTowers",10,,"TID_CLASSIC_EVO_DECK_5",,,
,"Tesla",1,,,,,,,,,,
,"Miner",1,,,,,,,,,,
,"LittlePrince",1,,,,,,,,,,
,"Goblins",1,,,,,,,,,,
,"Poison",1,,,,,,,,,,
,"Princess",1,,,,,,,,,,
,"Log",1,,,,,,,,,,
"ClassicDeck_RoyalGiant","RoyalGiant",1,"EvoForm",,"King_PrincessTowers",10,,"TID_CLASSIC_EVO_DECK_6",,,
,"Hunter",1,,,,,,,,,,
,"Monk",1,,,,,,,,,,
,"Ghost",1,,,,,,,,,,
,"Fisherman",1,,,,,,,,,,
,"Fireball",1,,,,,,,,,,
,"ElectroSpirit",1,,,,,,,,,,
,"Log",1,,,,,,,,,,
"ClassicDeck_XBow","Tesla",1,"EvoForm",,"King_PrincessTowers",10,,"TID_CLASSIC_EVO_DECK_7",,,
,"Skeletons",1,,,,,,,,,,
,"Xbow",1,,,,,,,,,,
,"Rocket",1,,,,,,,,,,
,"LittlePrince",1,,,,,,,,,,
,"ElectroSpirit",1,,,,,,,,,,
,"Knight",1,,,,,,,,,,
,"Log",1,,,,,,,,,,
"ClassicDeck_GoblinDrill","Bomber",1,"EvoForm",,"King_PrincessTowers",10,,"TID_CLASSIC_EVO_DECK_8",,,
,"Tesla",1,,,,,,,,,,
,"GoblinDrill",1,,,,,,,,,,
,"LittlePrince",1,,,,,,,,,,
,"Knight",1,,,,,,,,,,
,"Poison",1,,,,,,,,,,
,"ElectroSpirit",1,,,,,,,,,,
,"Log",1,,,,,,,,,,
"ClassicDeck_ElectroGiant","Bomber",1,"EvoForm",,"King_PrincessTowers",10,,"TID_CLASSIC_EVO_DECK_9",,,
,"Knight",1,,,,,,,,,,
,"ElectroGiant",1,,,,,,,,,,
,"Phoenix",1,,,,,,,,,,
,"Bowler",1,,,,,,,,,,
,"Lightning",1,,,,,,,,,,
,"Tornado",1,,,,,,,,,,
,"Cannon",1,,,,,,,,,,
"ClassicDeck_Mortar_Graveyard","Mortar",1,"EvoForm",,"King_PrincessTowers",10,,"TID_CLASSIC_EVO_DECK_10",,,
,"Knight",1,,,,,,,,,,
,"Graveyard",1,,,,,,,,,,
,"LittlePrince",1,,,,,,,,,,
,"Phoenix",1,,,,,,,,,,
,"Poison",1,,,,,,,,,,
,"Skeletons",1,,,,,,,,,,
,"BarbLog",1,,,,,,,,,,
"ClassicDeck_Golem","Barbarians",1,"EvoForm",,"King_PrincessTowers",10,,"TID_CLASSIC_EVO_DECK_11",,,
,"Zap",1,,,,,,,,,,
,"Golem",1,,,,,,,,,,
,"LittlePrince",1,,,,,,,,,,
,"BattleHealer",1,,,,,,,,,,
,"ElectroDragon",1,,,,,,,,,,
,"Tornado",1,,,,,,,,,,
,"Elixir Collector",1,,,,,,,,,,
"ClassicDeck_Hog_2_6","IceSpirits",1,"EvoForm",,"King_PrincessTowers",10,,"TID_CLASSIC_EVO_DECK_12",,,
,"Skeletons",1,,,,,,,,,,
,"HogRider",1,,,,,,,,,,
,"Musketeer",1,,,,,,,,,,
,"Fireball",1,,,,,,,,,,
,"IceGolemite",1,,,,,,,,,,
,"Log",1,,,,,,,,,,
,"Cannon",1,,,,,,,,,,
"ClassicDeck_RHogs_AQ","Skeletons",1,"EvoForm",,"King_PrincessTowers",10,,"TID_CLASSIC_EVO_DECK_13",,,
,"IceSpirits",1,,,,,,,,,,
,"RoyalHogs",1,,,,,,,,,,
,"ArcherQueen",1,,,,,,,,,,
,"Earthquake",1,,,,,,,,,,
,"RoyalDelivery",1,,,,,,,,,,
,"Log",1,,,,,,,,,,
,"Cannon",1,,,,,,,,,,
"ClassicDeck_GGiant_Sparky","Wizard",1,"EvoForm",,"King_PrincessTowers",10,,"TID_CLASSIC_EVO_DECK_14",,,
,"Minions",1,,,,,,,,,,
,"GoblinGiant",1,,,,,,,,,,
,"ZapMachine",1,,,,,,,,,,
,"MiniPekka",1,,,,,,,,,,
,"ElectroWizard",1,,,,,,,,,,
,"Arrows",1,,,,,,,,,,
,"Rage",1,,,,,,,,,,
"ClassicDeck_Pekka_BridgeSpam","BattleRam",1,"EvoForm",,"King_PrincessTowers",10,,"TID_CLASSIC_EVO_DECK_15",,,
,"EliteArcher",1,,,,,,,,,,
,"Pekka",1,,,,,,,,,,
,"LittlePrince",1,,,,,,,,,,
,"Ghost",1,,,,,,,,,,
,"Assassin",1,,,,,,,,,,
,"Arrows",1,,,,,,,,,,
,"Zap",1,,,,,,,,,,
"ClassicDeck_RRecruits_Arrow_Bait","RoyalRecruits",1,"EvoForm",,"King_PrincessTowers",10,,"TID_CLASSIC_EVO_DECK_16",,,
,"Wallbreakers",1,,,,,,,,,,
,"Firecracker",1,,,,,,,,,,
,"SkeletonBalloon",1,,,,,,,,,,
,"MightyMiner",1,,,,,,,,,,
,"Arrows",1,,,,,,,,,,
,"GoblinGang",1,,,,,,,,,,
,"Goblins",1,,,,,,,,,,
"GoblinTrail_Tutorial_Deck","GoblinGiant",4,,,"GoblinQueen_SpawnAbility",8,,"TID_CARD_DELIVERY_DD_DECK_1",,,"Goblins",
,"BlowdartGoblin",7,,,,,,,,,,
,"GoblinCage",7,,,,,,,,,,
,"Goblins",9,,,,,,,,,,
,"Knight",9,,,,,,,,,,
,"Log",1,,,,,,,,,,
,"Arrows",9,,,,,,,,,,
,"GoblinGang",9,,,,,,,,,,
"GoblinJourney_StarterDeck","Knight",9,,,"GoblinQueen_SpawnAbility",8,,"TID_GOBLIN_STARTER_DECK",,,"Goblins",
,"GoblinDemolisher",7,,,,,,,,,,
,"GoblinGiant",4,,,,,,,,,,
,"BlowdartGoblin",7,,,,,,,,,,
,"GoblinCage",7,,,,,,,,,,
,"Goblins",9,,,,,,,,,,
,"Arrows",9,,,,,,,,,,
,"Log",1,,,,,,,,,,
"CardDelivery_Goblinstein_1","Goblinstein",1,,,"King_PrincessTowers",10,,"TID_CD_GOBLINSTEIN_DECK_1",,,"Royals",
,"SpearGoblins",11,,,,,,,,,,
,"MiniPekka",9,,,,,,,,,,
,"Fireball",9,,,,,,,,,,
,"Log",3,,,,,,,,,,
,"SkeletonDragons",11,,,,,,,,,,
,"Bats",11,,,,,,,,,,
,"Witch",6,,,,,,,,,,
"Deck_AllRandom_1","LittlePrince",1,,,"King_PrincessTowers",10,,"TID_CLASSIC_EVO_DECK_16",,,
,"SkeletonBalloon",11,,,,,,,,,,
,"SuspiciousBush",9,,,,,,,,,,
,"Archer",11,,,,,,,,,,
,"BarbarianHut",9,,,,,,,,,,
,"Arrows",11,,,,,,,,,,
,"MegaMinion",9,,,,,,,,,,
,"Phoenix",3,,,,,,,,,,
,"Earthquake",9,,,,,,,,,,
,"Snowball",11,,,,,,,,,,
,"ElectroWizard",3,,,,,,,,,,
,"ZapMachine",3,,,,,,,,,,
,"SpearGoblins",11,,,,,,,,,,
,"BlowdartGoblin",9,,,,,,,,,,
,"Bomber",11,,,,,,,,,,
,"RoyalHogs",9,,,,,,,,,,
,"GoblinHut",9,,,,,,,,,,
,"Wizard",9,,,,,,,,,,
,"Ghost",3,,,,,,,,,,
,"Elixir Collector",9,,,,,,,,,,
,"GoblinCage",9,,,,,,,,,,
,"Bats",11,,,,,,,,,,
,"RageBarbarian",3,,,,,,,,,,
,"MegaKnight",3,,,,,,,,,,
,"RoyalRecruits",11,,,,,,,,,,
,"GoblinGiant",6,,,,,,,,,,
,"Balloon",6,,,,,,,,,,
,"SkeletonDragons",11,,,,,,,,,,
,"WitchMother",3,,,,,,,,,,
,"Prince",6,,,,,,,,,,
,"Xbow",6,,,,,,,,,,
,"Poison",6,,,,,,,,,,
"Deck_AllRandom_2","Monk",1,,,"King_PrincessTowers",10,,"TID_CLASSIC_EVO_DECK_16",,,
,"AxeMan",6,,,,,,,,,,
,"FireSpirits",11,,,,,,,,,,
,"RoyalGiant",11,,,,,,,,,,
,"GoblinGang",11,,,,,,,,,,
,"RamRider",3,,,,,,,,,,
,"Lightning",6,,,,,,,,,,
,"GoblinDemolisher",9,,,,,,,,,,
,"Barbarians",11,,,,,,,,,,
,"HogRider",9,,,,,,,,,,
,"AngryBarbarians",11,,,,,,,,,,
,"MinionHorde",11,,,,,,,,,,
,"IceSpirits",11,,,,,,,,,,
,"ThreeMusketeers",9,,,,,,,,,,
,"BombTower",9,,,,,,,,,,
,"Tombstone",9,,,,,,,,,,
,"DarkPrince",6,,,,,,,,,,
,"BattleHealer",9,,,,,,,,,,
,"ElectroSpirit",11,,,,,,,,,,
,"Fireball",9,,,,,,,,,,
,"GoblinBarrel",6,,,,,,,,,,
,"Tornado",6,,,,,,,,,,
,"Pekka",6,,,,,,,,,,
,"FirespiritHut",9,,,,,,,,,,
,"MovingCannon",6,,,,,,,,,,
,"SkeletonWarriors",6,,,,,,,,,,
,"Princess",3,,,,,,,,,,
,"Rocket",9,,,,,,,,,,
,"Rage",6,,,,,,,,,,
,"Wallbreakers",6,,,,,,,,,,
,"RoyalDelivery",11,,,,,,,,,,
,"Witch",6,,,,,,,,,,
"Deck_AllRandom_3","ArcherQueen",1,,,"King_PrincessTowers",10,,"TID_CLASSIC_EVO_DECK_16",,,
,"Cannon",11,,,,,,,,,,
,"Knight",11,,,,,,,,,,
,"DartBarrell",9,,,,,,,,,,
,"Tesla",11,,,,,,,,,,
,"Fisherman",3,,,,,,,,,,
,"Musketeer",9,,,,,,,,,,
,"Miner",3,,,,,,,,,,
,"DarkMagic",6,,,,,,,,,,
,"Giant",9,,,,,,,,,,
,"GoblinCurse",6,,,,,,,,,,
,"Minions",11,,,,,,,,,,
,"Mirror",6,,,,,,,,,,
,"Skeletons",11,,,,,,,,,,
,"Graveyard",3,,,,,,,,,,
,"IceGolemite",9,,,,,,,,,,
,"Firecracker",11,,,,,,,,,,
,"GoblinMachine",3,,,,,,,,,,
,"MiniSparkys",9,,,,,,,,,,
,"ElectroDragon",6,,,,,,,,,,
,"MiniPekka",9,,,,,,,,,,
,"Freeze",6,,,,,,,,,,
,"InfernoDragon",3,,,,,,,,,,
,"Log",3,,,,,,,,,,
,"ElixirGolem",9,,,,,,,,,,
,"Hunter",6,,,,,,,,,,
,"IceWizard",3,,,,,,,,,,
,"Goblins",11,,,,,,,,,,
,"BarbLog",6,,,,,,,,,,
,"Zap",11,,,,,,,,,,
,"Bowler",6,,,,,,,,,,
,"EliteArcher",3,,,,,,,,,,
"Deck_AllRandom_4","SkeletonKing",1,,,"King_PrincessTowers",10,,"TID_CLASSIC_EVO_DECK_16",,,
,"Fisherman",3,,,,,,,,,,
,"GoblinCage",9,,,,,,,,,,
,"RoyalDelivery",11,,,,,,,,,,
,"MegaKnight",3,,,,,,,,,,
,"Lightning",6,,,,,,,,,,
,"EliteArcher",3,,,,,,,,,,
,"Mirror",6,,,,,,,,,,
,"Minions",11,,,,,,,,,,
,"InfernoTower",9,,,,,,,,,,
,"Log",3,,,,,,,,,,
,"Rage",6,,,,,,,,,,
,"RoyalRecruits",11,,,,,,,,,,
,"GoblinGang",11,,,,,,,,,,
,"SkeletonBalloon",11,,,,,,,,,,
,"BombTower",9,,,,,,,,,,
,"DarkMagic",6,,,,,,,,,,
,"Witch",6,,,,,,,,,,
,"Ghost",3,,,,,,,,,,
,"Phoenix",3,,,,,,,,,,
,"Earthquake",9,,,,,,,,,,
,"Firecracker",11,,,,,,,,,,
,"GoblinDrill",6,,,,,,,,,,
,"BarbarianHut",9,,,,,,,,,,
,"ThreeMusketeers",9,,,,,,,,,,
,"SkeletonArmy",6,,,,,,,,,,
,"GiantSkeleton",6,,,,,,,,,,
,"Balloon",6,,,,,,,,,,
,"SuspiciousBush",9,,,,,,,,,,
,"BabyDragon",6,,,,,,,,,,
,"Miner",3,,,,,,,,,,
,"MiniSparkys",9,,,,,,,,,,
"Deck_AllRandom_5","MightyMiner",1,,,"King_PrincessTowers",10,,"TID_CLASSIC_EVO_DECK_16",,,
,"Wallbreakers",6,,,,,,,,,,
,"Elixir Collector",9,,,,,,,,,,
,"Hunter",6,,,,,,,,,,
,"FireSpirits",11,,,,,,,,,,
,"RageBarbarian",3,,,,,,,,,,
,"SpearGoblins",11,,,,,,,,,,
,"Mortar",11,,,,,,,,,,
,"Goblins",11,,,,,,,,,,
,"Snowball",11,,,,,,,,,,
,"RoyalHogs",9,,,,,,,,,,
,"Clone",6,,,,,,,,,,
,"Tornado",6,,,,,,,,,,
,"ElectroSpirit",11,,,,,,,,,,
,"Zap",11,,,,,,,,,,
,"Rocket",9,,,,,,,,,,
,"SkeletonWarriors",6,,,,,,,,,,
,"DarkWitch",3,,,,,,,,,,
,"IceSpirits",11,,,,,,,,,,
,"ZapMachine",3,,,,,,,,,,
,"Cannon",11,,,,,,,,,,
,"AxeMan",6,,,,,,,,,,
,"Fireball",9,,,,,,,,,,
,"Giant",9,,,,,,,,,,
,"GoblinMachine",3,,,,,,,,,,
,"LavaHound",3,,,,,,,,,,
,"RoyalGiant",11,,,,,,,,,,
,"Freeze",6,,,,,,,,,,
,"ElectroDragon",6,,,,,,,,,,
,"Pekka",6,,,,,,,,,,
,"DartBarrell",9,,,,,,,,,,
,"Bomber",11,,,,,,,,,,
"Deck_AllRandom_6","GoldenKnight",1,,,"King_PrincessTowers",10,,"TID_CLASSIC_EVO_DECK_16",,,
,"IceGolemite",9,,,,,,,,,,
,"GoblinDemolisher",9,,,,,,,,,,
,"Princess",3,,,,,,,,,,
,"GoblinGiant",6,,,,,,,,,,
,"Knight",11,,,,,,,,,,
,"BattleRam",9,,,,,,,,,,
,"InfernoDragon",3,,,,,,,,,,
,"Bats",11,,,,,,,,,,
,"GoblinHut",9,,,,,,,,,,
,"Bowler",6,,,,,,,,,,
,"Skeletons",11,,,,,,,,,,
,"BattleHealer",9,,,,,,,,,,
,"Archer",11,,,,,,,,,,
,"Rascals",11,,,,,,,,,,
,"GoblinBarrel",6,,,,,,,,,,
,"IceWizard",3,,,,,,,,,,
,"Valkyrie",9,,,,,,,,,,
,"BlowdartGoblin",9,,,,,,,,,,
,"Tombstone",9,,,,,,,,,,
,"Musketeer",9,,,,,,,,,,
,"ElectroGiant",6,,,,,,,,,,
,"MegaMinion",9,,,,,,,,,,
,"Heal",9,,,,,,,,,,
,"ElectroWizard",3,,,,,,,,,,
,"Arrows",11,,,,,,,,,,
,"BarbLog",6,,,,,,,,,,
,"AngryBarbarians",11,,,,,,,,,,
,"ElixirGolem",9,,,,,,,,,,
,"Golem",6,,,,,,,,,,
,"Graveyard",3,,,,,,,,,,
,"Assassin",3,,,,,,,,,,
"Deck_AllRandom_7","LittlePrince",1,,,"King_PrincessTowers",10,,"TID_CLASSIC_EVO_DECK_16",,,
,"Balloon",6,,,,,,,,,,
,"GiantSkeleton",6,,,,,,,,,,
,"EliteArcher",3,,,,,,,,,,
,"GoblinHut",9,,,,,,,,,,
,"DarkWitch",3,,,,,,,,,,
,"SkeletonDragons",11,,,,,,,,,,
,"Freeze",6,,,,,,,,,,
,"Bowler",6,,,,,,,,,,
,"BattleHealer",9,,,,,,,,,,
,"Snowball",11,,,,,,,,,,
,"Giant",9,,,,,,,,,,
,"Wizard",9,,,,,,,,,,
,"GoblinGang",11,,,,,,,,,,
,"GoblinGiant",6,,,,,,,,,,
,"Poison",6,,,,,,,,,,
,"ElectroGiant",6,,,,,,,,,,
,"DarkPrince",6,,,,,,,,,,
,"Fireball",9,,,,,,,,,,
,"SkeletonWarriors",6,,,,,,,,,,
,"Mirror",6,,,,,,,,,,
,"Miner",3,,,,,,,,,,
,"Xbow",6,,,,,,,,,,
,"Tornado",6,,,,,,,,,,
,"RoyalHogs",9,,,,,,,,,,
,"ElectroWizard",3,,,,,,,,,,
,"Lightning",6,,,,,,,,,,
,"RoyalRecruits",11,,,,,,,,,,
,"GoblinBarrel",6,,,,,,,,,,
,"GoblinDrill",6,,,,,,,,,,
,"Cannon",11,,,,,,,,,,
,"Valkyrie",9,,,,,,,,,,
"Deck_AllRandom_8","Monk",1,,,"King_PrincessTowers",10,,"TID_CLASSIC_EVO_DECK_16",,,
,"Princess",3,,,,,,,,,,
,"InfernoDragon",3,,,,,,,,,,
,"Fisherman",3,,,,,,,,,,
,"GoblinDemolisher",9,,,,,,,,,,
,"MiniPekka",9,,,,,,,,,,
,"Log",3,,,,,,,,,,
,"ElectroDragon",6,,,,,,,,,,
,"Rascals",11,,,,,,,,,,
,"Goblins",11,,,,,,,,,,
,"RoyalDelivery",11,,,,,,,,,,
,"GoblinCage",9,,,,,,,,,,
,"Bats",11,,,,,,,,,,
,"Clone",6,,,,,,,,,,
,"FirespiritHut",9,,,,,,,,,,
,"RoyalGiant",11,,,,,,,,,,
,"Witch",6,,,,,,,,,,
,"RamRider",3,,,,,,,,,,
,"WitchMother",3,,,,,,,,,,
,"Assassin",3,,,,,,,,,,
,"ZapMachine",3,,,,,,,,,,
,"SpearGoblins",11,,,,,,,,,,
,"BarbarianHut",9,,,,,,,,,,
,"IceGolemite",9,,,,,,,,,,
,"MinionHorde",11,,,,,,,,,,
,"ElectroSpirit",11,,,,,,,,,,
,"Barbarians",11,,,,,,,,,,
,"Musketeer",9,,,,,,,,,,
,"Graveyard",3,,,,,,,,,,
,"Rocket",9,,,,,,,,,,
,"Hunter",6,,,,,,,,,,
,"InfernoTower",9,,,,,,,,,,
"Deck_AllRandom_9","ArcherQueen",1,,,"King_PrincessTowers",10,,"TID_CLASSIC_EVO_DECK_16",,,
,"AngryBarbarians",11,,,,,,,,,,
,"Wallbreakers",6,,,,,,,,,,
,"LavaHound",3,,,,,,,,,,
,"Heal",9,,,,,,,,,,
,"AxeMan",6,,,,,,,,,,
,"Ghost",3,,,,,,,,,,
,"Mortar",11,,,,,,,,,,
,"BlowdartGoblin",9,,,,,,,,,,
,"Arrows",11,,,,,,,,,,
,"Skeletons",11,,,,,,,,,,
,"BattleRam",9,,,,,,,,,,
,"Prince",6,,,,,,,,,,
,"DarkMagic",6,,,,,,,,,,
,"DartBarrell",9,,,,,,,,,,
,"HogRider",9,,,,,,,,,,
,"Tesla",11,,,,,,,,,,
,"Elixir Collector",9,,,,,,,,,,
,"RageBarbarian",3,,,,,,,,,,
,"BombTower",9,,,,,,,,,,
,"Knight",11,,,,,,,,,,
,"Bomber",11,,,,,,,,,,
,"BarbLog",6,,,,,,,,,,
,"Earthquake",9,,,,,,,,,,
,"BabyDragon",6,,,,,,,,,,
,"MovingCannon",6,,,,,,,,,,
,"Archer",11,,,,,,,,,,
,"Firecracker",11,,,,,,,,,,
,"IceWizard",3,,,,,,,,,,
,"Tombstone",9,,,,,,,,,,
,"Pekka",6,,,,,,,,,,
,"GoblinMachine",3,,,,,,,,,,
"Deck_AllRandom_10","SkeletonKing",1,,,"King_PrincessTowers",10,,"TID_CLASSIC_EVO_DECK_16",,,
,"Phoenix",3,,,,,,,,,,
,"Log",3,,,,,,,,,,
,"Princess",3,,,,,,,,,,
,"ElixirGolem",9,,,,,,,,,,
,"SkeletonDragons",11,,,,,,,,,,
,"ElectroWizard",3,,,,,,,,,,
,"Rocket",9,,,,,,,,,,
,"MovingCannon",6,,,,,,,,,,
,"ElectroSpirit",11,,,,,,,,,,
,"SkeletonArmy",6,,,,,,,,,,
,"ThreeMusketeers",9,,,,,,,,,,
,"BombTower",9,,,,,,,,,,
,"Xbow",6,,,,,,,,,,
,"MegaKnight",3,,,,,,,,,,
,"DarkMagic",6,,,,,,,,,,
,"Wizard",9,,,,,,,,,,
,"MiniSparkys",9,,,,,,,,,,
,"SkeletonBalloon",11,,,,,,,,,,
,"Heal",9,,,,,,,,,,
,"Mirror",6,,,,,,,,,,
,"MiniPekka",9,,,,,,,,,,
,"RamRider",3,,,,,,,,,,
,"DarkPrince",6,,,,,,,,,,
,"GoblinGiant",6,,,,,,,,,,
,"Fisherman",3,,,,,,,,,,
,"GoblinGang",11,,,,,,,,,,
,"HogRider",9,,,,,,,,,,
,"DarkWitch",3,,,,,,,,,,
,"ElectroGiant",6,,,,,,,,,,
,"RoyalHogs",9,,,,,,,,,,
,"RoyalDelivery",11,,,,,,,,,,
"Deck_AllRandom_11","MightyMiner",1,,,"King_PrincessTowers",10,,"TID_CLASSIC_EVO_DECK_16",,,
,"Valkyrie",9,,,,,,,,,,
,"ZapMachine",3,,,,,,,,,,
,"GoblinCurse",6,,,,,,,,,,
,"SpearGoblins",11,,,,,,,,,,
,"Goblins",11,,,,,,,,,,
,"Tombstone",9,,,,,,,,,,
,"Poison",6,,,,,,,,,,
,"AxeMan",6,,,,,,,,,,
,"DartBarrell",9,,,,,,,,,,
,"Golem",6,,,,,,,,,,
,"Earthquake",9,,,,,,,,,,
,"GoblinHut",9,,,,,,,,,,
,"Zap",11,,,,,,,,,,
,"Prince",6,,,,,,,,,,
,"Barbarians",11,,,,,,,,,,
,"MegaMinion",9,,,,,,,,,,
,"IceSpirits",11,,,,,,,,,,
,"BattleHealer",9,,,,,,,,,,
,"InfernoTower",9,,,,,,,,,,
,"Ghost",3,,,,,,,,,,
,"Freeze",6,,,,,,,,,,
,"MinionHorde",11,,,,,,,,,,
,"Tornado",6,,,,,,,,,,
,"BlowdartGoblin",9,,,,,,,,,,
,"Tesla",11,,,,,,,,,,
,"Clone",6,,,,,,,,,,
,"WitchMother",3,,,,,,,,,,
,"GoblinDrill",6,,,,,,,,,,
,"SuspiciousBush",9,,,,,,,,,,
,"SkeletonArmy",6,,,,,,,,,,
,"Cannon",11,,,,,,,,,,
"Deck_AllRandom_12","GoldenKnight",1,,,"King_PrincessTowers",10,,"TID_CLASSIC_EVO_DECK_16",,,
,"Rascals",11,,,,,,,,,,
,"LavaHound",3,,,,,,,,,,
,"BabyDragon",6,,,,,,,,,,
,"BattleRam",9,,,,,,,,,,
,"Fireball",9,,,,,,,,,,
,"Snowball",11,,,,,,,,,,
,"Elixir Collector",9,,,,,,,,,,
,"Graveyard",3,,,,,,,,,,
,"Archer",11,,,,,,,,,,
,"Arrows",11,,,,,,,,,,
,"Musketeer",9,,,,,,,,,,
,"BarbLog",6,,,,,,,,,,
,"GoblinCage",9,,,,,,,,,,
,"ElectroDragon",6,,,,,,,,,,
,"Bomber",11,,,,,,,,,,
,"Rage",6,,,,,,,,,,
,"RoyalRecruits",11,,,,,,,,,,
,"Minions",11,,,,,,,,,,
,"EliteArcher",3,,,,,,,,,,
,"Balloon",6,,,,,,,,,,
,"IceWizard",3,,,,,,,,,,
,"RageBarbarian",3,,,,,,,,,,
,"Assassin",3,,,,,,,,,,
,"Witch",6,,,,,,,,,,
,"Lightning",6,,,,,,,,,,
,"Pekka",6,,,,,,,,,,
,"FireSpirits",11,,,,,,,,,,
,"FirespiritHut",9,,,,,,,,,,
,"Mortar",11,,,,,,,,,,
,"RoyalGiant",11,,,,,,,,,,
,"Bowler",6,,,,,,,,,,
"CardDelivery_RuneBerserker_1","Berserker",11,,,"King_PrincessTowers",10,,"TID_CD_RUNEGIANT_DECK_1",,,"Royals",
,"GiantBuffer",6,,,,,,,,,,
,"BlowdartGoblin",9,,,,,,,,,,
,"Fireball",9,,,,,,,,,,
,"BabyDragon",6,,,,,,,,,,
,"Log",3,,,,,,,,,,
,"Bats",11,,,,,,,,,,
,"Musketeer",9,,,,,,,,,,
"CardDelivery_RuneBerserker_2","GiantBuffer",6,,,"King_PrincessTowers",10,,"TID_CD_RUNEGIANT_DECK_1",,,"Royals",
,"Berserker",11,,,,,,,,,,
,"BlowdartGoblin",9,,,,,,,,,,
,"RageBarbarian",3,,,,,,,,,,
,"Fireball",9,,,,,,,,,,
,"BabyDragon",6,,,,,,,,,,
,"Log",3,,,,,,,,,,
,"Bats",11,,,,,,,,,,
"MirrorDeck_LogBait",,,,"MirrorDeck_Logbait_EVO","King_PrincessTowers",10,,"TID_MIRROR_DECK_CHALLENGE",,,
,,,,"MirrorDeck_Logbait_EVO",,,,,,,,
,,,,"MirrorDeck_Logbait_SET",,,,,,,,
,,,,"MirrorDeck_Logbait_SET",,,,,,,,
,,,,"MirrorDeck_Logbait_SET",,,,,,,,
,,,,"MirrorDeck_Logbait_SET",,,,,,,,
,,,,"MirrorDeck_Logbait_SET",,,,,,,,
,,,,"MirrorDeck_Logbait_SET",,,,,,,,
"MirrorDeck_Hog_2_6",,,,"MirrorDeck_Hog_2_6_EVO","King_PrincessTowers",10,,"TID_MIRROR_DECK_CHALLENGE",,,
,,,,"MirrorDeck_Hog_2_6_EVO",,,,,,,,
,,,,"MirrorDeck_Hog_2_6_SET",,,,,,,,
,,,,"MirrorDeck_Hog_2_6_SET",,,,,,,,
,,,,"MirrorDeck_Hog_2_6_SET",,,,,,,,
,,,,"MirrorDeck_Hog_2_6_SET",,,,,,,,
,,,,"MirrorDeck_Hog_2_6_SET",,,,,,,,
,,,,"MirrorDeck_Hog_2_6_SET",,,,,,,,
"MirrorDeck_RoyalHogs_Earthquake",,,,"MirrorDeck_RoyalHogs_Earthquake_EVO","King_PrincessTowers",10,,"TID_MIRROR_DECK_CHALLENGE",,,
,,,,"MirrorDeck_RoyalHogs_Earthquake_EVO",,,,,,,,
,,,,"MirrorDeck_RoyalHogs_Earthquake_SET",,,,,,,,
,,,,"MirrorDeck_RoyalHogs_Earthquake_SET",,,,,,,,
,,,,"MirrorDeck_RoyalHogs_Earthquake_SET",,,,,,,,
,,,,"MirrorDeck_RoyalHogs_Earthquake_SET",,,,,,,,
,,,,"MirrorDeck_RoyalHogs_Earthquake_SET",,,,,,,,
,,,,"MirrorDeck_RoyalHogs_Earthquake_SET",,,,,,,,
"MirrorDeck_Pekka_Bridgespam",,,,"MirrorDeck_Pekka_Bridgespam_EVO","King_PrincessTowers",10,,"TID_MIRROR_DECK_CHALLENGE",,,
,,,,"MirrorDeck_Pekka_Bridgespam_EVO",,,,,,,,
,,,,"MirrorDeck_Pekka_Bridgespam_SET",,,,,,,,
,,,,"MirrorDeck_Pekka_Bridgespam_SET",,,,,,,,
,,,,"MirrorDeck_Pekka_Bridgespam_SET",,,,,,,,
,,,,"MirrorDeck_Pekka_Bridgespam_SET",,,,,,,,
,,,,"MirrorDeck_Pekka_Bridgespam_SET",,,,,,,,
,,,,"MirrorDeck_Pekka_Bridgespam_SET",,,,,,,,
"MirrorDeck_Giant_DoublePrince",,,,"MirrorDeck_Giant_DoublePrince_EVO","King_PrincessTowers",10,,"TID_MIRROR_DECK_CHALLENGE",,,
,,,,"MirrorDeck_Giant_DoublePrince_EVO",,,,,,,,
,,,,"MirrorDeck_Giant_DoublePrince_SET",,,,,,,,
,,,,"MirrorDeck_Giant_DoublePrince_SET",,,,,,,,
,,,,"MirrorDeck_Giant_DoublePrince_SET",,,,,,,,
,,,,"MirrorDeck_Giant_DoublePrince_SET",,,,,,,,
,,,,"MirrorDeck_Giant_DoublePrince_SET",,,,,,,,
,,,,"MirrorDeck_Giant_DoublePrince_SET",,,,,,,,
"MirrorDeck_EGiant",,,,"MirrorDeck_EGiant_EVO","King_PrincessTowers",10,,"TID_MIRROR_DECK_CHALLENGE",,,
,,,,"MirrorDeck_EGiant_EVO",,,,,,,,
,,,,"MirrorDeck_EGiant_SET",,,,,,,,
,,,,"MirrorDeck_EGiant_SET",,,,,,,,
,,,,"MirrorDeck_EGiant_SET",,,,,,,,
,,,,"MirrorDeck_EGiant_SET",,,,,,,,
,,,,"MirrorDeck_EGiant_SET",,,,,,,,
,,,,"MirrorDeck_EGiant_SET",,,,,,,,
"CrazyArena_StarterDeck","GoblinBarrel",1,,,"King_PrincessTowers",1,,"TID_CRAZY_ARENA_STARTER_DECK",,,
,"Rascals",1,,,,,,,,,,
,"BlowdartGoblin",1,,,,,,,,,,
,"Log",1,,,,,,,,,,
,"Princess",1,,,,,,,,,,
,"Vines",1,,,,,,,,,,
,"ElectroSpirit",1,,,,,,,,,,
,"Knight",1,,,,,,,,,,
"CrazyArena_StarterDeck_V2","Giant",1,,,"King_PrincessTowers",1,,"TID_CRAZY_ARENA_STARTER_DECK",,,"Default_Event",
,"Knight",1,,,,,,,,,,
,"Musketeer",1,,,,,,,,,,
,"Fireball",1,,,,,,,,,,
,"Log",1,,,,,,,,,,
,"BabyDragon",1,,,,,,,,,,
,"ElectroSpirit",1,,,,,,,,,,
,"Tombstone",1,,,,,,,,,,
