Name,TID,PriceTier,BillingPackage
String,String,int,String
generic_0.29,,30,com.supercell.scroll.offer_0.29
,,40,com.supercell.scroll.offer_0.29
,,50,com.supercell.scroll.offer_0.29
,,60,com.supercell.scroll.offer_0.29
,,70,com.supercell.scroll.offer_0.29
,,80,com.supercell.scroll.offer_0.29
,,90,com.supercell.scroll.offer_0.29
,,100,com.supercell.scroll.offer_0.29
,,110,com.supercell.scroll.offer_0.29
,,120,com.supercell.scroll.offer_0.39
generic_0.39,,30,com.supercell.scroll.offer_0.29
,,40,com.supercell.scroll.offer_0.29
,,50,com.supercell.scroll.offer_0.29
,,60,com.supercell.scroll.offer_0.29
,,70,com.supercell.scroll.offer_0.29
,,80,com.supercell.scroll.offer_0.29
,,90,com.supercell.scroll.offer_0.39
,,100,com.supercell.scroll.offer_0.39
,,110,com.supercell.scroll.offer_0.39
,,120,com.supercell.scroll.offer_0.49
generic_0.49,,30,com.supercell.scroll.offer_0.29
,,40,com.supercell.scroll.offer_0.29
,,50,com.supercell.scroll.offer_0.29
,,60,com.supercell.scroll.offer_0.29
,,70,com.supercell.scroll.offer_0.39
,,80,com.supercell.scroll.offer_0.39
,,90,com.supercell.scroll.offer_0.49
,,100,com.supercell.scroll.offer_0.49
,,110,com.supercell.scroll.offer_0.49
,,120,com.supercell.scroll.offer_0.59
generic_0.59,,30,com.supercell.scroll.offer_0.29
,,40,com.supercell.scroll.offer_0.29
,,50,com.supercell.scroll.offer_0.29
,,60,com.supercell.scroll.offer_0.39
,,70,com.supercell.scroll.offer_0.39
,,80,com.supercell.scroll.offer_0.49
,,90,com.supercell.scroll.offer_0.49
,,100,com.supercell.scroll.offer_0.59
,,110,com.supercell.scroll.offer_0.69
,,120,com.supercell.scroll.offer_0.69
generic_0.69,,30,com.supercell.scroll.offer_0.29
,,40,com.supercell.scroll.offer_0.29
,,50,com.supercell.scroll.offer_0.39
,,60,com.supercell.scroll.offer_0.39
,,70,com.supercell.scroll.offer_0.49
,,80,com.supercell.scroll.offer_0.59
,,90,com.supercell.scroll.offer_0.59
,,100,com.supercell.scroll.offer_0.69
,,110,com.supercell.scroll.offer_0.79
,,120,com.supercell.scroll.offer_0.79
generic_0.79,,30,com.supercell.scroll.offer_0.29
,,40,com.supercell.scroll.offer_0.29
,,50,com.supercell.scroll.offer_0.39
,,60,com.supercell.scroll.offer_0.49
,,70,com.supercell.scroll.offer_0.59
,,80,com.supercell.scroll.offer_0.59
,,90,com.supercell.scroll.offer_0.69
,,100,com.supercell.scroll.offer_0.79
,,110,com.supercell.scroll.offer_0.89
,,120,com.supercell.scroll.offer_0.99
generic_0.89,,30,com.supercell.scroll.offer_0.29
,,40,com.supercell.scroll.offer_0.39
,,50,com.supercell.scroll.offer_0.49
,,60,com.supercell.scroll.offer_0.49
,,70,com.supercell.scroll.offer_0.59
,,80,com.supercell.scroll.offer_0.69
,,90,com.supercell.scroll.offer_0.79
,,100,com.supercell.scroll.offer_0.89
,,110,com.supercell.scroll.offer_0.99
,,120,com.supercell.scroll.offer_1.09
generic_0.99,,30,com.supercell.scroll.offer_0.29
,,40,com.supercell.scroll.offer_0.39
,,50,com.supercell.scroll.offer_0.49
,,60,com.supercell.scroll.offer_0.59
,,70,com.supercell.scroll.offer_0.69
,,80,com.supercell.scroll.offer_0.79
,,90,com.supercell.scroll.offer_0.89
,,100,com.supercell.scroll.offer_0.99
,,110,com.supercell.scroll.offer_1.09
,,120,com.supercell.scroll.offer_1.19
generic_1.09,,30,com.supercell.scroll.offer_0.29
,,40,com.supercell.scroll.offer_0.39
,,50,com.supercell.scroll.offer_0.59
,,60,com.supercell.scroll.offer_0.69
,,70,com.supercell.scroll.offer_0.79
,,80,com.supercell.scroll.offer_0.89
,,90,com.supercell.scroll.offer_0.99
,,100,com.supercell.scroll.offer_1.09
,,110,com.supercell.scroll.offer_1.19
,,120,com.supercell.scroll.offer_1.29
generic_1.19,,30,com.supercell.scroll.offer_0.39
,,40,com.supercell.scroll.offer_0.49
,,50,com.supercell.scroll.offer_0.59
,,60,com.supercell.scroll.offer_0.69
,,70,com.supercell.scroll.offer_0.79
,,80,com.supercell.scroll.offer_0.99
,,90,com.supercell.scroll.offer_1.09
,,100,com.supercell.scroll.offer_1.19
,,110,com.supercell.scroll.offer_1.29
,,120,com.supercell.scroll.offer_1.39
generic_1.29,,30,com.supercell.scroll.offer_0.39
,,40,com.supercell.scroll.offer_0.49
,,50,com.supercell.scroll.offer_0.69
,,60,com.supercell.scroll.offer_0.79
,,70,com.supercell.scroll.offer_0.89
,,80,com.supercell.scroll.offer_0.99
,,90,com.supercell.scroll.offer_1.19
,,100,com.supercell.scroll.offer_1.29
,,110,com.supercell.scroll.offer_1.39
,,120,com.supercell.scroll.offer_1.59
generic_1.39,,30,com.supercell.scroll.offer_0.39
,,40,com.supercell.scroll.offer_0.59
,,50,com.supercell.scroll.offer_0.69
,,60,com.supercell.scroll.offer_0.79
,,70,com.supercell.scroll.offer_0.99
,,80,com.supercell.scroll.offer_1.09
,,90,com.supercell.scroll.offer_1.29
,,100,com.supercell.scroll.offer_1.39
,,110,com.supercell.scroll.offer_1.49
,,120,com.supercell.scroll.offer_1.69
generic_1.49,,30,com.supercell.scroll.offer_0.49
,,40,com.supercell.scroll.offer_0.59
,,50,com.supercell.scroll.offer_0.79
,,60,com.supercell.scroll.offer_0.89
,,70,com.supercell.scroll.offer_1.09
,,80,com.supercell.scroll.offer_1.19
,,90,com.supercell.scroll.offer_1.39
,,100,com.supercell.scroll.offer_1.49
,,110,com.supercell.scroll.offer_1.59
,,120,com.supercell.scroll.offer_1.79
generic_1.59,,30,com.supercell.scroll.offer_0.49
,,40,com.supercell.scroll.offer_0.59
,,50,com.supercell.scroll.offer_0.79
,,60,com.supercell.scroll.offer_0.99
,,70,com.supercell.scroll.offer_1.09
,,80,com.supercell.scroll.offer_1.29
,,90,com.supercell.scroll.offer_1.39
,,100,com.supercell.scroll.offer_1.59
,,110,com.supercell.scroll.offer_1.79
,,120,com.supercell.scroll.offer_1.89
generic_1.69,,30,com.supercell.scroll.offer_0.49
,,40,com.supercell.scroll.offer_0.69
,,50,com.supercell.scroll.offer_0.89
,,60,com.supercell.scroll.offer_0.99
,,70,com.supercell.scroll.offer_1.19
,,80,com.supercell.scroll.offer_1.39
,,90,com.supercell.scroll.offer_1.49
,,100,com.supercell.scroll.offer_1.69
,,110,com.supercell.scroll.offer_1.89
,,120,com.supercell.scroll.offer_1.99
generic_1.79,,30,com.supercell.scroll.offer_0.49
,,40,com.supercell.scroll.offer_0.69
,,50,com.supercell.scroll.offer_0.89
,,60,com.supercell.scroll.offer_1.09
,,70,com.supercell.scroll.offer_1.29
,,80,com.supercell.scroll.offer_1.39
,,90,com.supercell.scroll.offer_1.59
,,100,com.supercell.scroll.offer_1.79
,,110,com.supercell.scroll.offer_1.99
,,120,com.supercell.scroll.offer_2.19
generic_1.89,,30,com.supercell.scroll.offer_0.59
,,40,com.supercell.scroll.offer_0.79
,,50,com.supercell.scroll.offer_0.99
,,60,com.supercell.scroll.offer_1.09
,,70,com.supercell.scroll.offer_1.29
,,80,com.supercell.scroll.offer_1.49
,,90,com.supercell.scroll.offer_1.69
,,100,com.supercell.scroll.offer_1.89
,,110,com.supercell.scroll.offer_2.09
,,120,com.supercell.scroll.offer_2.29
generic_1.99,,30,com.supercell.scroll.offer_0.59
,,40,com.supercell.scroll.offer_0.79
,,50,com.supercell.scroll.offer_0.99
,,60,com.supercell.scroll.offer_1.19
,,70,com.supercell.scroll.offer_1.39
,,80,com.supercell.scroll.offer_1.59
,,90,com.supercell.scroll.offer_1.79
,,100,com.supercell.scroll.offer_1.99
,,110,com.supercell.scroll.offer_2.19
,,120,com.supercell.scroll.offer_2.39
generic_2.09,,30,com.supercell.scroll.offer_0.59
,,40,com.supercell.scroll.offer_0.79
,,50,com.supercell.scroll.offer_1.09
,,60,com.supercell.scroll.offer_1.29
,,70,com.supercell.scroll.offer_1.49
,,80,com.supercell.scroll.offer_1.69
,,90,com.supercell.scroll.offer_1.89
,,100,com.supercell.scroll.offer_2.09
,,110,com.supercell.scroll.offer_2.29
,,120,com.supercell.scroll.offer_2.49
generic_2.19,,30,com.supercell.scroll.offer_0.69
,,40,com.supercell.scroll.offer_0.89
,,50,com.supercell.scroll.offer_1.09
,,60,com.supercell.scroll.offer_1.29
,,70,com.supercell.scroll.offer_1.49
,,80,com.supercell.scroll.offer_1.79
,,90,com.supercell.scroll.offer_1.99
,,100,com.supercell.scroll.offer_2.19
,,110,com.supercell.scroll.offer_2.39
,,120,com.supercell.scroll.offer_2.59
generic_2.29,,30,com.supercell.scroll.offer_0.69
,,40,com.supercell.scroll.offer_0.89
,,50,com.supercell.scroll.offer_1.19
,,60,com.supercell.scroll.offer_1.39
,,70,com.supercell.scroll.offer_1.59
,,80,com.supercell.scroll.offer_1.79
,,90,com.supercell.scroll.offer_2.09
,,100,com.supercell.scroll.offer_2.29
,,110,com.supercell.scroll.offer_2.49
,,120,com.supercell.scroll.offer_2.79
generic_2.39,,30,com.supercell.scroll.offer_0.69
,,40,com.supercell.scroll.offer_0.99
,,50,com.supercell.scroll.offer_1.19
,,60,com.supercell.scroll.offer_1.39
,,70,com.supercell.scroll.offer_1.69
,,80,com.supercell.scroll.offer_1.89
,,90,com.supercell.scroll.offer_2.19
,,100,com.supercell.scroll.offer_2.39
,,110,com.supercell.scroll.offer_2.59
,,120,com.supercell.scroll.offer_2.89
generic_2.49,,30,com.supercell.scroll.offer_0.79
,,40,com.supercell.scroll.offer_0.99
,,50,com.supercell.scroll.offer_1.29
,,60,com.supercell.scroll.offer_1.49
,,70,com.supercell.scroll.offer_1.79
,,80,com.supercell.scroll.offer_1.99
,,90,com.supercell.scroll.offer_2.29
,,100,com.supercell.scroll.offer_2.49
,,110,com.supercell.scroll.offer_2.69
,,120,com.supercell.scroll.offer_2.99
generic_2.59,,30,com.supercell.scroll.offer_0.79
,,40,com.supercell.scroll.offer_0.99
,,50,com.supercell.scroll.offer_1.29
,,60,com.supercell.scroll.offer_1.59
,,70,com.supercell.scroll.offer_1.79
,,80,com.supercell.scroll.offer_2.09
,,90,com.supercell.scroll.offer_2.29
,,100,com.supercell.scroll.offer_2.59
,,110,com.supercell.scroll.offer_2.89
,,120,com.supercell.scroll.offer_2.99
generic_2.69,,30,com.supercell.scroll.offer_0.79
,,40,com.supercell.scroll.offer_1.09
,,50,com.supercell.scroll.offer_1.39
,,60,com.supercell.scroll.offer_1.59
,,70,com.supercell.scroll.offer_1.89
,,80,com.supercell.scroll.offer_2.19
,,90,com.supercell.scroll.offer_2.39
,,100,com.supercell.scroll.offer_2.69
,,110,com.supercell.scroll.offer_2.99
,,120,com.supercell.scroll.offer_3.29
generic_2.79,,30,com.supercell.scroll.offer_0.79
,,40,com.supercell.scroll.offer_1.09
,,50,com.supercell.scroll.offer_1.39
,,60,com.supercell.scroll.offer_1.69
,,70,com.supercell.scroll.offer_1.99
,,80,com.supercell.scroll.offer_2.19
,,90,com.supercell.scroll.offer_2.49
,,100,com.supercell.scroll.offer_2.79
,,110,com.supercell.scroll.offer_2.99
,,120,com.supercell.scroll.offer_3.29
generic_2.89,,30,com.supercell.scroll.offer_0.89
,,40,com.supercell.scroll.offer_1.19
,,50,com.supercell.scroll.offer_1.49
,,60,com.supercell.scroll.offer_1.69
,,70,com.supercell.scroll.offer_1.99
,,80,com.supercell.scroll.offer_2.29
,,90,com.supercell.scroll.offer_2.59
,,100,com.supercell.scroll.offer_2.89
,,110,com.supercell.scroll.offer_3.29
,,120,com.supercell.scroll.offer_3.49
generic_2.99,,30,com.supercell.scroll.offer_0.89
,,40,com.supercell.scroll.offer_1.19
,,50,com.supercell.scroll.offer_1.49
,,60,com.supercell.scroll.offer_1.79
,,70,com.supercell.scroll.offer_2.09
,,80,com.supercell.scroll.offer_2.39
,,90,com.supercell.scroll.offer_2.69
,,100,com.supercell.scroll.offer_2.99
,,110,com.supercell.scroll.offer_3.29
,,120,com.supercell.scroll.offer_3.49
generic_3.29,,30,com.supercell.scroll.offer_0.99
,,40,com.supercell.scroll.offer_1.29
,,50,com.supercell.scroll.offer_1.69
,,60,com.supercell.scroll.offer_1.99
,,70,com.supercell.scroll.offer_2.29
,,80,com.supercell.scroll.offer_2.59
,,90,com.supercell.scroll.offer_2.99
,,100,com.supercell.scroll.offer_3.29
,,110,com.supercell.scroll.offer_3.49
,,120,com.supercell.scroll.offer_3.99
generic_3.49,,30,com.supercell.scroll.offer_1.09
,,40,com.supercell.scroll.offer_1.39
,,50,com.supercell.scroll.offer_1.79
,,60,com.supercell.scroll.offer_2.09
,,70,com.supercell.scroll.offer_2.49
,,80,com.supercell.scroll.offer_2.79
,,90,com.supercell.scroll.offer_3.29
,,100,com.supercell.scroll.offer_3.49
,,110,com.supercell.scroll.offer_3.79
,,120,com.supercell.scroll.offer_4.29
generic_3.79,,30,com.supercell.scroll.offer_1.09
,,40,com.supercell.scroll.offer_1.49
,,50,com.supercell.scroll.offer_1.89
,,60,com.supercell.scroll.offer_2.29
,,70,com.supercell.scroll.offer_2.69
,,80,com.supercell.scroll.offer_2.99
,,90,com.supercell.scroll.offer_3.49
,,100,com.supercell.scroll.offer_3.79
,,110,com.supercell.scroll.offer_4.29
,,120,com.supercell.scroll.offer_4.49
generic_3.99,,30,com.supercell.scroll.offer_1.19
,,40,com.supercell.scroll.offer_1.59
,,50,com.supercell.scroll.offer_1.99
,,60,com.supercell.scroll.offer_2.39
,,70,com.supercell.scroll.offer_2.79
,,80,com.supercell.scroll.offer_3.29
,,90,com.supercell.scroll.offer_3.49
,,100,com.supercell.scroll.offer_3.99
,,110,com.supercell.scroll.offer_4.29
,,120,com.supercell.scroll.offer_4.79
generic_4.29,,30,com.supercell.scroll.offer_1.29
,,40,com.supercell.scroll.offer_1.69
,,50,com.supercell.scroll.offer_2.19
,,60,com.supercell.scroll.offer_2.59
,,70,com.supercell.scroll.offer_2.99
,,80,com.supercell.scroll.offer_3.49
,,90,com.supercell.scroll.offer_3.79
,,100,com.supercell.scroll.offer_4.29
,,110,com.supercell.scroll.offer_4.79
,,120,com.supercell.scroll.offer_4.99
generic_4.49,,30,com.supercell.scroll.offer_1.39
,,40,com.supercell.scroll.offer_1.79
,,50,com.supercell.scroll.offer_2.29
,,60,com.supercell.scroll.offer_2.69
,,70,com.supercell.scroll.offer_3.29
,,80,com.supercell.scroll.offer_3.49
,,90,com.supercell.scroll.offer_3.99
,,100,com.supercell.scroll.offer_4.49
,,110,com.supercell.scroll.offer_4.99
,,120,com.supercell.scroll.offer_5.49
generic_4.79,,30,com.supercell.scroll.offer_1.39
,,40,com.supercell.scroll.offer_1.89
,,50,com.supercell.scroll.offer_2.39
,,60,com.supercell.scroll.offer_2.89
,,70,com.supercell.scroll.offer_3.29
,,80,com.supercell.scroll.offer_3.79
,,90,com.supercell.scroll.offer_4.29
,,100,com.supercell.scroll.offer_4.79
,,110,com.supercell.scroll.offer_5.49
,,120,com.supercell.scroll.offer_5.99
generic_4.99,,30,com.supercell.scroll.offer_1.49
,,40,com.supercell.scroll.offer_1.99
,,50,com.supercell.scroll.offer_2.49
,,60,com.supercell.scroll.offer_2.99
,,70,com.supercell.scroll.offer_3.49
,,80,com.supercell.scroll.offer_3.99
,,90,com.supercell.scroll.offer_4.49
,,100,com.supercell.scroll.offer_4.99
,,110,com.supercell.scroll.offer_5.49
,,120,com.supercell.scroll.offer_5.99
generic_5.49,,30,com.supercell.scroll.offer_1.69
,,40,com.supercell.scroll.offer_2.19
,,50,com.supercell.scroll.offer_2.79
,,60,com.supercell.scroll.offer_3.29
,,70,com.supercell.scroll.offer_3.79
,,80,com.supercell.scroll.offer_4.49
,,90,com.supercell.scroll.offer_4.99
,,100,com.supercell.scroll.offer_5.49
,,110,com.supercell.scroll.offer_5.99
,,120,com.supercell.scroll.offer_6.49
generic_5.99,,30,com.supercell.scroll.offer_1.79
,,40,com.supercell.scroll.offer_2.39
,,50,com.supercell.scroll.offer_2.99
,,60,com.supercell.scroll.offer_3.49
,,70,com.supercell.scroll.offer_4.29
,,80,com.supercell.scroll.offer_4.79
,,90,com.supercell.scroll.offer_5.49
,,100,com.supercell.scroll.offer_5.99
,,110,com.supercell.scroll.offer_6.49
,,120,com.supercell.scroll.offer_6.99
generic_6.49,,30,com.supercell.scroll.offer_1.99
,,40,com.supercell.scroll.offer_2.59
,,50,com.supercell.scroll.offer_3.29
,,60,com.supercell.scroll.offer_3.99
,,70,com.supercell.scroll.offer_4.49
,,80,com.supercell.scroll.offer_4.99
,,90,com.supercell.scroll.offer_5.99
,,100,com.supercell.scroll.offer_6.49
,,110,com.supercell.scroll.offer_6.99
,,120,com.supercell.scroll.offer_7.99
generic_6.99,,30,com.supercell.scroll.offer_2.09
,,40,com.supercell.scroll.offer_2.79
,,50,com.supercell.scroll.offer_3.49
,,60,com.supercell.scroll.offer_4.29
,,70,com.supercell.scroll.offer_4.99
,,80,com.supercell.scroll.offer_5.49
,,90,com.supercell.scroll.offer_6.49
,,100,com.supercell.scroll.offer_6.99
,,110,com.supercell.scroll.offer_7.49
,,120,com.supercell.scroll.offer_8.49
generic_7.49,,30,com.supercell.scroll.offer_2.29
,,40,com.supercell.scroll.offer_2.99
,,50,com.supercell.scroll.offer_3.79
,,60,com.supercell.scroll.offer_4.49
,,70,com.supercell.scroll.offer_5.49
,,80,com.supercell.scroll.offer_5.99
,,90,com.supercell.scroll.offer_6.99
,,100,com.supercell.scroll.offer_7.49
,,110,com.supercell.scroll.offer_7.99
,,120,com.supercell.scroll.offer_8.99
generic_7.99,,30,com.supercell.scroll.offer_2.39
,,40,com.supercell.scroll.offer_3.29
,,50,com.supercell.scroll.offer_3.99
,,60,com.supercell.scroll.offer_4.79
,,70,com.supercell.scroll.offer_5.49
,,80,com.supercell.scroll.offer_6.49
,,90,com.supercell.scroll.offer_6.99
,,100,com.supercell.scroll.offer_7.99
,,110,com.supercell.scroll.offer_8.99
,,120,com.supercell.scroll.offer_9.49
generic_8.49,,30,com.supercell.scroll.offer_2.59
,,40,com.supercell.scroll.offer_3.49
,,50,com.supercell.scroll.offer_4.29
,,60,com.supercell.scroll.offer_4.99
,,70,com.supercell.scroll.offer_5.99
,,80,com.supercell.scroll.offer_6.99
,,90,com.supercell.scroll.offer_7.49
,,100,com.supercell.scroll.offer_8.49
,,110,com.supercell.scroll.offer_9.49
,,120,com.supercell.scroll.offer_9.99
generic_8.99,,30,com.supercell.scroll.offer_2.69
,,40,com.supercell.scroll.offer_3.49
,,50,com.supercell.scroll.offer_4.49
,,60,com.supercell.scroll.offer_5.49
,,70,com.supercell.scroll.offer_6.49
,,80,com.supercell.scroll.offer_6.99
,,90,com.supercell.scroll.offer_7.99
,,100,com.supercell.scroll.offer_8.99
,,110,com.supercell.scroll.offer_9.99
,,120,com.supercell.scroll.offer_10.99
generic_9.49,,30,com.supercell.scroll.offer_2.89
,,40,com.supercell.scroll.offer_3.79
,,50,com.supercell.scroll.offer_4.79
,,60,com.supercell.scroll.offer_5.49
,,70,com.supercell.scroll.offer_6.49
,,80,com.supercell.scroll.offer_7.49
,,90,com.supercell.scroll.offer_8.49
,,100,com.supercell.scroll.offer_9.49
,,110,com.supercell.scroll.offer_9.99
,,120,com.supercell.scroll.offer_10.99
generic_9.99,,30,com.supercell.scroll.offer_2.99
,,40,com.supercell.scroll.offer_3.99
,,50,com.supercell.scroll.offer_4.99
,,60,com.supercell.scroll.offer_5.99
,,70,com.supercell.scroll.offer_6.99
,,80,com.supercell.scroll.offer_7.99
,,90,com.supercell.scroll.offer_8.99
,,100,com.supercell.scroll.offer_9.99
,,110,com.supercell.scroll.offer_10.99
,,120,com.supercell.scroll.offer_11.99
generic_10.99,,30,com.supercell.scroll.offer_3.29
,,40,com.supercell.scroll.offer_4.49
,,50,com.supercell.scroll.offer_5.49
,,60,com.supercell.scroll.offer_6.49
,,70,com.supercell.scroll.offer_7.49
,,80,com.supercell.scroll.offer_8.99
,,90,com.supercell.scroll.offer_9.99
,,100,com.supercell.scroll.offer_10.99
,,110,com.supercell.scroll.offer_11.99
,,120,com.supercell.scroll.offer_12.99
generic_11.99,,30,com.supercell.scroll.offer_3.49
,,40,com.supercell.scroll.offer_4.79
,,50,com.supercell.scroll.offer_5.99
,,60,com.supercell.scroll.offer_6.99
,,70,com.supercell.scroll.offer_8.49
,,80,com.supercell.scroll.offer_9.49
,,90,com.supercell.scroll.offer_10.99
,,100,com.supercell.scroll.offer_11.99
,,110,com.supercell.scroll.offer_12.99
,,120,com.supercell.scroll.offer_13.99
generic_12.99,,30,com.supercell.scroll.offer_3.99
,,40,com.supercell.scroll.offer_4.99
,,50,com.supercell.scroll.offer_6.49
,,60,com.supercell.scroll.offer_7.99
,,70,com.supercell.scroll.offer_8.99
,,80,com.supercell.scroll.offer_9.99
,,90,com.supercell.scroll.offer_11.99
,,100,com.supercell.scroll.offer_12.99
,,110,com.supercell.scroll.offer_13.99
,,120,com.supercell.scroll.offer_15.99
generic_13.99,,30,com.supercell.scroll.offer_4.29
,,40,com.supercell.scroll.offer_5.49
,,50,com.supercell.scroll.offer_6.99
,,60,com.supercell.scroll.offer_8.49
,,70,com.supercell.scroll.offer_9.99
,,80,com.supercell.scroll.offer_10.99
,,90,com.supercell.scroll.offer_12.99
,,100,com.supercell.scroll.offer_13.99
,,110,com.supercell.scroll.offer_14.99
,,120,com.supercell.scroll.offer_16.99
generic_14.99,,30,com.supercell.scroll.offer_4.49
,,40,com.supercell.scroll.offer_5.99
,,50,com.supercell.scroll.offer_7.49
,,60,com.supercell.scroll.offer_8.99
,,70,com.supercell.scroll.offer_10.99
,,80,com.supercell.scroll.offer_11.99
,,90,com.supercell.scroll.offer_13.99
,,100,com.supercell.scroll.offer_14.99
,,110,com.supercell.scroll.offer_15.99
,,120,com.supercell.scroll.offer_17.99
generic_15.99,,30,com.supercell.scroll.offer_4.79
,,40,com.supercell.scroll.offer_6.49
,,50,com.supercell.scroll.offer_7.99
,,60,com.supercell.scroll.offer_9.49
,,70,com.supercell.scroll.offer_10.99
,,80,com.supercell.scroll.offer_12.99
,,90,com.supercell.scroll.offer_13.99
,,100,com.supercell.scroll.offer_15.99
,,110,com.supercell.scroll.offer_17.99
,,120,com.supercell.scroll.offer_18.99
generic_16.99,,30,com.supercell.scroll.offer_4.99
,,40,com.supercell.scroll.offer_6.99
,,50,com.supercell.scroll.offer_8.49
,,60,com.supercell.scroll.offer_9.99
,,70,com.supercell.scroll.offer_11.99
,,80,com.supercell.scroll.offer_13.99
,,90,com.supercell.scroll.offer_14.99
,,100,com.supercell.scroll.offer_16.99
,,110,com.supercell.scroll.offer_18.99
,,120,com.supercell.scroll.offer_19.99
generic_17.99,,30,com.supercell.scroll.offer_5.49
,,40,com.supercell.scroll.offer_6.99
,,50,com.supercell.scroll.offer_8.99
,,60,com.supercell.scroll.offer_10.99
,,70,com.supercell.scroll.offer_12.99
,,80,com.supercell.scroll.offer_13.99
,,90,com.supercell.scroll.offer_15.99
,,100,com.supercell.scroll.offer_17.99
,,110,com.supercell.scroll.offer_19.99
,,120,com.supercell.scroll.offer_21.99
generic_18.99,,30,com.supercell.scroll.offer_5.49
,,40,com.supercell.scroll.offer_7.49
,,50,com.supercell.scroll.offer_9.49
,,60,com.supercell.scroll.offer_10.99
,,70,com.supercell.scroll.offer_12.99
,,80,com.supercell.scroll.offer_14.99
,,90,com.supercell.scroll.offer_16.99
,,100,com.supercell.scroll.offer_18.99
,,110,com.supercell.scroll.offer_20.99
,,120,com.supercell.scroll.offer_22.99
generic_19.99,,30,com.supercell.scroll.offer_5.99
,,40,com.supercell.scroll.offer_7.99
,,50,com.supercell.scroll.offer_9.99
,,60,com.supercell.scroll.offer_11.99
,,70,com.supercell.scroll.offer_13.99
,,80,com.supercell.scroll.offer_15.99
,,90,com.supercell.scroll.offer_17.99
,,100,com.supercell.scroll.offer_19.99
,,110,com.supercell.scroll.offer_21.99
,,120,com.supercell.scroll.offer_23.99
generic_20.99,,30,com.supercell.scroll.offer_6.49
,,40,com.supercell.scroll.offer_8.49
,,50,com.supercell.scroll.offer_10.99
,,60,com.supercell.scroll.offer_12.99
,,70,com.supercell.scroll.offer_14.99
,,80,com.supercell.scroll.offer_16.99
,,90,com.supercell.scroll.offer_18.99
,,100,com.supercell.scroll.offer_20.99
,,110,com.supercell.scroll.offer_22.99
,,120,com.supercell.scroll.offer_24.99
generic_21.99,,30,com.supercell.scroll.offer_6.49
,,40,com.supercell.scroll.offer_8.99
,,50,com.supercell.scroll.offer_10.99
,,60,com.supercell.scroll.offer_12.99
,,70,com.supercell.scroll.offer_14.99
,,80,com.supercell.scroll.offer_17.99
,,90,com.supercell.scroll.offer_19.99
,,100,com.supercell.scroll.offer_21.99
,,110,com.supercell.scroll.offer_23.99
,,120,com.supercell.scroll.offer_25.99
generic_22.99,,30,com.supercell.scroll.offer_6.99
,,40,com.supercell.scroll.offer_8.99
,,50,com.supercell.scroll.offer_11.99
,,60,com.supercell.scroll.offer_13.99
,,70,com.supercell.scroll.offer_15.99
,,80,com.supercell.scroll.offer_17.99
,,90,com.supercell.scroll.offer_20.99
,,100,com.supercell.scroll.offer_22.99
,,110,com.supercell.scroll.offer_24.99
,,120,com.supercell.scroll.offer_27.99
generic_23.99,,30,com.supercell.scroll.offer_6.99
,,40,com.supercell.scroll.offer_9.49
,,50,com.supercell.scroll.offer_11.99
,,60,com.supercell.scroll.offer_13.99
,,70,com.supercell.scroll.offer_16.99
,,80,com.supercell.scroll.offer_18.99
,,90,com.supercell.scroll.offer_21.99
,,100,com.supercell.scroll.offer_23.99
,,110,com.supercell.scroll.offer_25.99
,,120,com.supercell.scroll.offer_28.99
generic_24.99,,30,com.supercell.scroll.offer_7.49
,,40,com.supercell.scroll.offer_9.99
,,50,com.supercell.scroll.offer_12.99
,,60,com.supercell.scroll.offer_14.99
,,70,com.supercell.scroll.offer_17.99
,,80,com.supercell.scroll.offer_19.99
,,90,com.supercell.scroll.offer_22.99
,,100,com.supercell.scroll.offer_24.99
,,110,com.supercell.scroll.offer_26.99
,,120,com.supercell.scroll.offer_29.99
generic_25.99,,30,com.supercell.scroll.offer_7.99
,,40,com.supercell.scroll.offer_9.99
,,50,com.supercell.scroll.offer_12.99
,,60,com.supercell.scroll.offer_15.99
,,70,com.supercell.scroll.offer_17.99
,,80,com.supercell.scroll.offer_20.99
,,90,com.supercell.scroll.offer_22.99
,,100,com.supercell.scroll.offer_25.99
,,110,com.supercell.scroll.offer_28.99
,,120,com.supercell.scroll.offer_30.99
generic_26.99,,30,com.supercell.scroll.offer_7.99
,,40,com.supercell.scroll.offer_10.99
,,50,com.supercell.scroll.offer_13.99
,,60,com.supercell.scroll.offer_15.99
,,70,com.supercell.scroll.offer_18.99
,,80,com.supercell.scroll.offer_21.99
,,90,com.supercell.scroll.offer_23.99
,,100,com.supercell.scroll.offer_26.99
,,110,com.supercell.scroll.offer_29.99
,,120,com.supercell.scroll.offer_31.99
generic_27.99,,30,com.supercell.scroll.offer_8.49
,,40,com.supercell.scroll.offer_10.99
,,50,com.supercell.scroll.offer_13.99
,,60,com.supercell.scroll.offer_16.99
,,70,com.supercell.scroll.offer_19.99
,,80,com.supercell.scroll.offer_21.99
,,90,com.supercell.scroll.offer_24.99
,,100,com.supercell.scroll.offer_27.99
,,110,com.supercell.scroll.offer_30.99
,,120,com.supercell.scroll.offer_33.99
generic_28.99,,30,com.supercell.scroll.offer_8.49
,,40,com.supercell.scroll.offer_11.99
,,50,com.supercell.scroll.offer_14.99
,,60,com.supercell.scroll.offer_16.99
,,70,com.supercell.scroll.offer_19.99
,,80,com.supercell.scroll.offer_22.99
,,90,com.supercell.scroll.offer_25.99
,,100,com.supercell.scroll.offer_28.99
,,110,com.supercell.scroll.offer_31.99
,,120,com.supercell.scroll.offer_34.99
generic_29.99,,30,com.supercell.scroll.offer_8.99
,,40,com.supercell.scroll.offer_11.99
,,50,com.supercell.scroll.offer_14.99
,,60,com.supercell.scroll.offer_17.99
,,70,com.supercell.scroll.offer_20.99
,,80,com.supercell.scroll.offer_23.99
,,90,com.supercell.scroll.offer_26.99
,,100,com.supercell.scroll.offer_29.99
,,110,com.supercell.scroll.offer_32.99
,,120,com.supercell.scroll.offer_35.99
generic_30.99,,30,com.supercell.scroll.offer_9.49
,,40,com.supercell.scroll.offer_11.99
,,50,com.supercell.scroll.offer_15.99
,,60,com.supercell.scroll.offer_18.99
,,70,com.supercell.scroll.offer_21.99
,,80,com.supercell.scroll.offer_24.99
,,90,com.supercell.scroll.offer_27.99
,,100,com.supercell.scroll.offer_30.99
,,110,com.supercell.scroll.offer_33.99
,,120,com.supercell.scroll.offer_36.99
generic_31.99,,30,com.supercell.scroll.offer_9.49
,,40,com.supercell.scroll.offer_12.99
,,50,com.supercell.scroll.offer_15.99
,,60,com.supercell.scroll.offer_18.99
,,70,com.supercell.scroll.offer_21.99
,,80,com.supercell.scroll.offer_25.99
,,90,com.supercell.scroll.offer_28.99
,,100,com.supercell.scroll.offer_31.99
,,110,com.supercell.scroll.offer_34.99
,,120,com.supercell.scroll.offer_37.99
generic_32.99,,30,com.supercell.scroll.offer_9.99
,,40,com.supercell.scroll.offer_12.99
,,50,com.supercell.scroll.offer_16.99
,,60,com.supercell.scroll.offer_19.99
,,70,com.supercell.scroll.offer_22.99
,,80,com.supercell.scroll.offer_25.99
,,90,com.supercell.scroll.offer_29.99
,,100,com.supercell.scroll.offer_32.99
,,110,com.supercell.scroll.offer_35.99
,,120,com.supercell.scroll.offer_39.99
generic_33.99,,30,com.supercell.scroll.offer_9.99
,,40,com.supercell.scroll.offer_13.99
,,50,com.supercell.scroll.offer_16.99
,,60,com.supercell.scroll.offer_19.99
,,70,com.supercell.scroll.offer_23.99
,,80,com.supercell.scroll.offer_26.99
,,90,com.supercell.scroll.offer_30.99
,,100,com.supercell.scroll.offer_33.99
,,110,com.supercell.scroll.offer_36.99
,,120,com.supercell.scroll.offer_40.99
generic_34.99,,30,com.supercell.scroll.offer_10.99
,,40,com.supercell.scroll.offer_13.99
,,50,com.supercell.scroll.offer_17.99
,,60,com.supercell.scroll.offer_20.99
,,70,com.supercell.scroll.offer_24.99
,,80,com.supercell.scroll.offer_27.99
,,90,com.supercell.scroll.offer_31.99
,,100,com.supercell.scroll.offer_34.99
,,110,com.supercell.scroll.offer_37.99
,,120,com.supercell.scroll.offer_41.99
generic_35.99,,30,com.supercell.scroll.offer_10.99
,,40,com.supercell.scroll.offer_13.99
,,50,com.supercell.scroll.offer_17.99
,,60,com.supercell.scroll.offer_21.99
,,70,com.supercell.scroll.offer_24.99
,,80,com.supercell.scroll.offer_28.99
,,90,com.supercell.scroll.offer_31.99
,,100,com.supercell.scroll.offer_35.99
,,110,com.supercell.scroll.offer_39.99
,,120,com.supercell.scroll.offer_42.99
generic_36.99,,30,com.supercell.scroll.offer_10.99
,,40,com.supercell.scroll.offer_14.99
,,50,com.supercell.scroll.offer_18.99
,,60,com.supercell.scroll.offer_21.99
,,70,com.supercell.scroll.offer_25.99
,,80,com.supercell.scroll.offer_29.99
,,90,com.supercell.scroll.offer_32.99
,,100,com.supercell.scroll.offer_36.99
,,110,com.supercell.scroll.offer_40.99
,,120,com.supercell.scroll.offer_43.99
generic_37.99,,30,com.supercell.scroll.offer_10.99
,,40,com.supercell.scroll.offer_14.99
,,50,com.supercell.scroll.offer_18.99
,,60,com.supercell.scroll.offer_22.99
,,70,com.supercell.scroll.offer_26.99
,,80,com.supercell.scroll.offer_29.99
,,90,com.supercell.scroll.offer_33.99
,,100,com.supercell.scroll.offer_37.99
,,110,com.supercell.scroll.offer_41.99
,,120,com.supercell.scroll.offer_45.99
generic_38.99,,30,com.supercell.scroll.offer_11.99
,,40,com.supercell.scroll.offer_15.99
,,50,com.supercell.scroll.offer_19.99
,,60,com.supercell.scroll.offer_22.99
,,70,com.supercell.scroll.offer_26.99
,,80,com.supercell.scroll.offer_30.99
,,90,com.supercell.scroll.offer_34.99
,,100,com.supercell.scroll.offer_38.99
,,110,com.supercell.scroll.offer_42.99
,,120,com.supercell.scroll.offer_46.99
generic_39.99,,30,com.supercell.scroll.offer_11.99
,,40,com.supercell.scroll.offer_15.99
,,50,com.supercell.scroll.offer_19.99
,,60,com.supercell.scroll.offer_23.99
,,70,com.supercell.scroll.offer_27.99
,,80,com.supercell.scroll.offer_31.99
,,90,com.supercell.scroll.offer_35.99
,,100,com.supercell.scroll.offer_39.99
,,110,com.supercell.scroll.offer_43.99
,,120,com.supercell.scroll.offer_47.99
generic_40.99,,30,com.supercell.scroll.offer_11.99
,,40,com.supercell.scroll.offer_15.99
,,50,com.supercell.scroll.offer_20.99
,,60,com.supercell.scroll.offer_24.99
,,70,com.supercell.scroll.offer_28.99
,,80,com.supercell.scroll.offer_32.99
,,90,com.supercell.scroll.offer_36.99
,,100,com.supercell.scroll.offer_40.99
,,110,com.supercell.scroll.offer_44.99
,,120,com.supercell.scroll.offer_48.99
generic_41.99,,30,com.supercell.scroll.offer_12.99
,,40,com.supercell.scroll.offer_16.99
,,50,com.supercell.scroll.offer_20.99
,,60,com.supercell.scroll.offer_24.99
,,70,com.supercell.scroll.offer_28.99
,,80,com.supercell.scroll.offer_33.99
,,90,com.supercell.scroll.offer_37.99
,,100,com.supercell.scroll.offer_41.99
,,110,com.supercell.scroll.offer_45.99
,,120,com.supercell.scroll.offer_49.99
generic_42.99,,30,com.supercell.scroll.offer_12.99
,,40,com.supercell.scroll.offer_16.99
,,50,com.supercell.scroll.offer_21.99
,,60,com.supercell.scroll.offer_25.99
,,70,com.supercell.scroll.offer_29.99
,,80,com.supercell.scroll.offer_33.99
,,90,com.supercell.scroll.offer_38.99
,,100,com.supercell.scroll.offer_42.99
,,110,com.supercell.scroll.offer_46.99
,,120,com.supercell.scroll.offer_52.99
generic_43.99,,30,com.supercell.scroll.offer_12.99
,,40,com.supercell.scroll.offer_17.99
,,50,com.supercell.scroll.offer_21.99
,,60,com.supercell.scroll.offer_25.99
,,70,com.supercell.scroll.offer_30.99
,,80,com.supercell.scroll.offer_34.99
,,90,com.supercell.scroll.offer_39.99
,,100,com.supercell.scroll.offer_43.99
,,110,com.supercell.scroll.offer_47.99
,,120,com.supercell.scroll.offer_52.99
generic_44.99,,30,com.supercell.scroll.offer_13.99
,,40,com.supercell.scroll.offer_17.99
,,50,com.supercell.scroll.offer_22.99
,,60,com.supercell.scroll.offer_26.99
,,70,com.supercell.scroll.offer_31.99
,,80,com.supercell.scroll.offer_35.99
,,90,com.supercell.scroll.offer_40.99
,,100,com.supercell.scroll.offer_44.99
,,110,com.supercell.scroll.offer_48.99
,,120,com.supercell.scroll.offer_52.99
generic_45.99,,30,com.supercell.scroll.offer_13.99
,,40,com.supercell.scroll.offer_17.99
,,50,com.supercell.scroll.offer_22.99
,,60,com.supercell.scroll.offer_27.99
,,70,com.supercell.scroll.offer_31.99
,,80,com.supercell.scroll.offer_36.99
,,90,com.supercell.scroll.offer_40.99
,,100,com.supercell.scroll.offer_45.99
,,110,com.supercell.scroll.offer_49.99
,,120,com.supercell.scroll.offer_54.99
generic_46.99,,30,com.supercell.scroll.offer_13.99
,,40,com.supercell.scroll.offer_18.99
,,50,com.supercell.scroll.offer_23.99
,,60,com.supercell.scroll.offer_27.99
,,70,com.supercell.scroll.offer_32.99
,,80,com.supercell.scroll.offer_37.99
,,90,com.supercell.scroll.offer_41.99
,,100,com.supercell.scroll.offer_46.99
,,110,com.supercell.scroll.offer_52.99
,,120,com.supercell.scroll.offer_54.99
generic_47.99,,30,com.supercell.scroll.offer_13.99
,,40,com.supercell.scroll.offer_18.99
,,50,com.supercell.scroll.offer_23.99
,,60,com.supercell.scroll.offer_28.99
,,70,com.supercell.scroll.offer_33.99
,,80,com.supercell.scroll.offer_37.99
,,90,com.supercell.scroll.offer_42.99
,,100,com.supercell.scroll.offer_47.99
,,110,com.supercell.scroll.offer_52.99
,,120,com.supercell.scroll.offer_57.99
generic_48.99,,30,com.supercell.scroll.offer_14.99
,,40,com.supercell.scroll.offer_19.99
,,50,com.supercell.scroll.offer_24.99
,,60,com.supercell.scroll.offer_28.99
,,70,com.supercell.scroll.offer_33.99
,,80,com.supercell.scroll.offer_38.99
,,90,com.supercell.scroll.offer_43.99
,,100,com.supercell.scroll.offer_48.99
,,110,com.supercell.scroll.offer_52.99
,,120,com.supercell.scroll.offer_57.99
generic_49.99,,30,com.supercell.scroll.offer_14.99
,,40,com.supercell.scroll.offer_19.99
,,50,com.supercell.scroll.offer_24.99
,,60,com.supercell.scroll.offer_29.99
,,70,com.supercell.scroll.offer_34.99
,,80,com.supercell.scroll.offer_39.99
,,90,com.supercell.scroll.offer_44.99
,,100,com.supercell.scroll.offer_49.99
,,110,com.supercell.scroll.offer_54.99
,,120,com.supercell.scroll.offer_59.99
generic_52.99,,30,com.supercell.scroll.offer_15.99
,,40,com.supercell.scroll.offer_20.99
,,50,com.supercell.scroll.offer_26.99
,,60,com.supercell.scroll.offer_31.99
,,70,com.supercell.scroll.offer_36.99
,,80,com.supercell.scroll.offer_41.99
,,90,com.supercell.scroll.offer_47.99
,,100,com.supercell.scroll.offer_52.99
,,110,com.supercell.scroll.offer_57.99
,,120,com.supercell.scroll.offer_62.99
generic_54.99,,30,com.supercell.scroll.offer_16.99
,,40,com.supercell.scroll.offer_21.99
,,50,com.supercell.scroll.offer_27.99
,,60,com.supercell.scroll.offer_32.99
,,70,com.supercell.scroll.offer_38.99
,,80,com.supercell.scroll.offer_43.99
,,90,com.supercell.scroll.offer_49.99
,,100,com.supercell.scroll.offer_54.99
,,110,com.supercell.scroll.offer_59.99
,,120,com.supercell.scroll.offer_64.99
generic_57.99,,30,com.supercell.scroll.offer_16.99
,,40,com.supercell.scroll.offer_22.99
,,50,com.supercell.scroll.offer_28.99
,,60,com.supercell.scroll.offer_34.99
,,70,com.supercell.scroll.offer_40.99
,,80,com.supercell.scroll.offer_45.99
,,90,com.supercell.scroll.offer_52.99
,,100,com.supercell.scroll.offer_57.99
,,110,com.supercell.scroll.offer_62.99
,,120,com.supercell.scroll.offer_69.99
generic_59.99,,30,com.supercell.scroll.offer_17.99
,,40,com.supercell.scroll.offer_23.99
,,50,com.supercell.scroll.offer_29.99
,,60,com.supercell.scroll.offer_35.99
,,70,com.supercell.scroll.offer_41.99
,,80,com.supercell.scroll.offer_47.99
,,90,com.supercell.scroll.offer_54.99
,,100,com.supercell.scroll.offer_59.99
,,110,com.supercell.scroll.offer_64.99
,,120,com.supercell.scroll.offer_72.99
generic_62.99,,30,com.supercell.scroll.offer_18.99
,,40,com.supercell.scroll.offer_24.99
,,50,com.supercell.scroll.offer_31.99
,,60,com.supercell.scroll.offer_37.99
,,70,com.supercell.scroll.offer_43.99
,,80,com.supercell.scroll.offer_49.99
,,90,com.supercell.scroll.offer_57.99
,,100,com.supercell.scroll.offer_62.99
,,110,com.supercell.scroll.offer_69.99
,,120,com.supercell.scroll.offer_74.99
generic_64.99,,30,com.supercell.scroll.offer_19.99
,,40,com.supercell.scroll.offer_25.99
,,50,com.supercell.scroll.offer_32.99
,,60,com.supercell.scroll.offer_38.99
,,70,com.supercell.scroll.offer_45.99
,,80,com.supercell.scroll.offer_52.99
,,90,com.supercell.scroll.offer_57.99
,,100,com.supercell.scroll.offer_64.99
,,110,com.supercell.scroll.offer_69.99
,,120,com.supercell.scroll.offer_77.99
generic_67.99,,30,com.supercell.scroll.offer_19.99
,,40,com.supercell.scroll.offer_26.99
,,50,com.supercell.scroll.offer_33.99
,,60,com.supercell.scroll.offer_40.99
,,70,com.supercell.scroll.offer_47.99
,,80,com.supercell.scroll.offer_54.99
,,90,com.supercell.scroll.offer_59.99
,,100,com.supercell.scroll.offer_67.99
,,110,com.supercell.scroll.offer_74.99
,,120,com.supercell.scroll.offer_82.99
generic_69.99,,30,com.supercell.scroll.offer_20.99
,,40,com.supercell.scroll.offer_27.99
,,50,com.supercell.scroll.offer_34.99
,,60,com.supercell.scroll.offer_41.99
,,70,com.supercell.scroll.offer_48.99
,,80,com.supercell.scroll.offer_54.99
,,90,com.supercell.scroll.offer_62.99
,,100,com.supercell.scroll.offer_69.99
,,110,com.supercell.scroll.offer_77.99
,,120,com.supercell.scroll.offer_82.99
generic_72.99,,30,com.supercell.scroll.offer_21.99
,,40,com.supercell.scroll.offer_28.99
,,50,com.supercell.scroll.offer_36.99
,,60,com.supercell.scroll.offer_43.99
,,70,com.supercell.scroll.offer_49.99
,,80,com.supercell.scroll.offer_57.99
,,90,com.supercell.scroll.offer_64.99
,,100,com.supercell.scroll.offer_72.99
,,110,com.supercell.scroll.offer_79.99
,,120,com.supercell.scroll.offer_87.99
generic_74.99,,30,com.supercell.scroll.offer_22.99
,,40,com.supercell.scroll.offer_29.99
,,50,com.supercell.scroll.offer_37.99
,,60,com.supercell.scroll.offer_44.99
,,70,com.supercell.scroll.offer_52.99
,,80,com.supercell.scroll.offer_59.99
,,90,com.supercell.scroll.offer_67.99
,,100,com.supercell.scroll.offer_74.99
,,110,com.supercell.scroll.offer_82.99
,,120,com.supercell.scroll.offer_89.99
generic_77.99,,30,com.supercell.scroll.offer_22.99
,,40,com.supercell.scroll.offer_30.99
,,50,com.supercell.scroll.offer_38.99
,,60,com.supercell.scroll.offer_46.99
,,70,com.supercell.scroll.offer_54.99
,,80,com.supercell.scroll.offer_62.99
,,90,com.supercell.scroll.offer_69.99
,,100,com.supercell.scroll.offer_77.99
,,110,com.supercell.scroll.offer_84.99
,,120,com.supercell.scroll.offer_92.99
generic_79.99,,30,com.supercell.scroll.offer_23.99
,,40,com.supercell.scroll.offer_31.99
,,50,com.supercell.scroll.offer_39.99
,,60,com.supercell.scroll.offer_47.99
,,70,com.supercell.scroll.offer_54.99
,,80,com.supercell.scroll.offer_64.99
,,90,com.supercell.scroll.offer_72.99
,,100,com.supercell.scroll.offer_79.99
,,110,com.supercell.scroll.offer_87.99
,,120,com.supercell.scroll.offer_94.99
generic_82.99,,30,com.supercell.scroll.offer_24.99
,,40,com.supercell.scroll.offer_32.99
,,50,com.supercell.scroll.offer_41.99
,,60,com.supercell.scroll.offer_49.99
,,70,com.supercell.scroll.offer_57.99
,,80,com.supercell.scroll.offer_64.99
,,90,com.supercell.scroll.offer_74.99
,,100,com.supercell.scroll.offer_82.99
,,110,com.supercell.scroll.offer_89.99
,,120,com.supercell.scroll.offer_99.99
generic_84.99,,30,com.supercell.scroll.offer_25.99
,,40,com.supercell.scroll.offer_33.99
,,50,com.supercell.scroll.offer_42.99
,,60,com.supercell.scroll.offer_49.99
,,70,com.supercell.scroll.offer_59.99
,,80,com.supercell.scroll.offer_67.99
,,90,com.supercell.scroll.offer_77.99
,,100,com.supercell.scroll.offer_84.99
,,110,com.supercell.scroll.offer_92.99
,,120,com.supercell.scroll.offer_99.99
generic_87.99,,30,com.supercell.scroll.offer_25.99
,,40,com.supercell.scroll.offer_34.99
,,50,com.supercell.scroll.offer_43.99
,,60,com.supercell.scroll.offer_52.99
,,70,com.supercell.scroll.offer_62.99
,,80,com.supercell.scroll.offer_69.99
,,90,com.supercell.scroll.offer_79.99
,,100,com.supercell.scroll.offer_87.99
,,110,com.supercell.scroll.offer_97.99
,,120,com.supercell.scroll.offer_104.99
generic_89.99,,30,com.supercell.scroll.offer_26.99
,,40,com.supercell.scroll.offer_35.99
,,50,com.supercell.scroll.offer_44.99
,,60,com.supercell.scroll.offer_54.99
,,70,com.supercell.scroll.offer_62.99
,,80,com.supercell.scroll.offer_72.99
,,90,com.supercell.scroll.offer_79.99
,,100,com.supercell.scroll.offer_89.99
,,110,com.supercell.scroll.offer_97.99
,,120,com.supercell.scroll.offer_109.99
generic_92.99,,30,com.supercell.scroll.offer_27.99
,,40,com.supercell.scroll.offer_36.99
,,50,com.supercell.scroll.offer_46.99
,,60,com.supercell.scroll.offer_54.99
,,70,com.supercell.scroll.offer_64.99
,,80,com.supercell.scroll.offer_74.99
,,90,com.supercell.scroll.offer_82.99
,,100,com.supercell.scroll.offer_92.99
,,110,com.supercell.scroll.offer_99.99
,,120,com.supercell.scroll.offer_109.99
generic_94.99,,30,com.supercell.scroll.offer_28.99
,,40,com.supercell.scroll.offer_37.99
,,50,com.supercell.scroll.offer_47.99
,,60,com.supercell.scroll.offer_57.99
,,70,com.supercell.scroll.offer_67.99
,,80,com.supercell.scroll.offer_74.99
,,90,com.supercell.scroll.offer_84.99
,,100,com.supercell.scroll.offer_94.99
,,110,com.supercell.scroll.offer_104.99
,,120,com.supercell.scroll.offer_114.99
generic_97.99,,30,com.supercell.scroll.offer_28.99
,,40,com.supercell.scroll.offer_38.99
,,50,com.supercell.scroll.offer_48.99
,,60,com.supercell.scroll.offer_57.99
,,70,com.supercell.scroll.offer_67.99
,,80,com.supercell.scroll.offer_77.99
,,90,com.supercell.scroll.offer_87.99
,,100,com.supercell.scroll.offer_97.99
,,110,com.supercell.scroll.offer_109.99
,,120,com.supercell.scroll.offer_119.99
generic_99.99,,30,com.supercell.scroll.offer_29.99
,,40,com.supercell.scroll.offer_39.99
,,50,com.supercell.scroll.offer_49.99
,,60,com.supercell.scroll.offer_59.99
,,70,com.supercell.scroll.offer_69.99
,,80,com.supercell.scroll.offer_79.99
,,90,com.supercell.scroll.offer_89.99
,,100,com.supercell.scroll.offer_99.99
,,110,com.supercell.scroll.offer_109.99
,,120,com.supercell.scroll.offer_119.99
generic_104.99,,30,com.supercell.scroll.offer_31.99
,,40,com.supercell.scroll.offer_41.99
,,50,com.supercell.scroll.offer_52.99
,,60,com.supercell.scroll.offer_62.99
,,70,com.supercell.scroll.offer_72.99
,,80,com.supercell.scroll.offer_84.99
,,90,com.supercell.scroll.offer_94.99
,,100,com.supercell.scroll.offer_104.99
,,110,com.supercell.scroll.offer_114.99
,,120,com.supercell.scroll.offer_124.99
generic_109.99,,30,com.supercell.scroll.offer_32.99
,,40,com.supercell.scroll.offer_43.99
,,50,com.supercell.scroll.offer_54.99
,,60,com.supercell.scroll.offer_64.99
,,70,com.supercell.scroll.offer_77.99
,,80,com.supercell.scroll.offer_87.99
,,90,com.supercell.scroll.offer_99.99
,,100,com.supercell.scroll.offer_109.99
,,110,com.supercell.scroll.offer_119.99
,,120,com.supercell.scroll.offer_129.99
generic_114.99,,30,com.supercell.scroll.offer_34.99
,,40,com.supercell.scroll.offer_45.99
,,50,com.supercell.scroll.offer_57.99
,,60,com.supercell.scroll.offer_69.99
,,70,com.supercell.scroll.offer_79.99
,,80,com.supercell.scroll.offer_92.99
,,90,com.supercell.scroll.offer_104.99
,,100,com.supercell.scroll.offer_114.99
,,110,com.supercell.scroll.offer_124.99
,,120,com.supercell.scroll.offer_139.99
generic_119.99,,30,com.supercell.scroll.offer_35.99
,,40,com.supercell.scroll.offer_47.99
,,50,com.supercell.scroll.offer_59.99
,,60,com.supercell.scroll.offer_72.99
,,70,com.supercell.scroll.offer_84.99
,,80,com.supercell.scroll.offer_94.99
,,90,com.supercell.scroll.offer_109.99
,,100,com.supercell.scroll.offer_119.99
,,110,com.supercell.scroll.offer_129.99
,,120,com.supercell.scroll.offer_144.99
generic_124.99,,30,com.supercell.scroll.offer_37.99
,,40,com.supercell.scroll.offer_49.99
,,50,com.supercell.scroll.offer_62.99
,,60,com.supercell.scroll.offer_74.99
,,70,com.supercell.scroll.offer_87.99
,,80,com.supercell.scroll.offer_99.99
,,90,com.supercell.scroll.offer_114.99
,,100,com.supercell.scroll.offer_124.99
,,110,com.supercell.scroll.offer_134.99
,,120,com.supercell.scroll.offer_149.99
generic_129.99,,30,com.supercell.scroll.offer_38.99
,,40,com.supercell.scroll.offer_52.99
,,50,com.supercell.scroll.offer_64.99
,,60,com.supercell.scroll.offer_77.99
,,70,com.supercell.scroll.offer_89.99
,,80,com.supercell.scroll.offer_104.99
,,90,com.supercell.scroll.offer_114.99
,,100,com.supercell.scroll.offer_129.99
,,110,com.supercell.scroll.offer_144.99
,,120,com.supercell.scroll.offer_159.99
generic_134.99,,30,com.supercell.scroll.offer_40.99
,,40,com.supercell.scroll.offer_54.99
,,50,com.supercell.scroll.offer_67.99
,,60,com.supercell.scroll.offer_79.99
,,70,com.supercell.scroll.offer_94.99
,,80,com.supercell.scroll.offer_109.99
,,90,com.supercell.scroll.offer_119.99
,,100,com.supercell.scroll.offer_134.99
,,110,com.supercell.scroll.offer_149.99
,,120,com.supercell.scroll.offer_159.99
generic_139.99,,30,com.supercell.scroll.offer_41.99
,,40,com.supercell.scroll.offer_54.99
,,50,com.supercell.scroll.offer_69.99
,,60,com.supercell.scroll.offer_84.99
,,70,com.supercell.scroll.offer_97.99
,,80,com.supercell.scroll.offer_109.99
,,90,com.supercell.scroll.offer_124.99
,,100,com.supercell.scroll.offer_139.99
,,110,com.supercell.scroll.offer_149.99
,,120,com.supercell.scroll.offer_169.99
generic_144.99,,30,com.supercell.scroll.offer_43.99
,,40,com.supercell.scroll.offer_57.99
,,50,com.supercell.scroll.offer_72.99
,,60,com.supercell.scroll.offer_87.99
,,70,com.supercell.scroll.offer_99.99
,,80,com.supercell.scroll.offer_114.99
,,90,com.supercell.scroll.offer_129.99
,,100,com.supercell.scroll.offer_144.99
,,110,com.supercell.scroll.offer_159.99
,,120,com.supercell.scroll.offer_169.99
generic_149.99,,30,com.supercell.scroll.offer_44.99
,,40,com.supercell.scroll.offer_59.99
,,50,com.supercell.scroll.offer_74.99
,,60,com.supercell.scroll.offer_89.99
,,70,com.supercell.scroll.offer_104.99
,,80,com.supercell.scroll.offer_119.99
,,90,com.supercell.scroll.offer_134.99
,,100,com.supercell.scroll.offer_149.99
,,110,com.supercell.scroll.offer_159.99
,,120,com.supercell.scroll.offer_179.99
generic_159.99,,30,com.supercell.scroll.offer_47.99
,,40,com.supercell.scroll.offer_64.99
,,50,com.supercell.scroll.offer_79.99
,,60,com.supercell.scroll.offer_94.99
,,70,com.supercell.scroll.offer_109.99
,,80,com.supercell.scroll.offer_129.99
,,90,com.supercell.scroll.offer_144.99
,,100,com.supercell.scroll.offer_159.99
,,110,com.supercell.scroll.offer_179.99
,,120,com.supercell.scroll.offer_189.99
generic_169.99,,30,com.supercell.scroll.offer_49.99
,,40,com.supercell.scroll.offer_67.99
,,50,com.supercell.scroll.offer_84.99
,,60,com.supercell.scroll.offer_99.99
,,70,com.supercell.scroll.offer_119.99
,,80,com.supercell.scroll.offer_134.99
,,90,com.supercell.scroll.offer_149.99
,,100,com.supercell.scroll.offer_169.99
,,110,com.supercell.scroll.offer_189.99
,,120,com.supercell.scroll.offer_199.99
generic_179.99,,30,com.supercell.scroll.offer_54.99
,,40,com.supercell.scroll.offer_72.99
,,50,com.supercell.scroll.offer_89.99
,,60,com.supercell.scroll.offer_109.99
,,70,com.supercell.scroll.offer_124.99
,,80,com.supercell.scroll.offer_144.99
,,90,com.supercell.scroll.offer_159.99
,,100,com.supercell.scroll.offer_179.99
,,110,com.supercell.scroll.offer_199.99
,,120,com.supercell.scroll.offer_219.99
generic_189.99,,30,com.supercell.scroll.offer_57.99
,,40,com.supercell.scroll.offer_74.99
,,50,com.supercell.scroll.offer_94.99
,,60,com.supercell.scroll.offer_114.99
,,70,com.supercell.scroll.offer_134.99
,,80,com.supercell.scroll.offer_149.99
,,90,com.supercell.scroll.offer_169.99
,,100,com.supercell.scroll.offer_189.99
,,110,com.supercell.scroll.offer_209.99
,,120,com.supercell.scroll.offer_229.99
generic_199.99,,30,com.supercell.scroll.offer_59.99
,,40,com.supercell.scroll.offer_79.99
,,50,com.supercell.scroll.offer_99.99
,,60,com.supercell.scroll.offer_119.99
,,70,com.supercell.scroll.offer_139.99
,,80,com.supercell.scroll.offer_159.99
,,90,com.supercell.scroll.offer_179.99
,,100,com.supercell.scroll.offer_199.99
,,110,com.supercell.scroll.offer_219.99
,,120,com.supercell.scroll.offer_239.99
generic_209.99,,30,com.supercell.scroll.offer_62.99
,,40,com.supercell.scroll.offer_84.99
,,50,com.supercell.scroll.offer_104.99
,,60,com.supercell.scroll.offer_124.99
,,70,com.supercell.scroll.offer_144.99
,,80,com.supercell.scroll.offer_169.99
,,90,com.supercell.scroll.offer_189.99
,,100,com.supercell.scroll.offer_209.99
,,110,com.supercell.scroll.offer_229.99
,,120,com.supercell.scroll.offer_239.99
generic_219.99,,30,com.supercell.scroll.offer_64.99
,,40,com.supercell.scroll.offer_87.99
,,50,com.supercell.scroll.offer_109.99
,,60,com.supercell.scroll.offer_129.99
,,70,com.supercell.scroll.offer_149.99
,,80,com.supercell.scroll.offer_179.99
,,90,com.supercell.scroll.offer_199.99
,,100,com.supercell.scroll.offer_219.99
,,110,com.supercell.scroll.offer_239.99
,,120,com.supercell.scroll.offer_239.99
generic_229.99,,30,com.supercell.scroll.offer_69.99
,,40,com.supercell.scroll.offer_92.99
,,50,com.supercell.scroll.offer_114.99
,,60,com.supercell.scroll.offer_139.99
,,70,com.supercell.scroll.offer_159.99
,,80,com.supercell.scroll.offer_179.99
,,90,com.supercell.scroll.offer_209.99
,,100,com.supercell.scroll.offer_229.99
,,110,com.supercell.scroll.offer_239.99
,,120,com.supercell.scroll.offer_239.99
generic_239.99,,30,com.supercell.scroll.offer_72.99
,,40,com.supercell.scroll.offer_94.99
,,50,com.supercell.scroll.offer_119.99
,,60,com.supercell.scroll.offer_144.99
,,70,com.supercell.scroll.offer_169.99
,,80,com.supercell.scroll.offer_189.99
,,90,com.supercell.scroll.offer_219.99
,,100,com.supercell.scroll.offer_239.99
,,110,com.supercell.scroll.offer_239.99
,,120,com.supercell.scroll.offer_239.99
gem_4.99,,30,com.supercell.scroll.gempack0_t30
,,40,com.supercell.scroll.gempack0_t40
,,50,com.supercell.scroll.gempack0_t50
,,60,com.supercell.scroll.gempack0_t60
,,70,com.supercell.scroll.gempack0_t70
,,80,com.supercell.scroll.gempack0_t80
,,90,com.supercell.scroll.gempack0_t90
,,100,com.supercell.scroll.gempack0_t100
,,110,com.supercell.scroll.gempack0_t110
,,120,com.supercell.scroll.gempack0_t120
gem_9.99,,30,com.supercell.scroll.gempack1_t30
,,40,com.supercell.scroll.gempack1_t40
,,50,com.supercell.scroll.gempack1_t50
,,60,com.supercell.scroll.gempack1_t60
,,70,com.supercell.scroll.gempack1_t70
,,80,com.supercell.scroll.gempack1_t80
,,90,com.supercell.scroll.gempack1_t90
,,100,com.supercell.scroll.gempack1_t100
,,110,com.supercell.scroll.gempack1_t110
,,120,com.supercell.scroll.gempack1_t120
gem_19.99,,30,com.supercell.scroll.gempack2_t30
,,40,com.supercell.scroll.gempack2_t40
,,50,com.supercell.scroll.gempack2_t50
,,60,com.supercell.scroll.gempack2_t60
,,70,com.supercell.scroll.gempack2_t70
,,80,com.supercell.scroll.gempack2_t80
,,90,com.supercell.scroll.gempack2_t90
,,100,com.supercell.scroll.gempack2_t100
,,110,com.supercell.scroll.gempack2_t110
,,120,com.supercell.scroll.gempack2_t120
gem_49.99,,30,com.supercell.scroll.gempack3_t30
,,40,com.supercell.scroll.gempack3_t40
,,50,com.supercell.scroll.gempack3_t50
,,60,com.supercell.scroll.gempack3_t60
,,70,com.supercell.scroll.gempack3_t70
,,80,com.supercell.scroll.gempack3_t80
,,90,com.supercell.scroll.gempack3_t90
,,100,com.supercell.scroll.gempack3_t100
,,110,com.supercell.scroll.gempack3_t110
,,120,com.supercell.scroll.gempack3_t120
gem_99.99,,30,com.supercell.scroll.gempack4_t30
,,40,com.supercell.scroll.gempack4_t40
,,50,com.supercell.scroll.gempack4_t50
,,60,com.supercell.scroll.gempack4_t60
,,70,com.supercell.scroll.gempack4_t70
,,80,com.supercell.scroll.gempack4_t80
,,90,com.supercell.scroll.gempack4_t90
,,100,com.supercell.scroll.gempack4_t100
,,110,com.supercell.scroll.gempack4_t110
,,120,com.supercell.scroll.gempack4_t120
gem_0.99,,30,com.supercell.scroll.gempack5_t30
,,40,com.supercell.scroll.gempack5_t40
,,50,com.supercell.scroll.gempack5_t50
,,60,com.supercell.scroll.gempack5_t60
,,70,com.supercell.scroll.gempack5_t70
,,80,com.supercell.scroll.gempack5_t80
,,90,com.supercell.scroll.gempack5_t90
,,100,com.supercell.scroll.gempack5_t100
,,110,com.supercell.scroll.gempack5_t110
,,120,com.supercell.scroll.gempack5_t120
pass_1.99,,30,com.supercell.scroll.pass_1.19
,,40,com.supercell.scroll.pass_1.39
,,50,com.supercell.scroll.pass_1.59
,,60,com.supercell.scroll.pass_1.59
,,70,com.supercell.scroll.pass_1.99
,,80,com.supercell.scroll.pass_1.99
,,90,com.supercell.scroll.pass_1.99
,,100,com.supercell.scroll.pass_1.99
,,110,com.supercell.scroll.pass_2.19
,,120,com.supercell.scroll.pass_2.39
pass_2.99,,30,com.supercell.scroll.pass_1.79
,,40,com.supercell.scroll.pass_2.09
,,50,com.supercell.scroll.pass_2.39
,,60,com.supercell.scroll.pass_2.39
,,70,com.supercell.scroll.pass_2.99
,,80,com.supercell.scroll.pass_2.99
,,90,com.supercell.scroll.pass_2.99
,,100,com.supercell.scroll.pass_2.99
,,110,com.supercell.scroll.pass_3.29
,,120,com.supercell.scroll.pass_3.49
pass_3.99,,30,com.supercell.scroll.pass_2.39
,,40,com.supercell.scroll.pass_2.79
,,50,com.supercell.scroll.pass_3.29
,,60,com.supercell.scroll.pass_3.29
,,70,com.supercell.scroll.pass_3.99
,,80,com.supercell.scroll.pass_3.99
,,90,com.supercell.scroll.pass_3.99
,,100,com.supercell.scroll.pass_3.99
,,110,com.supercell.scroll.pass_4.29
,,120,com.supercell.scroll.pass_4.79
pass_4.99,,30,com.supercell.scroll.pass_2.99
,,40,com.supercell.scroll.pass_3.49
,,50,com.supercell.scroll.pass_3.99
,,60,com.supercell.scroll.pass_3.99
,,70,com.supercell.scroll.pass_4.99
,,80,com.supercell.scroll.pass_4.99
,,90,com.supercell.scroll.pass_4.99
,,100,com.supercell.scroll.pass_4.99
,,110,com.supercell.scroll.pass_5.49
,,120,com.supercell.scroll.pass_5.99
pass_5.99,,30,com.supercell.scroll.pass_3.49
,,40,com.supercell.scroll.pass_4.29
,,50,com.supercell.scroll.pass_4.79
,,60,com.supercell.scroll.pass_4.79
,,70,com.supercell.scroll.pass_5.99
,,80,com.supercell.scroll.pass_5.99
,,90,com.supercell.scroll.pass_5.99
,,100,com.supercell.scroll.pass_5.99
,,110,com.supercell.scroll.pass_6.49
,,120,com.supercell.scroll.pass_6.99
pass_6.99,,30,com.supercell.scroll.pass_4.29
,,40,com.supercell.scroll.pass_4.99
,,50,com.supercell.scroll.pass_5.49
,,60,com.supercell.scroll.pass_5.49
,,70,com.supercell.scroll.pass_6.99
,,80,com.supercell.scroll.pass_6.99
,,90,com.supercell.scroll.pass_6.99
,,100,com.supercell.scroll.pass_6.99
,,110,com.supercell.scroll.pass_7.49
,,120,com.supercell.scroll.pass_8.49
pass_7.99,,30,com.supercell.scroll.pass_4.79
,,40,com.supercell.scroll.pass_5.49
,,50,com.supercell.scroll.pass_6.49
,,60,com.supercell.scroll.pass_6.49
,,70,com.supercell.scroll.pass_7.99
,,80,com.supercell.scroll.pass_7.99
,,90,com.supercell.scroll.pass_7.99
,,100,com.supercell.scroll.pass_7.99
,,110,com.supercell.scroll.pass_8.99
,,120,com.supercell.scroll.pass_9.49
pass_8.99,,30,com.supercell.scroll.pass_5.49
,,40,com.supercell.scroll.pass_6.49
,,50,com.supercell.scroll.pass_6.99
,,60,com.supercell.scroll.pass_6.99
,,70,com.supercell.scroll.pass_8.99
,,80,com.supercell.scroll.pass_8.99
,,90,com.supercell.scroll.pass_8.99
,,100,com.supercell.scroll.pass_8.99
,,110,com.supercell.scroll.pass_9.99
,,120,com.supercell.scroll.pass_10.99
pass_9.99,,30,com.supercell.scroll.pass_5.99
,,40,com.supercell.scroll.pass_6.99
,,50,com.supercell.scroll.pass_7.99
,,60,com.supercell.scroll.pass_7.99
,,70,com.supercell.scroll.pass_9.99
,,80,com.supercell.scroll.pass_9.99
,,90,com.supercell.scroll.pass_9.99
,,100,com.supercell.scroll.pass_9.99
,,110,com.supercell.scroll.pass_10.99
,,120,com.supercell.scroll.pass_11.99
pass_10.99,,30,com.supercell.scroll.pass_6.49
,,40,com.supercell.scroll.pass_7.49
,,50,com.supercell.scroll.pass_8.99
,,60,com.supercell.scroll.pass_8.99
,,70,com.supercell.scroll.pass_10.99
,,80,com.supercell.scroll.pass_10.99
,,90,com.supercell.scroll.pass_10.99
,,100,com.supercell.scroll.pass_10.99
,,110,com.supercell.scroll.pass_11.99
,,120,com.supercell.scroll.pass_12.99
pass_11.99,,30,com.supercell.scroll.pass_6.99
,,40,com.supercell.scroll.pass_8.49
,,50,com.supercell.scroll.pass_9.49
,,60,com.supercell.scroll.pass_9.49
,,70,com.supercell.scroll.pass_11.99
,,80,com.supercell.scroll.pass_11.99
,,90,com.supercell.scroll.pass_11.99
,,100,com.supercell.scroll.pass_11.99
,,110,com.supercell.scroll.pass_12.99
,,120,com.supercell.scroll.pass_13.99
minipass_0.99,,30,com.supercell.scroll.minipass_0.59
,,40,com.supercell.scroll.minipass_0.69
,,50,com.supercell.scroll.minipass_0.79
,,60,com.supercell.scroll.minipass_0.79
,,70,com.supercell.scroll.minipass_0.99
,,80,com.supercell.scroll.minipass_0.99
,,90,com.supercell.scroll.minipass_0.99
,,100,com.supercell.scroll.minipass_0.99
,,110,com.supercell.scroll.minipass_1.09
,,120,com.supercell.scroll.minipass_1.19
minipass_1.49,,30,com.supercell.scroll.minipass_0.89
,,40,com.supercell.scroll.minipass_1.09
,,50,com.supercell.scroll.minipass_1.19
,,60,com.supercell.scroll.minipass_1.19
,,70,com.supercell.scroll.minipass_1.49
,,80,com.supercell.scroll.minipass_1.49
,,90,com.supercell.scroll.minipass_1.49
,,100,com.supercell.scroll.minipass_1.49
,,110,com.supercell.scroll.minipass_1.59
,,120,com.supercell.scroll.minipass_1.79
minipass_1.99,,30,com.supercell.scroll.minipass_1.19
,,40,com.supercell.scroll.minipass_1.39
,,50,com.supercell.scroll.minipass_1.59
,,60,com.supercell.scroll.minipass_1.59
,,70,com.supercell.scroll.minipass_1.99
,,80,com.supercell.scroll.minipass_1.99
,,90,com.supercell.scroll.minipass_1.99
,,100,com.supercell.scroll.minipass_1.99
,,110,com.supercell.scroll.minipass_2.19
,,120,com.supercell.scroll.minipass_2.39
minipass_2.49,,30,com.supercell.scroll.minipass_1.49
,,40,com.supercell.scroll.minipass_1.79
,,50,com.supercell.scroll.minipass_1.99
,,60,com.supercell.scroll.minipass_1.99
,,70,com.supercell.scroll.minipass_2.49
,,80,com.supercell.scroll.minipass_2.49
,,90,com.supercell.scroll.minipass_2.49
,,100,com.supercell.scroll.minipass_2.49
,,110,com.supercell.scroll.minipass_2.69
,,120,com.supercell.scroll.minipass_2.99
minipass_2.99,,30,com.supercell.scroll.minipass_1.79
,,40,com.supercell.scroll.minipass_2.09
,,50,com.supercell.scroll.minipass_2.39
,,60,com.supercell.scroll.minipass_2.39
,,70,com.supercell.scroll.minipass_2.99
,,80,com.supercell.scroll.minipass_2.99
,,90,com.supercell.scroll.minipass_2.99
,,100,com.supercell.scroll.minipass_2.99
,,110,com.supercell.scroll.minipass_3.29
,,120,com.supercell.scroll.minipass_3.49
minipass_3.49,,30,com.supercell.scroll.minipass_2.09
,,40,com.supercell.scroll.minipass_2.49
,,50,com.supercell.scroll.minipass_2.79
,,60,com.supercell.scroll.minipass_2.79
,,70,com.supercell.scroll.minipass_3.49
,,80,com.supercell.scroll.minipass_3.49
,,90,com.supercell.scroll.minipass_3.49
,,100,com.supercell.scroll.minipass_3.49
,,110,com.supercell.scroll.minipass_3.79
,,120,com.supercell.scroll.minipass_4.29
minipass_3.99,,30,com.supercell.scroll.minipass_2.39
,,40,com.supercell.scroll.minipass_2.79
,,50,com.supercell.scroll.minipass_3.29
,,60,com.supercell.scroll.minipass_3.29
,,70,com.supercell.scroll.minipass_3.99
,,80,com.supercell.scroll.minipass_3.99
,,90,com.supercell.scroll.minipass_3.99
,,100,com.supercell.scroll.minipass_3.99
,,110,com.supercell.scroll.minipass_4.29
,,120,com.supercell.scroll.minipass_4.79
minipass_4.49,,30,com.supercell.scroll.minipass_2.69
,,40,com.supercell.scroll.minipass_3.29
,,50,com.supercell.scroll.minipass_3.49
,,60,com.supercell.scroll.minipass_3.49
,,70,com.supercell.scroll.minipass_4.49
,,80,com.supercell.scroll.minipass_4.49
,,90,com.supercell.scroll.minipass_4.49
,,100,com.supercell.scroll.minipass_4.49
,,110,com.supercell.scroll.minipass_4.99
,,120,com.supercell.scroll.minipass_5.49
minipass_4.99,,30,com.supercell.scroll.minipass_2.99
,,40,com.supercell.scroll.minipass_3.49
,,50,com.supercell.scroll.minipass_3.99
,,60,com.supercell.scroll.minipass_3.99
,,70,com.supercell.scroll.minipass_4.99
,,80,com.supercell.scroll.minipass_4.99
,,90,com.supercell.scroll.minipass_4.99
,,100,com.supercell.scroll.minipass_4.99
,,110,com.supercell.scroll.minipass_5.49
,,120,com.supercell.scroll.minipass_5.99
minipass_5.49,,30,com.supercell.scroll.minipass_3.29
,,40,com.supercell.scroll.minipass_3.79
,,50,com.supercell.scroll.minipass_4.49
,,60,com.supercell.scroll.minipass_4.49
,,70,com.supercell.scroll.minipass_5.49
,,80,com.supercell.scroll.minipass_5.49
,,90,com.supercell.scroll.minipass_5.49
,,100,com.supercell.scroll.minipass_5.49
,,110,com.supercell.scroll.minipass_5.99
,,120,com.supercell.scroll.minipass_6.49
minipass_5.99,,30,com.supercell.scroll.minipass_3.49
,,40,com.supercell.scroll.minipass_4.29
,,50,com.supercell.scroll.minipass_4.79
,,60,com.supercell.scroll.minipass_4.79
,,70,com.supercell.scroll.minipass_5.99
,,80,com.supercell.scroll.minipass_5.99
,,90,com.supercell.scroll.minipass_5.99
,,100,com.supercell.scroll.minipass_5.99
,,110,com.supercell.scroll.minipass_6.49
,,120,com.supercell.scroll.minipass_6.99
minipass_6.49,,30,com.supercell.scroll.minipass_3.99
,,40,com.supercell.scroll.minipass_4.49
,,50,com.supercell.scroll.minipass_4.99
,,60,com.supercell.scroll.minipass_4.99
,,70,com.supercell.scroll.minipass_6.49
,,80,com.supercell.scroll.minipass_6.49
,,90,com.supercell.scroll.minipass_6.49
,,100,com.supercell.scroll.minipass_6.49
,,110,com.supercell.scroll.minipass_6.99
,,120,com.supercell.scroll.minipass_7.99
minipass_6.99,,30,com.supercell.scroll.minipass_4.29
,,40,com.supercell.scroll.minipass_4.99
,,50,com.supercell.scroll.minipass_5.49
,,60,com.supercell.scroll.minipass_5.49
,,70,com.supercell.scroll.minipass_6.99
,,80,com.supercell.scroll.minipass_6.99
,,90,com.supercell.scroll.minipass_6.99
,,100,com.supercell.scroll.minipass_6.99
,,110,com.supercell.scroll.minipass_7.49
,,120,com.supercell.scroll.minipass_8.49
minipass_7.99,,30,com.supercell.scroll.minipass_4.79
,,40,com.supercell.scroll.minipass_5.49
,,50,com.supercell.scroll.minipass_6.49
,,60,com.supercell.scroll.minipass_6.49
,,70,com.supercell.scroll.minipass_7.99
,,80,com.supercell.scroll.minipass_7.99
,,90,com.supercell.scroll.minipass_7.99
,,100,com.supercell.scroll.minipass_7.99
,,110,com.supercell.scroll.minipass_8.99
,,120,com.supercell.scroll.minipass_9.49
minipass_8.99,,30,com.supercell.scroll.minipass_5.49
,,40,com.supercell.scroll.minipass_6.49
,,50,com.supercell.scroll.minipass_6.99
,,60,com.supercell.scroll.minipass_6.99
,,70,com.supercell.scroll.minipass_8.99
,,80,com.supercell.scroll.minipass_8.99
,,90,com.supercell.scroll.minipass_8.99
,,100,com.supercell.scroll.minipass_8.99
,,110,com.supercell.scroll.minipass_9.99
,,120,com.supercell.scroll.minipass_10.99
minipass_9.99,,30,com.supercell.scroll.minipass_5.99
,,40,com.supercell.scroll.minipass_6.99
,,50,com.supercell.scroll.minipass_7.99
,,60,com.supercell.scroll.minipass_7.99
,,70,com.supercell.scroll.minipass_9.99
,,80,com.supercell.scroll.minipass_9.99
,,90,com.supercell.scroll.minipass_9.99
,,100,com.supercell.scroll.minipass_9.99
,,110,com.supercell.scroll.minipass_10.99
,,120,com.supercell.scroll.minipass_11.99