"Name","LevelCount","RelativeLevel","TournamentLevelIndex","DonateCapacity","SortCapacity","DonateReward","DonateXP","OverflowPrestige","GoldConversionValue","BlingTokenConversionValue","MaxLevelDonationCost","TradeCardAmount","ChanceWeight","UpgradeExp","UpgradePrestige","UpgradeMaterialCount","OriginalUpgradeMaterialCount","UpgradeCost","PowerLevelMultiplier","RefundGems","TID","CastEffect","SortOrder","Red","Green","Blue","AppearEffect","BuySound","LoopEffect","CardTxtBgFrameIdx","CardGlowInstanceName","SpellSelectedSound","SpellAvailableSound","RotateExportName","GoldFrameExportName","IconSWF","IconExportName","TokenSWF","TokenExportName","TokenFlyingIconSWF","TokenFlyingIconExportName","TokenGoldValue","NpcTraderRerollGemCost","CanBeInChests","IfChestChanceOverXPercentDropGuaranteed","TaskExpReward","DowngradeRarity","DowngradeMultiplier","MaxAmountInChronosShopOffers","OverflowCardPerShard","EvoLevelColor","CardCappedLevelBgExportName","CardCappedLevelBgFrameIdx","CardEvoCappedLevelBgExportName","CardHeroCappedLevelBgExportName","QuestionMarkExportName","QuestionMarkCenteredExportName","QuestionMarkColoredExportName","GemCostPerCard100000th","GemCostForUnlock","HeroFormToSpellsValue"
"String","int","int","int","int","int","int","int","int","int","int","int","int","int","int","int","int","int","int","int","int","String","String","int","int","int","int","String","String","String","int","String","String","String","String","String","String","String","String","String","string","String","int","Int","boolean","int","int","String","int","int","int","string","string","int","string","string","string","string","string","int","int","int"
"Common",16,0,10,1,1,5,1,1,5,1,0,250,1000,0,4,2,2,5,110,2,"TID_RARITY_COMMON","SpellCasting",1,153,204,255,"openChest_get_common","soundbanks/ui_menu_general/ui_menu_general_jingle_buy_card_common","openChest_loop_common",0,,,,"card_rotate_common_short","card_frame_gold","sc/ui_card_items.sc","icon_btn_card_common","sc/ui_spells.sc","token_common","sc/ui.sc","token_common",250,10,"TRUE",,0,,0,100000,1000,"249-90-255","card_item_level_cap",0,"card_item_level_cap_evolution","card_item_level_cap_hero","card_item_image","card_item_image_centered","card_item_image_colored_common",5000000,,1000
,,,,,,,,,,,,,,0,5,4,4,20,121,,,,,,,,,,,,,,,,,,,,,,,,,,,0,,,,,"255-255-255",,,,,,,,2500000,,
,,,,,,,,,,,,,,0,6,10,10,50,133,,,,,,,,,,,,,,,,,,,,,,,,,,,0,,,,,"249-90-255",,,,,,,,1000000,,
,,,,,,,,,,,,,,0,10,20,20,150,146,,,,,,,,,,,,,,,,,,,,,,,,,,,0,,,,,"255-255-255",,,,,,,,500000,,
,,,,,,,,,,,,,,0,25,50,50,400,160,,,,,,,,,,,,,,,,,,,,,,,,,,,,,,,,"249-90-255",,,,,,,,200000,,
,,,,,,,,,,,,,,0,50,100,100,1000,176,,,,,,,,,,,,,,,,,,,,,,,,,,,,,,,,,,,,,,,,100000,,
,,,,,,,,,,,,,,0,100,200,200,2000,193,,,,,,,,,,,,,,,,,,,,,,,,,,,,,,,,,,,,,,,,50000,,
,,,,,,,,,,,,,,0,200,400,400,4000,212,,,,,,,,,,,,,,,,,,,,,,,,,,,,,,,,,,,,,,,,32500,,
,,,,,,,,,,,,,,0,400,800,800,8000,233,,,,,,,,,,,,,,,,,,,,,,,,,,,,,,,,,,,,,,,,36250,,
,,,,,,,,,,,,,,0,600,1000,1000,15000,256,,,,,,,,,,,,,,,,,,,,,,,,,,,,,,,,,,,,,,,,36000,,
,,,,,,,,,,,,,,0,800,1500,2000,25000,281,,,,,,,,,,,,,,,,,,,,,,,,,,,,,,,,,,,,,,,,36000,,
,,,,,,,,,,,,,,0,1600,2500,5000,40000,309,,,,,,,,,,,,,,,,,,,,,,,,,,,,,,,,,,,,,,,,36000,,
,,,,,,,,,,,,,,0,2000,3500,0,60000,339,,,,,,,,,,,,,,,,,,,,,,,,,,,,,,,,,,,,,,,,35715,,
,,,,,,,,,,,,,,0,0,5500,0,90000,372,,,,,,,,,,,,,,,,,,,,,,,,,,,,,,,,,,,,,,,,36364,,
,,,,,,,,,,,,,,0,0,7500,0,120000,409,,,,,,,,,,,,,,,,,,,,,,,,,,,,,,,,,,,,,,,,36000,,
,,,,,,,,,,,,,,0,0,0,0,0,450,,,,,,,,,,,,,,,,,,,,,,,,,,,,,,,,,,,,,,,,36000,,
,,,,,,,,,,,,,,,,,,,495,,,,,,,,,,,,,,,,,,,,,,,,,,,,,,,,,,,,,,,,36000,,
,,,,,,,,,,,,,,,,,,,545,,,,,,,,,,,,,,,,,,,,,,,,,,,,,,,,,,,,,,,,36000,,
,,,,,,,,,,,,,,,,,,,600,,,,,,,,,,,,,,,,,,,,,,,,,,,,,,,,,,,,,,,,36000,,
"Rare",14,2,8,10,7,50,10,10,50,6,0,50,400,0,6,2,2,50,110,15,"TID_RARITY_RARE","SpellCasting",2,255,204,102,"openChest_get_rare","soundbanks/ui_menu_general/ui_menu_general_jingle_buy_card_rare","openChest_loop_rare",1,"card_glow_rare",,,"card_rotate_epic_short","card_frame_gold","sc/ui_card_items.sc","icon_btn_card_rare","sc/ui_spells.sc","token_rare","sc/ui.sc","token_rare",500,10,"TRUE",,0,"Common",1,10000,250,"249-90-255","card_item_level_cap",1,"card_item_level_cap_evolution","card_item_level_cap_hero","card_item_image","card_item_image_centered","card_item_image_colored_rare",5000000,,100
,,,,,,,,,,,,,,0,10,4,4,150,121,,,,,,,,,,,,,,,,,,,,,,,,,,,0,,,,,"255-255-255",,,,,,,,2500000,,
,,,,,,,,,,,,,,0,25,10,10,400,133,,,,,,,,,,,,,,,,,,,,,,,,,,,0,,,,,"249-90-255",,,,,,,,1000000,,
,,,,,,,,,,,,,,0,50,20,20,1000,146,,,,,,,,,,,,,,,,,,,,,,,,,,,0,,,,,"255-255-255",,,,,,,,500000,,
,,,,,,,,,,,,,,0,100,50,50,2000,160,,,,,,,,,,,,,,,,,,,,,,,,,,,,,,,,"249-90-255",,,,,,,,260000,,
,,,,,,,,,,,,,,0,200,100,100,4000,176,,,,,,,,,,,,,,,,,,,,,,,,,,,,,,,,,,,,,,,,210000,,
,,,,,,,,,,,,,,0,400,200,200,8000,193,,,,,,,,,,,,,,,,,,,,,,,,,,,,,,,,,,,,,,,,210000,,
,,,,,,,,,,,,,,0,600,300,400,15000,212,,,,,,,,,,,,,,,,,,,,,,,,,,,,,,,,,,,,,,,,210000,,
,,,,,,,,,,,,,,0,800,400,800,25000,233,,,,,,,,,,,,,,,,,,,,,,,,,,,,,,,,,,,,,,,,210000,,
,,,,,,,,,,,,,,0,1600,550,1000,40000,256,,,,,,,,,,,,,,,,,,,,,,,,,,,,,,,,,,,,,,,,218182,,
,,,,,,,,,,,,,,0,2000,750,0,60000,281,,,,,,,,,,,,,,,,,,,,,,,,,,,,,,,,,,,,,,,,213334,,
,,,,,,,,,,,,,,0,0,1000,0,90000,309,,,,,,,,,,,,,,,,,,,,,,,,,,,,,,,,,,,,,,,,210000,,
,,,,,,,,,,,,,,0,0,1400,0,120000,339,,,,,,,,,,,,,,,,,,,,,,,,,,,,,,,,,,,,,,,,214286,,
,,,,,,,,,,,,,,0,0,0,0,0,372,,,,,,,,,,,,,,,,,,,,,,,,,,,,,,,,,,,,,,,,214286,,
,,,,,,,,,,,,,,,,,,,409,,,,,,,,,,,,,,,,,,,,,,,,,,,,,,,,,,,,,,,,214286,,
,,,,,,,,,,,,,,,,,,,450,,,,,,,,,,,,,,,,,,,,,,,,,,,,,,,,,,,,,,,,214286,,
,,,,,,,,,,,,,,,,,,,495,,,,,,,,,,,,,,,,,,,,,,,,,,,,,,,,,,,,,,,,214286,,
"Epic",11,5,5,10,80,500,10,100,500,60,0,10,40,0,25,2,2,400,110,300,"TID_RARITY_EPIC","SpellCasting",3,255,153,255,"openChest_get_epic","soundbanks/ui_menu_general/ui_menu_general_jingle_buy_card_epic","openChest_loop_epic",2,"card_frame_glow_epic",,,"card_rotate_rare_short","card_frame_gold","sc/ui_card_items.sc","icon_btn_card_epic","sc/ui_spells.sc","token_epic","sc/ui.sc","token_epic",1000,10,"TRUE",,0,"Rare",1,2000,40,"249-90-255","card_item_level_cap",2,"card_item_level_cap_evolution","card_item_level_cap_hero","card_item_image","card_item_image_centered","card_item_image_colored_epic",5000000,,50
,,,,,,,,,,,,,,0,100,4,4,2000,121,,,,,,,,,,,,,,,,,,,,,,,,,,,0,,,,,"255-255-255",,,,,,,,3250000,,
,,,,,,,,,,,,,,0,200,10,10,4000,133,,,,,,,,,,,,,,,,,,,,,,,,,,,0,,,,,"249-90-255",,,,,,,,2100000,,
,,,,,,,,,,,,,,0,400,20,20,8000,146,,,,,,,,,,,,,,,,,,,,,,,,,,,0,,,,,"255-255-255",,,,,,,,2100000,,
,,,,,,,,,,,,,,0,600,30,50,15000,160,,,,,,,,,,,,,,,,,,,,,,,,,,,,,,,,"249-90-255",,,,,,,,2100000,,
,,,,,,,,,,,,,,0,800,50,100,25000,176,,,,,,,,,,,,,,,,,,,,,,,,,,,,,,,,,,,,,,,,2200000,,
,,,,,,,,,,,,,,0,1600,70,200,40000,193,,,,,,,,,,,,,,,,,,,,,,,,,,,,,,,,,,,,,,,,2142858,,
,,,,,,,,,,,,,,0,2000,100,0,60000,212,,,,,,,,,,,,,,,,,,,,,,,,,,,,,,,,,,,,,,,,2100000,,
,,,,,,,,,,,,,,0,0,130,0,90000,233,,,,,,,,,,,,,,,,,,,,,,,,,,,,,,,,,,,,,,,,1923077,,
,,,,,,,,,,,,,,0,0,180,0,120000,256,,,,,,,,,,,,,,,,,,,,,,,,,,,,,,,,,,,,,,,,2166667,,
,,,,,,,,,,,,,,0,0,0,0,0,281,,,,,,,,,,,,,,,,,,,,,,,,,,,,,,,,,,,,,,,,2166667,,
,,,,,,,,,,,,,,,,,,,309,,,,,,,,,,,,,,,,,,,,,,,,,,,,,,,,,,,,,,,,2166667,,
,,,,,,,,,,,,,,,,,,,339,,,,,,,,,,,,,,,,,,,,,,,,,,,,,,,,,,,,,,,,2166667,,
,,,,,,,,,,,,,,,,,,,372,,,,,,,,,,,,,,,,,,,,,,,,,,,,,,,,,,,,,,,,2166667,,
"Legendary",8,8,2,4000,2000,500,25,1000,20000,600,0,1,10,0,250,2,2,5000,110,8000,"TID_RARITY_LEGENDARY","SpellCasting",4,255,153,255,"openChest_get_legendary","soundbanks/ui_menu_general/ui_menu_general_jingle_buy_card_legendary","openChest_loop_legendary",3,"card_frame_glow_legendary","soundbanks/ui_battle_general/ui_battle_general_select_legendary_spell","soundbanks/ui_battle_general/ui_battle_general_legendary_spell_available","card_rotate_legendary_short","legendary_card_frame_gold","sc/ui_card_items.sc","icon_btn_card_legendary","sc/ui_spells.sc","token_legendary","sc/ui.sc","token_legendary",2000,10,"TRUE",75,0,"Epic",1,200,2,"249-90-255","card_item_level_cap_support_card",3,"card_item_level_cap_evolution_legendary","card_item_level_cap_legendary_hero","card_item_image_legendary","card_item_image_centered_legendary","card_item_image_colored_legendary",21000000,,10
,,,,,,,,,,,,,,0,600,4,4,15000,121,,,,,255,153,255,,,,,,,,,,,,,,,,,,,,0,,,,,"255-255-255",,,,,,,,21000000,,
,,,,,,,,,,,,,,0,800,6,10,25000,133,,,,,255,255,153,,,,,,,,,,,,,,,,,,,,0,,,,,"249-90-255",,,,,,,,21666667,,
,,,,,,,,,,,,,,0,1600,9,20,40000,146,,,,,153,255,102,,,,,,,,,,,,,,,,,,,,0,,,,,"255-255-255",,,,,,,,21111112,,
,,,,,,,,,,,,,,0,2000,12,0,60000,160,,,,,153,255,102,,,,,,,,,,,,,,,,,,,,,,,,,"249-90-255",,,,,,,,20833334,,
,,,,,,,,,,,,,,0,0,14,0,90000,176,,,,,,,,,,,,,,,,,,,,,,,,,,,,,,,,,,,,,,,,20714286,,
,,,,,,,,,,,,,,0,0,20,0,120000,193,,,,,,,,,,,,,,,,,,,,,,,,,,,,,,,,,,,,,,,,21000000,,
,,,,,,,,,,,,,,0,0,0,0,0,212,,,,,,,,,,,,,,,,,,,,,,,,,,,,,,,,,,,,,,,,21000000,,
,,,,,,,,,,,,,,,,,,,233,,,,,,,,,,,,,,,,,,,,,,,,,,,,,,,,,,,,,,,,21000000,,
,,,,,,,,,,,,,,,,,,,256,,,,,,,,,,,,,,,,,,,,,,,,,,,,,,,,,,,,,,,,21000000,,
,,,,,,,,,,,,,,,,,,,281,,,,,,,,,,,,,,,,,,,,,,,,,,,,,,,,,,,,,,,,21000000,,
"Champion",6,10,0,4000,4000,1000,50,2000,40000,1200,0,1,1,0,800,2,0,25000,110,8000,"TID_RARITY_CHAMPION","SpellCasting",5,255,222,0,"openChest_get_champion","soundbanks/ui_menu_general/ui_menu_general_jingle_buy_card_legendary","openChest_loop_champion",8,"card_frame_glow_champion",,,"card_rotate_legendary_short","champion_card_frame_gold","sc/ui_card_items.sc","icon_btn_card_champion","sc/ui_spells.sc","token_legendary","sc/ui.sc","token_legendary",4000,10,"TRUE",90,0,"Legendary",1,100,1,"249-90-255","card_item_level_cap_support_card",4,"card_item_level_cap_evolution_legendary","card_item_level_cap_legendary_hero","card_item_image_legendary","card_item_image_centered_legendary","card_item_image_colored_champion",40000000,,1
,,,,,,,,,,,,,,0,1600,5,0,40000,121,,,,,255,217,100,,,,,,,,,,,,,,,,,,,,0,,,,,"255-255-255",,,,,,,,40000000,,
,,,,,,,,,,,,,,0,2000,8,0,60000,133,,,,,253,251,222,,,,,,,,,,,,,,,,,,,,0,,,,,"249-90-255",,,,,,,,40000000,,
,,,,,,,,,,,,,,0,0,11,0,90000,146,,,,,,,,,,,,,,,,,,,,,,,,,,,0,,,,,"255-255-255",,,,,,,,40000000,,
,,,,,,,,,,,,,,0,0,15,0,120000,160,,,,,,,,,,,,,,,,,,,,,,,,,,,,,,,,"249-90-255",,,,,,,,40000000,,
,,,,,,,,,,,,,,0,0,0,0,0,176,,,,,,,,,,,,,,,,,,,,,,,,,,,,,,,,,,,,,,,,40000000,,
,,,,,,,,,,,,,,,,,,,193,,,,,,,,,,,,,,,,,,,,,,,,,,,,,,,,,,,,,,,,40000000,,
,,,,,,,,,,,,,,,,,,,212,,,,,,,,,,,,,,,,,,,,,,,,,,,,,,,,,,,,,,,,40000000,,
,,,,,,,,,,,,,,,,,,,233,,,,,,,,,,,,,,,,,,,,,,,,,,,,,,,,,,,,,,,,40000000,,
"Experimental",8,8,2,4000,2000,50,25,1000,20000,100,0,1,1,0,250,2,0,5000,110,8000,"TID_RARITY_LEGENDARY","SpellCasting",6,255,153,255,"openChest_get_legendary","soundbanks/ui_menu_general/ui_menu_general_jingle_buy_card_legendary","openChest_loop_legendary",3,"card_frame_glow_legendary","soundbanks/ui_battle_general/ui_battle_general_select_legendary_spell","soundbanks/ui_battle_general/ui_battle_general_legendary_spell_available","card_rotate_legendary_short","card_frame_gold","sc/ui_card_items.sc","icon_btn_card_legendary","sc/ui_spells.sc","token_legendary","sc/ui.sc","token_legendary",2000,10,"FALSE",,,,,1,0,"249-90-255",,,,,,,,720,,1
,,,,,,,,,,,,,,0,600,4,0,20000,121,,,,,255,153,255,,,,,,,,,,,,,,,,,,,,,,,,,"255-255-255",,,,,,,,720,,
,,,,,,,,,,,,,,0,800,10,0,50000,133,,,,,255,255,153,,,,,,,,,,,,,,,,,,,,,,,,,"249-90-255",,,,,,,,720,,
,,,,,,,,,,,,,,0,1600,20,0,100000,146,,,,,153,255,102,,,,,,,,,,,,,,,,,,,,,,,,,"255-255-255",,,,,,,,720,,
,,,,,,,,,,,,,,0,1600,20,0,100000,160,,,,,153,255,102,,,,,,,,,,,,,,,,,,,,,,,,,"249-90-255",,,,,,,,720,,
,,,,,,,,,,,,,,0,2400,20,0,100000,176,,,,,,,,,,,,,,,,,,,,,,,,,,,,,,,,,,,,,,,,720,,
,,,,,,,,,,,,,,0,4000,40,0,100000,193,,,,,,,,,,,,,,,,,,,,,,,,,,,,,,,,,,,,,,,,720,,
,,,,,,,,,,,,,,0,6000,60,0,100000,212,,,,,,,,,,,,,,,,,,,,,,,,,,,,,,,,,,,,,,,,720,,
,,,,,,,,,,,,,,0,0,0,0,0,233,,,,,,,,,,,,,,,,,,,,,,,,,,,,,,,,,,,,,,,,720,,
