"Name","Category","TID","Rarity","Disabled","Resource","Cost","Count","CycleDuration","CycleDeadzoneStart","CycleDeadzoneEnd","TopSection","SpecialOffer","DurationSecs","AvailabilitySecs","SyncToShopCycle","Chest","TrophyLimit","IAP","StarterPack_Chest","StarterPack_Gold","ValueMultiplier","AppendArenaToChestName","TiedToArenaUnlock","RepeatPurchaseGemPackOverride","EventName","CostAdjustBasedOnChestContents","IsChronosOffer",Tier,
"String","String","String","String","boolean","String","int","int","int","int","int","boolean","boolean","int","int","boolean","String","int","String","String","int","int","boolean","String","String","String","boolean","boolean",int,
"SecretLegendary","NOTINUSE","TID_SHOP_SECRET_LEGENDARY",,,"Diamonds",500,,21,7,,,"TRUE",,,,"Legendary",1300,,,,,,,,,,,,
"SecretEpic","NOTINUSE","TID_SHOP_SECRET_EPIC",,,"Gold",10000,,14,,3,,"TRUE",,,,"Epic",1000,,,,,"TRUE",,,,"TRUE",,,
"Spell","Spell",,,,,,,,,,"TRUE",,,,,,,,,,,,,,,,,,
"Chest","Chest",,,,,,,,,,,,,,,,,,,,,,,,,,,,
"ResourceGold","Gold",,,,,,,,,,,,,,,,,,,,,,,,,,,,
"ResourceDiamond","Diamond",,,,,,,,,,,,,,,,,,,,,,,,,,,,
"REMOVED9","NOTINUSE",,,,,,,,,,,,,,,,,,,,,,,,,,,,
"REMOVED10","NOTINUSE",,,,,,,,,,,,,,,,,,,,,,,,,,,,
"REMOVED11","NOTINUSE",,,,,,,,,,,,,,,,,,,,,,,,,,,,
"StarterPackArena3","NOTINUSE","TID_SHOP_STARTER_PACK_ARENA_3",,,"IAP",,,14,5,5,,"TRUE",,,,,600,"com.supercell.scroll.consumablestarterpack0","Shop_Small_1_Arena3",2000,4,,,,,,,,
"StarterPackArena4","NOTINUSE","TID_SHOP_STARTER_PACK_ARENA_4",,,"IAP",,,14,5,5,,"TRUE",,,,,1000,"com.supercell.scroll.consumablestarterpack1","Shop_Small_1_Arena4",2000,4,,,,,,,,
"StarterPackArena5","NOTINUSE","TID_SHOP_STARTER_PACK_ARENA_5",,,"IAP",,,14,5,5,,"TRUE",,,,,1300,"com.supercell.scroll.consumablestarterpack2","Shop_Large_Arena5",5000,4,,,,,,,,
"StarterPackArena6","NOTINUSE","TID_SHOP_STARTER_PACK_ARENA_6",,,"IAP",,,14,5,5,,"TRUE",,,,,1600,"com.supercell.scroll.consumablestarterpack3","Shop_Large_Arena6",5000,4,,,,,,,,
"StarterPackArena7","NOTINUSE","TID_SHOP_STARTER_PACK_ARENA_7",,,"IAP",,,14,5,5,,"TRUE",,,,,2000,"com.supercell.scroll.consumablestarterpack4","Shop_Large_Legendary_Arena7",50000,4,,,,,,,,
"StarterPackArena8","NOTINUSE","TID_SHOP_STARTER_PACK_ARENA_8",,,"IAP",,,14,5,5,,"TRUE",,,,,2300,"com.supercell.scroll.consumablestarterpack5","Shop_Large_Legendary_Arena8",50000,4,,,,,,,,
"StarterPackArenaL","NOTINUSE","TID_SHOP_STARTER_PACK_ARENA_L",,,"IAP",,,14,5,5,,"TRUE",,,,,3000,"com.supercell.scroll.consumablestarterpack6","Shop_Large_Legendary_Arena_L",50000,4,,,,,,,,
"Red","NOTINUSE","TID_SHOP_RUMBLE_0",,"TRUE",,,,,,,,,,,,,,"com.supercell.scroll.red",,,,,,,,,,,
"RumbleBundle0","NOTINUSE","TID_SHOP_RUMBLE_0",,"TRUE",,,,,,,,,,,,,,"com.supercell.scroll.rumblebundle0",,,,,,,,,,,
"RumbleBundle1","NOTINUSE","TID_SHOP_RUMBLE_1",,"TRUE",,,,,,,,,,,,,,"com.supercell.scroll.rumblebundle1",,,,,,,,,,,
"RumbleBundle2","NOTINUSE","TID_SHOP_RUMBLE_2",,"TRUE",,,,,,,,,,,,,,"com.supercell.scroll.rumblebundle2",,,,,,,,,,,
"REMOVED1","NOTINUSE",,,,,,,,,,,,,,,,,,,,,,,,,,,,
"REMOVED2","NOTINUSE",,,,,,,,,,,,,,,,,,,,,,,,,,,,
"REMOVED3","NOTINUSE",,,,,,,,,,,,,,,,,,,,,,,,,,,,
"REMOVED4","NOTINUSE",,,,,,,,,,,,,,,,,,,,,,,,,,,,
"REMOVED5","NOTINUSE",,,,,,,,,,,,,,,,,,,,,,,,,,,,
"REMOVED6","NOTINUSE",,,,,,,,,,,,,,,,,,,,,,,,,,,,
"REMOVED7","NOTINUSE",,,,,,,,,,,,,,,,,,,,,,,,,,,,
"REMOVED8","NOTINUSE",,,,,,,,,,,,,,,,,,,,,,,,,,,,
"StarterPackArena9","NOTINUSE","TID_SHOP_STARTER_PACK_ARENA_9",,,"IAP",,,14,5,5,,"TRUE",,,,,2600,"com.supercell.scroll.consumablestarterpack7","Shop_Large_Legendary_Arena9",50000,4,,"Arena9",,,,,,
"HolidayBundle0","NOTINUSE","TID_SHOP_HOLIDAY_0",,"TRUE",,,,,,,,,,,,,,"com.supercell.scroll.consumableholidaypack0",,,,,,,,,,,
"HolidayBundle1","NOTINUSE","TID_SHOP_HOLIDAY_1",,"TRUE",,,,,,,,,,,,,,"com.supercell.scroll.consumableholidaypack1",,,,,,,,,,,
"HolidayBundle2","NOTINUSE","TID_SHOP_HOLIDAY_2",,"TRUE",,,,,,,,,,,,,,"com.supercell.scroll.consumableholidaypack2",,,,,,,,,,,
"ChineseNewYearBundle0","NOTINUSE","TID_SHOP_RUMBLE_1",,"TRUE",,,,,,,,,,,,,,"com.supercell.scroll.consumablechinesenewyear0",,,,,,,,,,,
"ChineseNewYearBundle1","NOTINUSE","TID_SHOP_RUMBLE_0",,"TRUE",,,,,,,,,,,,,,"com.supercell.scroll.consumablechinesenewyear1",,,,,,,,,,,
"ChineseNewYearBundle2","NOTINUSE","TID_SHOP_RUMBLE_2",,"TRUE",,,,,,,,,,,,,,"com.supercell.scroll.consumablechinesenewyear2",,,,,,,,,,,
"ChronosOffer_1","Chronos","TID_SPECIAL_OFFER_1",,,,,,,,,,,,,,,,"com.supercell.scroll.specialoffertier1",,,,,,,,,"TRUE",,
"ChronosOffer_2","Chronos","TID_SPECIAL_OFFER_2",,,,,,,,,,,,,,,,"com.supercell.scroll.specialoffertier2",,,,,,,,,"TRUE",,
"ChronosOffer_3","Chronos","TID_SPECIAL_OFFER_3",,,,,,,,,,,,,,,,"com.supercell.scroll.specialoffertier3",,,,,,,,,"TRUE",,
"ChronosOffer_4","Chronos","TID_SPECIAL_OFFER_4",,,,,,,,,,,,,,,,"com.supercell.scroll.specialoffertier4",,,,,,,,,"TRUE",,
"ChronosOffer_5","Chronos","TID_SPECIAL_OFFER_5",,,,,,,,,,,,,,,,"com.supercell.scroll.specialoffertier5",,,,,,,,,"TRUE",,
"ChronosOffer_6","Chronos","TID_SPECIAL_OFFER_6",,,,,,,,,,,,,,,,"com.supercell.scroll.specialoffertier6",,,,,,,,,"TRUE",,
"ChronosOffer_7","Chronos","TID_SPECIAL_OFFER_7",,,,,,,,,,,,,,,,"com.supercell.scroll.specialoffertier7",,,,,,,,,"TRUE",,
"ChronosOffer_8","Chronos","TID_SPECIAL_OFFER_8",,,,,,,,,,,,,,,,"com.supercell.scroll.specialoffertier8",,,,,,,,,"TRUE",,
"ChronosOffer_9","Chronos","TID_SPECIAL_OFFER_9",,,,,,,,,,,,,,,,"com.supercell.scroll.specialoffertier9",,,,,,,,,"TRUE",,
"ChronosOffer_10","Chronos","TID_SPECIAL_OFFER_10",,,,,,,,,,,,,,,,"com.supercell.scroll.specialoffertier10",,,,,,,,,"TRUE",,
"ChronosOffer_15","Chronos","TID_SPECIAL_OFFER_15",,,,,,,,,,,,,,,,"com.supercell.scroll.specialoffertier15",,,,,,,,,"TRUE",,
"ChronosOffer_20","Chronos","TID_SPECIAL_OFFER_20",,,,,,,,,,,,,,,,"com.supercell.scroll.specialoffertier20",,,,,,,,,"TRUE",,
"ChronosOffer_50","Chronos","TID_SPECIAL_OFFER_50",,,,,,,,,,,,,,,,"com.supercell.scroll.specialoffertier50",,,,,,,,,"TRUE",,
"ChronosOffer_60","Chronos","TID_SPECIAL_OFFER_60",,,,,,,,,,,,,,,,"com.supercell.scroll.specialoffertier60",,,,,,,,,"TRUE",,
"StarterPackArenaT","NOTINUSE","TID_SHOP_STARTER_PACK_ARENA_T",,,"IAP",,,14,5,5,,"TRUE",,,,,4000,"com.supercell.scroll.consumablestarterpack8","Draft_StarterPack_T",100000,4,,,"com.supercell.scroll.gempack2",,,,,
"StarterPackArena1","NOTINUSE","TID_SHOP_STARTER_PACK_ARENA_1",,"TRUE","IAP",,,14,5,5,,"TRUE",,,,,100,"com.supercell.scroll.consumablestarterpack9","Shop_Small_1_Arena1",2000,4,,,,,,,,
"StarterPackArena2","NOTINUSE","TID_SHOP_STARTER_PACK_ARENA_2",,,"IAP",,,14,5,5,,"TRUE",,,,,300,"com.supercell.scroll.consumablestarterpack10","Shop_Small_1_Arena2",2000,4,,,,,,,,
"StarterPackArenaE","NOTINUSE","TID_SHOP_STARTER_PACK_ARENA_E",,,"IAP",,,14,5,5,,"TRUE",,,,,3300,"com.supercell.scroll.consumablestarterpack11","Shop_Large_Legendary_Arena_Electric",50000,4,,,,,,,,
"Emote","Emote",,"Common",,"Diamonds",250,1,,,,,,,,,,,,,,,,,,,,,,
,,,"Legendary",,"Diamonds",500,1,,,,,,,,,,,,,,,,,,,,,,
"TowerSkin","Skin",,"Common",,"Diamonds",500,1,,,,,,,,,,,,,,,,,,,,,,
,,,"Legendary",,"Diamonds",1000,1,,,,,,,,,,,,,,,,,,,,,,
"SeasonPass","SeasonPass","TID_SEASON_PASS",,,"IAP",,,,,,,,,,,,,"com.supercell.scroll.seasonpass499",,,,,"Arena7",,,,,,
"ChronosOffer_25","Chronos","TID_SPECIAL_OFFER_25",,,,,,,,,,,,,,,,"com.supercell.scroll.specialoffertier25",,,,,,,,,"TRUE",,
"ChronosOffer_11","Chronos","TID_SPECIAL_OFFER_25",,,,,,,,,,,,,,,,"com.supercell.scroll.specialoffertier11",,,,,,,,,"TRUE",,
"ChronosOffer_12","Chronos","TID_SPECIAL_OFFER_25",,,,,,,,,,,,,,,,"com.supercell.scroll.specialoffertier12",,,,,,,,,"TRUE",,
"ChronosOffer_13","Chronos","TID_SPECIAL_OFFER_25",,,,,,,,,,,,,,,,"com.supercell.scroll.specialoffertier13",,,,,,,,,"TRUE",,
"ChronosOffer_14","Chronos","TID_SPECIAL_OFFER_25",,,,,,,,,,,,,,,,"com.supercell.scroll.specialoffertier14",,,,,,,,,"TRUE",,
"ChronosOffer_30","Chronos","TID_SPECIAL_OFFER_25",,,,,,,,,,,,,,,,"com.supercell.scroll.specialoffertier30",,,,,,,,,"TRUE",,
"ChronosOffer_35","Chronos","TID_SPECIAL_OFFER_25",,,,,,,,,,,,,,,,"com.supercell.scroll.specialoffertier35",,,,,,,,,"TRUE",,
"ChronosOffer_40","Chronos","TID_SPECIAL_OFFER_25",,,,,,,,,,,,,,,,"com.supercell.scroll.specialoffertier40",,,,,,,,,"TRUE",,
"ChronosOffer_45","Chronos","TID_SPECIAL_OFFER_25",,,,,,,,,,,,,,,,"com.supercell.scroll.specialoffertier45",,,,,,,,,"TRUE",,
"ChronosOffer_54","Chronos","TID_SPECIAL_OFFER_25",,,,,,,,,,,,,,,,"com.supercell.scroll.specialoffertier54",,,,,,,,,"TRUE",,
"ChronosOffer_55","Chronos","TID_SPECIAL_OFFER_25",,,,,,,,,,,,,,,,"com.supercell.scroll.specialoffertier55",,,,,,,,,"TRUE",,
"ChronosOffer_56","Chronos","TID_SPECIAL_OFFER_25",,,,,,,,,,,,,,,,"com.supercell.scroll.specialoffertier56",,,,,,,,,"TRUE",,
"ChronosOffer_58","Chronos","TID_SPECIAL_OFFER_25",,,,,,,,,,,,,,,,"com.supercell.scroll.specialoffertier58",,,,,,,,,"TRUE",,
"ChronosOffer_52","Chronos","TID_SPECIAL_OFFER_25",,,,,,,,,,,,,,,,"com.supercell.scroll.specialoffertier52",,,,,,,,,"TRUE",,
"ChronosOffer_61","Chronos","TID_YOUTUBE_OFFER_2",,,,,,,,,,,,,,,,"com.supercell.scroll.youtubeooapspecialoffertier399",,,,,,,,,"TRUE",,
"ChronosOffer_62","Chronos","TID_YOUTUBE_OFFER_2",,,,,,,,,,,,,,,,"com.supercell.scroll.youtubeooapspecialoffertier999",,,,,,,,,"TRUE",,
"ChronosOffer_63","Chronos","TID_YOUTUBE_OFFER_2",,,,,,,,,,,,,,,,"com.supercell.scroll.youtubeooapspecialoffertier1999",,,,,,,,,"TRUE",,
"PiggyBank","PiggyBank","TID_PIGGY_BANK",,,"IAP",,,,,,,,,,,,,"com.supercell.scroll.piggybanktier199_2",,,,,,,,,,,
"PiggyBank_299","PiggyBank","TID_PIGGY_BANK",,,"IAP",,,,,,,,,,,,,"com.supercell.scroll.piggybanktier299",,,,,,,,,,,
"PiggyBank_499","PiggyBank","TID_PIGGY_BANK",,,"IAP",,,,,,,,,,,,,"com.supercell.scroll.piggybanktier499",,,,,,,,,,,
SeasonPassBasic,SeasonPass,TID_SEASON_PASS,,,IAP,,,,,,,,,,,,,com.supercell.scroll.seasonpass.basic,,,,,Arena7,,,,,1,
SeasonPassPremium,SeasonPass,TID_SEASON_PASS,,,IAP,,,,,,,,,,,,,com.supercell.scroll.seasonpass.premium,,,,,Arena7,,,,,2,
SeasonPassUpgrade,SeasonPass,TID_SEASON_PASS,,,IAP,,,,,,,,,,,,,com.supercell.scroll.seasonpass.upgrade,,,,,Arena7,,,,,3,
SCIDSeasonPassBasic,SeasonPass,TID_SEASON_PASS,,,IAP,,,,,,,,,,,,,com.supercell.scroll.scid.seasonpass.basic,,,,,Arena7,,,,,1,
SCIDSeasonPassPremium,SeasonPass,TID_SEASON_PASS,,,IAP,,,,,,,,,,,,,com.supercell.scroll.scid.seasonpass.premium,,,,,Arena7,,,,,2,
"ChronosOffer_0049","Chronos","TID_SPECIAL_OFFER_1",,,,,,,,,,,,,,,,"com.supercell.scroll.specialoffertier0049",,,,,,,,,"TRUE",,
"PiggyBank_999","PiggyBank","TID_PIGGY_BANK",,,"IAP",,,,,,,,,,,,,"com.supercell.scroll.piggybanktier999",,,,,,,,,,,
"ChronosOffer_0","Chronos","TID_SPECIAL_OFFER_1",,,,,,,,,,,,,,,,"com.supercell.scroll.specialoffertier0.free",,,,,,,,,"TRUE",,
"ChronosOffer_0029","Chronos","TID_SPECIAL_OFFER_1",,,,,,,,,,,,,,,,"com.supercell.scroll.specialoffertier0029",,,,,,,,,"TRUE",,
"ChronosOffer_0079","Chronos","TID_SPECIAL_OFFER_1",,,,,,,,,,,,,,,,"com.supercell.scroll.specialoffertier0079",,,,,,,,,"TRUE",,
"ChronosOffer_029","Chronos","TID_IAP_OFFER",,,,,,,,,,,,,,,,"com.supercell.scroll.offer_0.29",,,,,,,,,"TRUE",,
"ChronosOffer_039","Chronos","TID_IAP_OFFER",,,,,,,,,,,,,,,,"com.supercell.scroll.offer_0.39",,,,,,,,,"TRUE",,
"ChronosOffer_049","Chronos","TID_IAP_OFFER",,,,,,,,,,,,,,,,"com.supercell.scroll.offer_0.49",,,,,,,,,"TRUE",,
"ChronosOffer_059","Chronos","TID_IAP_OFFER",,,,,,,,,,,,,,,,"com.supercell.scroll.offer_0.59",,,,,,,,,"TRUE",,
"ChronosOffer_069","Chronos","TID_IAP_OFFER",,,,,,,,,,,,,,,,"com.supercell.scroll.offer_0.69",,,,,,,,,"TRUE",,
"ChronosOffer_079","Chronos","TID_IAP_OFFER",,,,,,,,,,,,,,,,"com.supercell.scroll.offer_0.79",,,,,,,,,"TRUE",,
"ChronosOffer_089","Chronos","TID_IAP_OFFER",,,,,,,,,,,,,,,,"com.supercell.scroll.offer_0.89",,,,,,,,,"TRUE",,
"ChronosOffer_099","Chronos","TID_IAP_OFFER",,,,,,,,,,,,,,,,"com.supercell.scroll.offer_0.99",,,,,,,,,"TRUE",,
"ChronosOffer_109","Chronos","TID_IAP_OFFER",,,,,,,,,,,,,,,,"com.supercell.scroll.offer_1.09",,,,,,,,,"TRUE",,
"ChronosOffer_119","Chronos","TID_IAP_OFFER",,,,,,,,,,,,,,,,"com.supercell.scroll.offer_1.19",,,,,,,,,"TRUE",,
"ChronosOffer_129","Chronos","TID_IAP_OFFER",,,,,,,,,,,,,,,,"com.supercell.scroll.offer_1.29",,,,,,,,,"TRUE",,
"ChronosOffer_139","Chronos","TID_IAP_OFFER",,,,,,,,,,,,,,,,"com.supercell.scroll.offer_1.39",,,,,,,,,"TRUE",,
"ChronosOffer_149","Chronos","TID_IAP_OFFER",,,,,,,,,,,,,,,,"com.supercell.scroll.offer_1.49",,,,,,,,,"TRUE",,
"ChronosOffer_159","Chronos","TID_IAP_OFFER",,,,,,,,,,,,,,,,"com.supercell.scroll.offer_1.59",,,,,,,,,"TRUE",,
"ChronosOffer_169","Chronos","TID_IAP_OFFER",,,,,,,,,,,,,,,,"com.supercell.scroll.offer_1.69",,,,,,,,,"TRUE",,
"ChronosOffer_179","Chronos","TID_IAP_OFFER",,,,,,,,,,,,,,,,"com.supercell.scroll.offer_1.79",,,,,,,,,"TRUE",,
"ChronosOffer_189","Chronos","TID_IAP_OFFER",,,,,,,,,,,,,,,,"com.supercell.scroll.offer_1.89",,,,,,,,,"TRUE",,
"ChronosOffer_199","Chronos","TID_IAP_OFFER",,,,,,,,,,,,,,,,"com.supercell.scroll.offer_1.99",,,,,,,,,"TRUE",,
"ChronosOffer_209","Chronos","TID_IAP_OFFER",,,,,,,,,,,,,,,,"com.supercell.scroll.offer_2.09",,,,,,,,,"TRUE",,
"ChronosOffer_219","Chronos","TID_IAP_OFFER",,,,,,,,,,,,,,,,"com.supercell.scroll.offer_2.19",,,,,,,,,"TRUE",,
"ChronosOffer_229","Chronos","TID_IAP_OFFER",,,,,,,,,,,,,,,,"com.supercell.scroll.offer_2.29",,,,,,,,,"TRUE",,
"ChronosOffer_239","Chronos","TID_IAP_OFFER",,,,,,,,,,,,,,,,"com.supercell.scroll.offer_2.39",,,,,,,,,"TRUE",,
"ChronosOffer_249","Chronos","TID_IAP_OFFER",,,,,,,,,,,,,,,,"com.supercell.scroll.offer_2.49",,,,,,,,,"TRUE",,
"ChronosOffer_259","Chronos","TID_IAP_OFFER",,,,,,,,,,,,,,,,"com.supercell.scroll.offer_2.59",,,,,,,,,"TRUE",,
"ChronosOffer_269","Chronos","TID_IAP_OFFER",,,,,,,,,,,,,,,,"com.supercell.scroll.offer_2.69",,,,,,,,,"TRUE",,
"ChronosOffer_279","Chronos","TID_IAP_OFFER",,,,,,,,,,,,,,,,"com.supercell.scroll.offer_2.79",,,,,,,,,"TRUE",,
"ChronosOffer_289","Chronos","TID_IAP_OFFER",,,,,,,,,,,,,,,,"com.supercell.scroll.offer_2.89",,,,,,,,,"TRUE",,
"ChronosOffer_299","Chronos","TID_IAP_OFFER",,,,,,,,,,,,,,,,"com.supercell.scroll.offer_2.99",,,,,,,,,"TRUE",,
"ChronosOffer_329","Chronos","TID_IAP_OFFER",,,,,,,,,,,,,,,,"com.supercell.scroll.offer_3.29",,,,,,,,,"TRUE",,
"ChronosOffer_349","Chronos","TID_IAP_OFFER",,,,,,,,,,,,,,,,"com.supercell.scroll.offer_3.49",,,,,,,,,"TRUE",,
"ChronosOffer_379","Chronos","TID_IAP_OFFER",,,,,,,,,,,,,,,,"com.supercell.scroll.offer_3.79",,,,,,,,,"TRUE",,
"ChronosOffer_399","Chronos","TID_IAP_OFFER",,,,,,,,,,,,,,,,"com.supercell.scroll.offer_3.99",,,,,,,,,"TRUE",,
"ChronosOffer_429","Chronos","TID_IAP_OFFER",,,,,,,,,,,,,,,,"com.supercell.scroll.offer_4.29",,,,,,,,,"TRUE",,
"ChronosOffer_449","Chronos","TID_IAP_OFFER",,,,,,,,,,,,,,,,"com.supercell.scroll.offer_4.49",,,,,,,,,"TRUE",,
"ChronosOffer_479","Chronos","TID_IAP_OFFER",,,,,,,,,,,,,,,,"com.supercell.scroll.offer_4.79",,,,,,,,,"TRUE",,
"ChronosOffer_499","Chronos","TID_IAP_OFFER",,,,,,,,,,,,,,,,"com.supercell.scroll.offer_4.99",,,,,,,,,"TRUE",,
"ChronosOffer_549","Chronos","TID_IAP_OFFER",,,,,,,,,,,,,,,,"com.supercell.scroll.offer_5.49",,,,,,,,,"TRUE",,
"ChronosOffer_599","Chronos","TID_IAP_OFFER",,,,,,,,,,,,,,,,"com.supercell.scroll.offer_5.99",,,,,,,,,"TRUE",,
"ChronosOffer_649","Chronos","TID_IAP_OFFER",,,,,,,,,,,,,,,,"com.supercell.scroll.offer_6.49",,,,,,,,,"TRUE",,
"ChronosOffer_699","Chronos","TID_IAP_OFFER",,,,,,,,,,,,,,,,"com.supercell.scroll.offer_6.99",,,,,,,,,"TRUE",,
"ChronosOffer_749","Chronos","TID_IAP_OFFER",,,,,,,,,,,,,,,,"com.supercell.scroll.offer_7.49",,,,,,,,,"TRUE",,
"ChronosOffer_799","Chronos","TID_IAP_OFFER",,,,,,,,,,,,,,,,"com.supercell.scroll.offer_7.99",,,,,,,,,"TRUE",,
"ChronosOffer_849","Chronos","TID_IAP_OFFER",,,,,,,,,,,,,,,,"com.supercell.scroll.offer_8.49",,,,,,,,,"TRUE",,
"ChronosOffer_899","Chronos","TID_IAP_OFFER",,,,,,,,,,,,,,,,"com.supercell.scroll.offer_8.99",,,,,,,,,"TRUE",,
"ChronosOffer_949","Chronos","TID_IAP_OFFER",,,,,,,,,,,,,,,,"com.supercell.scroll.offer_9.49",,,,,,,,,"TRUE",,
"ChronosOffer_999","Chronos","TID_IAP_OFFER",,,,,,,,,,,,,,,,"com.supercell.scroll.offer_9.99",,,,,,,,,"TRUE",,
"ChronosOffer_1099","Chronos","TID_IAP_OFFER",,,,,,,,,,,,,,,,"com.supercell.scroll.offer_10.99",,,,,,,,,"TRUE",,
"ChronosOffer_1199","Chronos","TID_IAP_OFFER",,,,,,,,,,,,,,,,"com.supercell.scroll.offer_11.99",,,,,,,,,"TRUE",,
"ChronosOffer_1299","Chronos","TID_IAP_OFFER",,,,,,,,,,,,,,,,"com.supercell.scroll.offer_12.99",,,,,,,,,"TRUE",,
"ChronosOffer_1399","Chronos","TID_IAP_OFFER",,,,,,,,,,,,,,,,"com.supercell.scroll.offer_13.99",,,,,,,,,"TRUE",,
"ChronosOffer_1499","Chronos","TID_IAP_OFFER",,,,,,,,,,,,,,,,"com.supercell.scroll.offer_14.99",,,,,,,,,"TRUE",,
"ChronosOffer_1599","Chronos","TID_IAP_OFFER",,,,,,,,,,,,,,,,"com.supercell.scroll.offer_15.99",,,,,,,,,"TRUE",,
"ChronosOffer_1699","Chronos","TID_IAP_OFFER",,,,,,,,,,,,,,,,"com.supercell.scroll.offer_16.99",,,,,,,,,"TRUE",,
"ChronosOffer_1799","Chronos","TID_IAP_OFFER",,,,,,,,,,,,,,,,"com.supercell.scroll.offer_17.99",,,,,,,,,"TRUE",,
"ChronosOffer_1899","Chronos","TID_IAP_OFFER",,,,,,,,,,,,,,,,"com.supercell.scroll.offer_18.99",,,,,,,,,"TRUE",,
"ChronosOffer_1999","Chronos","TID_IAP_OFFER",,,,,,,,,,,,,,,,"com.supercell.scroll.offer_19.99",,,,,,,,,"TRUE",,
"ChronosOffer_2099","Chronos","TID_IAP_OFFER",,,,,,,,,,,,,,,,"com.supercell.scroll.offer_20.99",,,,,,,,,"TRUE",,
"ChronosOffer_2199","Chronos","TID_IAP_OFFER",,,,,,,,,,,,,,,,"com.supercell.scroll.offer_21.99",,,,,,,,,"TRUE",,
"ChronosOffer_2299","Chronos","TID_IAP_OFFER",,,,,,,,,,,,,,,,"com.supercell.scroll.offer_22.99",,,,,,,,,"TRUE",,
"ChronosOffer_2399","Chronos","TID_IAP_OFFER",,,,,,,,,,,,,,,,"com.supercell.scroll.offer_23.99",,,,,,,,,"TRUE",,
"ChronosOffer_2499","Chronos","TID_IAP_OFFER",,,,,,,,,,,,,,,,"com.supercell.scroll.offer_24.99",,,,,,,,,"TRUE",,
"ChronosOffer_2599","Chronos","TID_IAP_OFFER",,,,,,,,,,,,,,,,"com.supercell.scroll.offer_25.99",,,,,,,,,"TRUE",,
"ChronosOffer_2699","Chronos","TID_IAP_OFFER",,,,,,,,,,,,,,,,"com.supercell.scroll.offer_26.99",,,,,,,,,"TRUE",,
"ChronosOffer_2799","Chronos","TID_IAP_OFFER",,,,,,,,,,,,,,,,"com.supercell.scroll.offer_27.99",,,,,,,,,"TRUE",,
"ChronosOffer_2899","Chronos","TID_IAP_OFFER",,,,,,,,,,,,,,,,"com.supercell.scroll.offer_28.99",,,,,,,,,"TRUE",,
"ChronosOffer_2999","Chronos","TID_IAP_OFFER",,,,,,,,,,,,,,,,"com.supercell.scroll.offer_29.99",,,,,,,,,"TRUE",,
"ChronosOffer_3099","Chronos","TID_IAP_OFFER",,,,,,,,,,,,,,,,"com.supercell.scroll.offer_30.99",,,,,,,,,"TRUE",,
"ChronosOffer_3199","Chronos","TID_IAP_OFFER",,,,,,,,,,,,,,,,"com.supercell.scroll.offer_31.99",,,,,,,,,"TRUE",,
"ChronosOffer_3299","Chronos","TID_IAP_OFFER",,,,,,,,,,,,,,,,"com.supercell.scroll.offer_32.99",,,,,,,,,"TRUE",,
"ChronosOffer_3399","Chronos","TID_IAP_OFFER",,,,,,,,,,,,,,,,"com.supercell.scroll.offer_33.99",,,,,,,,,"TRUE",,
"ChronosOffer_3499","Chronos","TID_IAP_OFFER",,,,,,,,,,,,,,,,"com.supercell.scroll.offer_34.99",,,,,,,,,"TRUE",,
"ChronosOffer_3599","Chronos","TID_IAP_OFFER",,,,,,,,,,,,,,,,"com.supercell.scroll.offer_35.99",,,,,,,,,"TRUE",,
"ChronosOffer_3699","Chronos","TID_IAP_OFFER",,,,,,,,,,,,,,,,"com.supercell.scroll.offer_36.99",,,,,,,,,"TRUE",,
"ChronosOffer_3799","Chronos","TID_IAP_OFFER",,,,,,,,,,,,,,,,"com.supercell.scroll.offer_37.99",,,,,,,,,"TRUE",,
"ChronosOffer_3899","Chronos","TID_IAP_OFFER",,,,,,,,,,,,,,,,"com.supercell.scroll.offer_38.99",,,,,,,,,"TRUE",,
"ChronosOffer_3999","Chronos","TID_IAP_OFFER",,,,,,,,,,,,,,,,"com.supercell.scroll.offer_39.99",,,,,,,,,"TRUE",,
"ChronosOffer_4099","Chronos","TID_IAP_OFFER",,,,,,,,,,,,,,,,"com.supercell.scroll.offer_40.99",,,,,,,,,"TRUE",,
"ChronosOffer_4199","Chronos","TID_IAP_OFFER",,,,,,,,,,,,,,,,"com.supercell.scroll.offer_41.99",,,,,,,,,"TRUE",,
"ChronosOffer_4299","Chronos","TID_IAP_OFFER",,,,,,,,,,,,,,,,"com.supercell.scroll.offer_42.99",,,,,,,,,"TRUE",,
"ChronosOffer_4399","Chronos","TID_IAP_OFFER",,,,,,,,,,,,,,,,"com.supercell.scroll.offer_43.99",,,,,,,,,"TRUE",,
"ChronosOffer_4499","Chronos","TID_IAP_OFFER",,,,,,,,,,,,,,,,"com.supercell.scroll.offer_44.99",,,,,,,,,"TRUE",,
"ChronosOffer_4599","Chronos","TID_IAP_OFFER",,,,,,,,,,,,,,,,"com.supercell.scroll.offer_45.99",,,,,,,,,"TRUE",,
"ChronosOffer_4699","Chronos","TID_IAP_OFFER",,,,,,,,,,,,,,,,"com.supercell.scroll.offer_46.99",,,,,,,,,"TRUE",,
"ChronosOffer_4799","Chronos","TID_IAP_OFFER",,,,,,,,,,,,,,,,"com.supercell.scroll.offer_47.99",,,,,,,,,"TRUE",,
"ChronosOffer_4899","Chronos","TID_IAP_OFFER",,,,,,,,,,,,,,,,"com.supercell.scroll.offer_48.99",,,,,,,,,"TRUE",,
"ChronosOffer_4999","Chronos","TID_IAP_OFFER",,,,,,,,,,,,,,,,"com.supercell.scroll.offer_49.99",,,,,,,,,"TRUE",,
"ChronosOffer_5299","Chronos","TID_IAP_OFFER",,,,,,,,,,,,,,,,"com.supercell.scroll.offer_52.99",,,,,,,,,"TRUE",,
"ChronosOffer_5499","Chronos","TID_IAP_OFFER",,,,,,,,,,,,,,,,"com.supercell.scroll.offer_54.99",,,,,,,,,"TRUE",,
"ChronosOffer_5799","Chronos","TID_IAP_OFFER",,,,,,,,,,,,,,,,"com.supercell.scroll.offer_57.99",,,,,,,,,"TRUE",,
"ChronosOffer_5999","Chronos","TID_IAP_OFFER",,,,,,,,,,,,,,,,"com.supercell.scroll.offer_59.99",,,,,,,,,"TRUE",,
"ChronosOffer_6299","Chronos","TID_IAP_OFFER",,,,,,,,,,,,,,,,"com.supercell.scroll.offer_62.99",,,,,,,,,"TRUE",,
"ChronosOffer_6499","Chronos","TID_IAP_OFFER",,,,,,,,,,,,,,,,"com.supercell.scroll.offer_64.99",,,,,,,,,"TRUE",,
"ChronosOffer_6799","Chronos","TID_IAP_OFFER",,,,,,,,,,,,,,,,"com.supercell.scroll.offer_67.99",,,,,,,,,"TRUE",,
"ChronosOffer_6999","Chronos","TID_IAP_OFFER",,,,,,,,,,,,,,,,"com.supercell.scroll.offer_69.99",,,,,,,,,"TRUE",,
"ChronosOffer_7299","Chronos","TID_IAP_OFFER",,,,,,,,,,,,,,,,"com.supercell.scroll.offer_72.99",,,,,,,,,"TRUE",,
"ChronosOffer_7499","Chronos","TID_IAP_OFFER",,,,,,,,,,,,,,,,"com.supercell.scroll.offer_74.99",,,,,,,,,"TRUE",,
"ChronosOffer_7799","Chronos","TID_IAP_OFFER",,,,,,,,,,,,,,,,"com.supercell.scroll.offer_77.99",,,,,,,,,"TRUE",,
"ChronosOffer_7999","Chronos","TID_IAP_OFFER",,,,,,,,,,,,,,,,"com.supercell.scroll.offer_79.99",,,,,,,,,"TRUE",,
"ChronosOffer_8299","Chronos","TID_IAP_OFFER",,,,,,,,,,,,,,,,"com.supercell.scroll.offer_82.99",,,,,,,,,"TRUE",,
"ChronosOffer_8499","Chronos","TID_IAP_OFFER",,,,,,,,,,,,,,,,"com.supercell.scroll.offer_84.99",,,,,,,,,"TRUE",,
"ChronosOffer_8599","Chronos","TID_IAP_OFFER",,,,,,,,,,,,,,,,"com.supercell.scroll.offer_87.99",,,,,,,,,"TRUE",,
"ChronosOffer_8999","Chronos","TID_IAP_OFFER",,,,,,,,,,,,,,,,"com.supercell.scroll.offer_89.99",,,,,,,,,"TRUE",,
"ChronosOffer_9299","Chronos","TID_IAP_OFFER",,,,,,,,,,,,,,,,"com.supercell.scroll.offer_92.99",,,,,,,,,"TRUE",,
"ChronosOffer_9499","Chronos","TID_IAP_OFFER",,,,,,,,,,,,,,,,"com.supercell.scroll.offer_94.99",,,,,,,,,"TRUE",,
"ChronosOffer_9799","Chronos","TID_IAP_OFFER",,,,,,,,,,,,,,,,"com.supercell.scroll.offer_97.99",,,,,,,,,"TRUE",,
"ChronosOffer_9999","Chronos","TID_IAP_OFFER",,,,,,,,,,,,,,,,"com.supercell.scroll.offer_99.99",,,,,,,,,"TRUE",,
"ChronosOffer_10499","Chronos","TID_IAP_OFFER",,,,,,,,,,,,,,,,"com.supercell.scroll.offer_104.99",,,,,,,,,"TRUE",,
"ChronosOffer_10999","Chronos","TID_IAP_OFFER",,,,,,,,,,,,,,,,"com.supercell.scroll.offer_109.99",,,,,,,,,"TRUE",,
"ChronosOffer_11499","Chronos","TID_IAP_OFFER",,,,,,,,,,,,,,,,"com.supercell.scroll.offer_114.99",,,,,,,,,"TRUE",,
"ChronosOffer_11999","Chronos","TID_IAP_OFFER",,,,,,,,,,,,,,,,"com.supercell.scroll.offer_119.99",,,,,,,,,"TRUE",,
"ChronosOffer_12499","Chronos","TID_IAP_OFFER",,,,,,,,,,,,,,,,"com.supercell.scroll.offer_124.99",,,,,,,,,"TRUE",,
"ChronosOffer_12999","Chronos","TID_IAP_OFFER",,,,,,,,,,,,,,,,"com.supercell.scroll.offer_129.99",,,,,,,,,"TRUE",,
"ChronosOffer_13499","Chronos","TID_IAP_OFFER",,,,,,,,,,,,,,,,"com.supercell.scroll.offer_134.99",,,,,,,,,"TRUE",,
"ChronosOffer_13999","Chronos","TID_IAP_OFFER",,,,,,,,,,,,,,,,"com.supercell.scroll.offer_139.99",,,,,,,,,"TRUE",,
"ChronosOffer_14499","Chronos","TID_IAP_OFFER",,,,,,,,,,,,,,,,"com.supercell.scroll.offer_144.99",,,,,,,,,"TRUE",,
"ChronosOffer_14999","Chronos","TID_IAP_OFFER",,,,,,,,,,,,,,,,"com.supercell.scroll.offer_149.99",,,,,,,,,"TRUE",,
"ChronosOffer_15999","Chronos","TID_IAP_OFFER",,,,,,,,,,,,,,,,"com.supercell.scroll.offer_159.99",,,,,,,,,"TRUE",,
"ChronosOffer_16999","Chronos","TID_IAP_OFFER",,,,,,,,,,,,,,,,"com.supercell.scroll.offer_169.99",,,,,,,,,"TRUE",,
"ChronosOffer_17999","Chronos","TID_IAP_OFFER",,,,,,,,,,,,,,,,"com.supercell.scroll.offer_179.99",,,,,,,,,"TRUE",,
"ChronosOffer_18999","Chronos","TID_IAP_OFFER",,,,,,,,,,,,,,,,"com.supercell.scroll.offer_189.99",,,,,,,,,"TRUE",,
"ChronosOffer_19999","Chronos","TID_IAP_OFFER",,,,,,,,,,,,,,,,"com.supercell.scroll.offer_199.99",,,,,,,,,"TRUE",,
"ChronosOffer_20999","Chronos","TID_IAP_OFFER",,,,,,,,,,,,,,,,"com.supercell.scroll.offer_209.99",,,,,,,,,"TRUE",,
"ChronosOffer_21999","Chronos","TID_IAP_OFFER",,,,,,,,,,,,,,,,"com.supercell.scroll.offer_219.99",,,,,,,,,"TRUE",,
"ChronosOffer_22999","Chronos","TID_IAP_OFFER",,,,,,,,,,,,,,,,"com.supercell.scroll.offer_229.99",,,,,,,,,"TRUE",,
"ChronosOffer_23999","Chronos","TID_IAP_OFFER",,,,,,,,,,,,,,,,"com.supercell.scroll.offer_239.99",,,,,,,,,"TRUE",,
"ChronosOffer_gempack0_t100","Chronos","TID_IAP_OFFER",,,,,,,,,,,,,,,,"com.supercell.scroll.gempack0_t100",,,,,,,,,"TRUE",,
"ChronosOffer_gempack1_t100","Chronos","TID_IAP_OFFER",,,,,,,,,,,,,,,,"com.supercell.scroll.gempack1_t100",,,,,,,,,"TRUE",,
"ChronosOffer_gempack2_t100","Chronos","TID_IAP_OFFER",,,,,,,,,,,,,,,,"com.supercell.scroll.gempack2_t100",,,,,,,,,"TRUE",,
"ChronosOffer_gempack3_t100","Chronos","TID_IAP_OFFER",,,,,,,,,,,,,,,,"com.supercell.scroll.gempack3_t100",,,,,,,,,"TRUE",,
"ChronosOffer_gempack4_t100","Chronos","TID_IAP_OFFER",,,,,,,,,,,,,,,,"com.supercell.scroll.gempack4_t100",,,,,,,,,"TRUE",,
"ChronosOffer_gempack5_t100","Chronos","TID_IAP_OFFER",,,,,,,,,,,,,,,,"com.supercell.scroll.gempack5_t100",,,,,,,,,"TRUE",,
"ChronosOffer_gempack0_t30","Chronos","TID_IAP_OFFER",,,,,,,,,,,,,,,,"com.supercell.scroll.gempack0_t30",,,,,,,,,"TRUE",,
"ChronosOffer_gempack1_t30","Chronos","TID_IAP_OFFER",,,,,,,,,,,,,,,,"com.supercell.scroll.gempack1_t30",,,,,,,,,"TRUE",,
"ChronosOffer_gempack2_t30","Chronos","TID_IAP_OFFER",,,,,,,,,,,,,,,,"com.supercell.scroll.gempack2_t30",,,,,,,,,"TRUE",,
"ChronosOffer_gempack3_t30","Chronos","TID_IAP_OFFER",,,,,,,,,,,,,,,,"com.supercell.scroll.gempack3_t30",,,,,,,,,"TRUE",,
"ChronosOffer_gempack4_t30","Chronos","TID_IAP_OFFER",,,,,,,,,,,,,,,,"com.supercell.scroll.gempack4_t30",,,,,,,,,"TRUE",,
"ChronosOffer_gempack5_t30","Chronos","TID_IAP_OFFER",,,,,,,,,,,,,,,,"com.supercell.scroll.gempack5_t30",,,,,,,,,"TRUE",,
"ChronosOffer_gempack0_t40","Chronos","TID_IAP_OFFER",,,,,,,,,,,,,,,,"com.supercell.scroll.gempack0_t40",,,,,,,,,"TRUE",,
"ChronosOffer_gempack1_t40","Chronos","TID_IAP_OFFER",,,,,,,,,,,,,,,,"com.supercell.scroll.gempack1_t40",,,,,,,,,"TRUE",,
"ChronosOffer_gempack2_t40","Chronos","TID_IAP_OFFER",,,,,,,,,,,,,,,,"com.supercell.scroll.gempack2_t40",,,,,,,,,"TRUE",,
"ChronosOffer_gempack3_t40","Chronos","TID_IAP_OFFER",,,,,,,,,,,,,,,,"com.supercell.scroll.gempack3_t40",,,,,,,,,"TRUE",,
"ChronosOffer_gempack4_t40","Chronos","TID_IAP_OFFER",,,,,,,,,,,,,,,,"com.supercell.scroll.gempack4_t40",,,,,,,,,"TRUE",,
"ChronosOffer_gempack5_t40","Chronos","TID_IAP_OFFER",,,,,,,,,,,,,,,,"com.supercell.scroll.gempack5_t40",,,,,,,,,"TRUE",,
"ChronosOffer_gempack0_t50","Chronos","TID_IAP_OFFER",,,,,,,,,,,,,,,,"com.supercell.scroll.gempack0_t50",,,,,,,,,"TRUE",,
"ChronosOffer_gempack1_t50","Chronos","TID_IAP_OFFER",,,,,,,,,,,,,,,,"com.supercell.scroll.gempack1_t50",,,,,,,,,"TRUE",,
"ChronosOffer_gempack2_t50","Chronos","TID_IAP_OFFER",,,,,,,,,,,,,,,,"com.supercell.scroll.gempack2_t50",,,,,,,,,"TRUE",,
"ChronosOffer_gempack3_t50","Chronos","TID_IAP_OFFER",,,,,,,,,,,,,,,,"com.supercell.scroll.gempack3_t50",,,,,,,,,"TRUE",,
"ChronosOffer_gempack4_t50","Chronos","TID_IAP_OFFER",,,,,,,,,,,,,,,,"com.supercell.scroll.gempack4_t50",,,,,,,,,"TRUE",,
"ChronosOffer_gempack5_t50","Chronos","TID_IAP_OFFER",,,,,,,,,,,,,,,,"com.supercell.scroll.gempack5_t50",,,,,,,,,"TRUE",,
"ChronosOffer_gempack0_t60","Chronos","TID_IAP_OFFER",,,,,,,,,,,,,,,,"com.supercell.scroll.gempack0_t60",,,,,,,,,"TRUE",,
"ChronosOffer_gempack1_t60","Chronos","TID_IAP_OFFER",,,,,,,,,,,,,,,,"com.supercell.scroll.gempack1_t60",,,,,,,,,"TRUE",,
"ChronosOffer_gempack2_t60","Chronos","TID_IAP_OFFER",,,,,,,,,,,,,,,,"com.supercell.scroll.gempack2_t60",,,,,,,,,"TRUE",,
"ChronosOffer_gempack3_t60","Chronos","TID_IAP_OFFER",,,,,,,,,,,,,,,,"com.supercell.scroll.gempack3_t60",,,,,,,,,"TRUE",,
"ChronosOffer_gempack4_t60","Chronos","TID_IAP_OFFER",,,,,,,,,,,,,,,,"com.supercell.scroll.gempack4_t60",,,,,,,,,"TRUE",,
"ChronosOffer_gempack5_t60","Chronos","TID_IAP_OFFER",,,,,,,,,,,,,,,,"com.supercell.scroll.gempack5_t60",,,,,,,,,"TRUE",,
"ChronosOffer_gempack0_t70","Chronos","TID_IAP_OFFER",,,,,,,,,,,,,,,,"com.supercell.scroll.gempack0_t70",,,,,,,,,"TRUE",,
"ChronosOffer_gempack1_t70","Chronos","TID_IAP_OFFER",,,,,,,,,,,,,,,,"com.supercell.scroll.gempack1_t70",,,,,,,,,"TRUE",,
"ChronosOffer_gempack2_t70","Chronos","TID_IAP_OFFER",,,,,,,,,,,,,,,,"com.supercell.scroll.gempack2_t70",,,,,,,,,"TRUE",,
"ChronosOffer_gempack3_t70","Chronos","TID_IAP_OFFER",,,,,,,,,,,,,,,,"com.supercell.scroll.gempack3_t70",,,,,,,,,"TRUE",,
"ChronosOffer_gempack4_t70","Chronos","TID_IAP_OFFER",,,,,,,,,,,,,,,,"com.supercell.scroll.gempack4_t70",,,,,,,,,"TRUE",,
"ChronosOffer_gempack5_t70","Chronos","TID_IAP_OFFER",,,,,,,,,,,,,,,,"com.supercell.scroll.gempack5_t70",,,,,,,,,"TRUE",,
"ChronosOffer_gempack0_t80","Chronos","TID_IAP_OFFER",,,,,,,,,,,,,,,,"com.supercell.scroll.gempack0_t80",,,,,,,,,"TRUE",,
"ChronosOffer_gempack1_t80","Chronos","TID_IAP_OFFER",,,,,,,,,,,,,,,,"com.supercell.scroll.gempack1_t80",,,,,,,,,"TRUE",,
"ChronosOffer_gempack2_t80","Chronos","TID_IAP_OFFER",,,,,,,,,,,,,,,,"com.supercell.scroll.gempack2_t80",,,,,,,,,"TRUE",,
"ChronosOffer_gempack3_t80","Chronos","TID_IAP_OFFER",,,,,,,,,,,,,,,,"com.supercell.scroll.gempack3_t80",,,,,,,,,"TRUE",,
"ChronosOffer_gempack4_t80","Chronos","TID_IAP_OFFER",,,,,,,,,,,,,,,,"com.supercell.scroll.gempack4_t80",,,,,,,,,"TRUE",,
"ChronosOffer_gempack5_t80","Chronos","TID_IAP_OFFER",,,,,,,,,,,,,,,,"com.supercell.scroll.gempack5_t80",,,,,,,,,"TRUE",,
"ChronosOffer_gempack0_t90","Chronos","TID_IAP_OFFER",,,,,,,,,,,,,,,,"com.supercell.scroll.gempack0_t90",,,,,,,,,"TRUE",,
"ChronosOffer_gempack1_t90","Chronos","TID_IAP_OFFER",,,,,,,,,,,,,,,,"com.supercell.scroll.gempack1_t90",,,,,,,,,"TRUE",,
"ChronosOffer_gempack2_t90","Chronos","TID_IAP_OFFER",,,,,,,,,,,,,,,,"com.supercell.scroll.gempack2_t90",,,,,,,,,"TRUE",,
"ChronosOffer_gempack3_t90","Chronos","TID_IAP_OFFER",,,,,,,,,,,,,,,,"com.supercell.scroll.gempack3_t90",,,,,,,,,"TRUE",,
"ChronosOffer_gempack4_t90","Chronos","TID_IAP_OFFER",,,,,,,,,,,,,,,,"com.supercell.scroll.gempack4_t90",,,,,,,,,"TRUE",,
"ChronosOffer_gempack5_t90","Chronos","TID_IAP_OFFER",,,,,,,,,,,,,,,,"com.supercell.scroll.gempack5_t90",,,,,,,,,"TRUE",,
"ChronosOffer_gempack0_t110","Chronos","TID_IAP_OFFER",,,,,,,,,,,,,,,,"com.supercell.scroll.gempack0_t110",,,,,,,,,"TRUE",,
"ChronosOffer_gempack1_t110","Chronos","TID_IAP_OFFER",,,,,,,,,,,,,,,,"com.supercell.scroll.gempack1_t110",,,,,,,,,"TRUE",,
"ChronosOffer_gempack2_t110","Chronos","TID_IAP_OFFER",,,,,,,,,,,,,,,,"com.supercell.scroll.gempack2_t110",,,,,,,,,"TRUE",,
"ChronosOffer_gempack3_t110","Chronos","TID_IAP_OFFER",,,,,,,,,,,,,,,,"com.supercell.scroll.gempack3_t110",,,,,,,,,"TRUE",,
"ChronosOffer_gempack4_t110","Chronos","TID_IAP_OFFER",,,,,,,,,,,,,,,,"com.supercell.scroll.gempack4_t110",,,,,,,,,"TRUE",,
"ChronosOffer_gempack5_t110","Chronos","TID_IAP_OFFER",,,,,,,,,,,,,,,,"com.supercell.scroll.gempack5_t110",,,,,,,,,"TRUE",,
"ChronosOffer_gempack0_t120","Chronos","TID_IAP_OFFER",,,,,,,,,,,,,,,,"com.supercell.scroll.gempack0_t120",,,,,,,,,"TRUE",,
"ChronosOffer_gempack1_t120","Chronos","TID_IAP_OFFER",,,,,,,,,,,,,,,,"com.supercell.scroll.gempack1_t120",,,,,,,,,"TRUE",,
"ChronosOffer_gempack2_t120","Chronos","TID_IAP_OFFER",,,,,,,,,,,,,,,,"com.supercell.scroll.gempack2_t120",,,,,,,,,"TRUE",,
"ChronosOffer_gempack3_t120","Chronos","TID_IAP_OFFER",,,,,,,,,,,,,,,,"com.supercell.scroll.gempack3_t120",,,,,,,,,"TRUE",,
"ChronosOffer_gempack4_t120","Chronos","TID_IAP_OFFER",,,,,,,,,,,,,,,,"com.supercell.scroll.gempack4_t120",,,,,,,,,"TRUE",,
"ChronosOffer_gempack5_t120","Chronos","TID_IAP_OFFER",,,,,,,,,,,,,,,,"com.supercell.scroll.gempack5_t120",,,,,,,,,"TRUE",,
"ChronosOffer_pass_029","Chronos","TID_IAP_PASS",,,,,,,,,,,,,,,,"com.supercell.scroll.pass_0.29",,,,,,,,,"TRUE",,
"ChronosOffer_pass_039","Chronos","TID_IAP_PASS",,,,,,,,,,,,,,,,"com.supercell.scroll.pass_0.39",,,,,,,,,"TRUE",,
"ChronosOffer_pass_049","Chronos","TID_IAP_PASS",,,,,,,,,,,,,,,,"com.supercell.scroll.pass_0.49",,,,,,,,,"TRUE",,
"ChronosOffer_pass_059","Chronos","TID_IAP_PASS",,,,,,,,,,,,,,,,"com.supercell.scroll.pass_0.59",,,,,,,,,"TRUE",,
"ChronosOffer_pass_069","Chronos","TID_IAP_PASS",,,,,,,,,,,,,,,,"com.supercell.scroll.pass_0.69",,,,,,,,,"TRUE",,
"ChronosOffer_pass_079","Chronos","TID_IAP_PASS",,,,,,,,,,,,,,,,"com.supercell.scroll.pass_0.79",,,,,,,,,"TRUE",,
"ChronosOffer_pass_089","Chronos","TID_IAP_PASS",,,,,,,,,,,,,,,,"com.supercell.scroll.pass_0.89",,,,,,,,,"TRUE",,
"ChronosOffer_pass_099","Chronos","TID_IAP_PASS",,,,,,,,,,,,,,,,"com.supercell.scroll.pass_0.99",,,,,,,,,"TRUE",,
"ChronosOffer_pass_109","Chronos","TID_IAP_PASS",,,,,,,,,,,,,,,,"com.supercell.scroll.pass_1.09",,,,,,,,,"TRUE",,
"ChronosOffer_pass_119","Chronos","TID_IAP_PASS",,,,,,,,,,,,,,,,"com.supercell.scroll.pass_1.19",,,,,,,,,"TRUE",,
"ChronosOffer_pass_129","Chronos","TID_IAP_PASS",,,,,,,,,,,,,,,,"com.supercell.scroll.pass_1.29",,,,,,,,,"TRUE",,
"ChronosOffer_pass_139","Chronos","TID_IAP_PASS",,,,,,,,,,,,,,,,"com.supercell.scroll.pass_1.39",,,,,,,,,"TRUE",,
"ChronosOffer_pass_149","Chronos","TID_IAP_PASS",,,,,,,,,,,,,,,,"com.supercell.scroll.pass_1.49",,,,,,,,,"TRUE",,
"ChronosOffer_pass_159","Chronos","TID_IAP_PASS",,,,,,,,,,,,,,,,"com.supercell.scroll.pass_1.59",,,,,,,,,"TRUE",,
"ChronosOffer_pass_169","Chronos","TID_IAP_PASS",,,,,,,,,,,,,,,,"com.supercell.scroll.pass_1.69",,,,,,,,,"TRUE",,
"ChronosOffer_pass_179","Chronos","TID_IAP_PASS",,,,,,,,,,,,,,,,"com.supercell.scroll.pass_1.79",,,,,,,,,"TRUE",,
"ChronosOffer_pass_189","Chronos","TID_IAP_PASS",,,,,,,,,,,,,,,,"com.supercell.scroll.pass_1.89",,,,,,,,,"TRUE",,
"ChronosOffer_pass_199","Chronos","TID_IAP_PASS",,,,,,,,,,,,,,,,"com.supercell.scroll.pass_1.99",,,,,,,,,"TRUE",,
"ChronosOffer_pass_209","Chronos","TID_IAP_PASS",,,,,,,,,,,,,,,,"com.supercell.scroll.pass_2.09",,,,,,,,,"TRUE",,
"ChronosOffer_pass_219","Chronos","TID_IAP_PASS",,,,,,,,,,,,,,,,"com.supercell.scroll.pass_2.19",,,,,,,,,"TRUE",,
"ChronosOffer_pass_229","Chronos","TID_IAP_PASS",,,,,,,,,,,,,,,,"com.supercell.scroll.pass_2.29",,,,,,,,,"TRUE",,
"ChronosOffer_pass_239","Chronos","TID_IAP_PASS",,,,,,,,,,,,,,,,"com.supercell.scroll.pass_2.39",,,,,,,,,"TRUE",,
"ChronosOffer_pass_249","Chronos","TID_IAP_PASS",,,,,,,,,,,,,,,,"com.supercell.scroll.pass_2.49",,,,,,,,,"TRUE",,
"ChronosOffer_pass_259","Chronos","TID_IAP_PASS",,,,,,,,,,,,,,,,"com.supercell.scroll.pass_2.59",,,,,,,,,"TRUE",,
"ChronosOffer_pass_269","Chronos","TID_IAP_PASS",,,,,,,,,,,,,,,,"com.supercell.scroll.pass_2.69",,,,,,,,,"TRUE",,
"ChronosOffer_pass_279","Chronos","TID_IAP_PASS",,,,,,,,,,,,,,,,"com.supercell.scroll.pass_2.79",,,,,,,,,"TRUE",,
"ChronosOffer_pass_289","Chronos","TID_IAP_PASS",,,,,,,,,,,,,,,,"com.supercell.scroll.pass_2.89",,,,,,,,,"TRUE",,
"ChronosOffer_pass_299","Chronos","TID_IAP_PASS",,,,,,,,,,,,,,,,"com.supercell.scroll.pass_2.99",,,,,,,,,"TRUE",,
"ChronosOffer_pass_329","Chronos","TID_IAP_PASS",,,,,,,,,,,,,,,,"com.supercell.scroll.pass_3.29",,,,,,,,,"TRUE",,
"ChronosOffer_pass_349","Chronos","TID_IAP_PASS",,,,,,,,,,,,,,,,"com.supercell.scroll.pass_3.49",,,,,,,,,"TRUE",,
"ChronosOffer_pass_379","Chronos","TID_IAP_PASS",,,,,,,,,,,,,,,,"com.supercell.scroll.pass_3.79",,,,,,,,,"TRUE",,
"ChronosOffer_pass_399","Chronos","TID_IAP_PASS",,,,,,,,,,,,,,,,"com.supercell.scroll.pass_3.99",,,,,,,,,"TRUE",,
"ChronosOffer_pass_429","Chronos","TID_IAP_PASS",,,,,,,,,,,,,,,,"com.supercell.scroll.pass_4.29",,,,,,,,,"TRUE",,
"ChronosOffer_pass_449","Chronos","TID_IAP_PASS",,,,,,,,,,,,,,,,"com.supercell.scroll.pass_4.49",,,,,,,,,"TRUE",,
"ChronosOffer_pass_479","Chronos","TID_IAP_PASS",,,,,,,,,,,,,,,,"com.supercell.scroll.pass_4.79",,,,,,,,,"TRUE",,
"ChronosOffer_pass_499","Chronos","TID_IAP_PASS",,,,,,,,,,,,,,,,"com.supercell.scroll.pass_4.99",,,,,,,,,"TRUE",,
"ChronosOffer_pass_549","Chronos","TID_IAP_PASS",,,,,,,,,,,,,,,,"com.supercell.scroll.pass_5.49",,,,,,,,,"TRUE",,
"ChronosOffer_pass_599","Chronos","TID_IAP_PASS",,,,,,,,,,,,,,,,"com.supercell.scroll.pass_5.99",,,,,,,,,"TRUE",,
"ChronosOffer_pass_649","Chronos","TID_IAP_PASS",,,,,,,,,,,,,,,,"com.supercell.scroll.pass_6.49",,,,,,,,,"TRUE",,
"ChronosOffer_pass_699","Chronos","TID_IAP_PASS",,,,,,,,,,,,,,,,"com.supercell.scroll.pass_6.99",,,,,,,,,"TRUE",,
"ChronosOffer_pass_749","Chronos","TID_IAP_PASS",,,,,,,,,,,,,,,,"com.supercell.scroll.pass_7.49",,,,,,,,,"TRUE",,
"ChronosOffer_pass_799","Chronos","TID_IAP_PASS",,,,,,,,,,,,,,,,"com.supercell.scroll.pass_7.99",,,,,,,,,"TRUE",,
"ChronosOffer_pass_849","Chronos","TID_IAP_PASS",,,,,,,,,,,,,,,,"com.supercell.scroll.pass_8.49",,,,,,,,,"TRUE",,
"ChronosOffer_pass_899","Chronos","TID_IAP_PASS",,,,,,,,,,,,,,,,"com.supercell.scroll.pass_8.99",,,,,,,,,"TRUE",,
"ChronosOffer_pass_949","Chronos","TID_IAP_PASS",,,,,,,,,,,,,,,,"com.supercell.scroll.pass_9.49",,,,,,,,,"TRUE",,
"ChronosOffer_pass_999","Chronos","TID_IAP_PASS",,,,,,,,,,,,,,,,"com.supercell.scroll.pass_9.99",,,,,,,,,"TRUE",,
"ChronosOffer_pass_1099","Chronos","TID_IAP_PASS",,,,,,,,,,,,,,,,"com.supercell.scroll.pass_10.99",,,,,,,,,"TRUE",,
"ChronosOffer_pass_1199","Chronos","TID_IAP_PASS",,,,,,,,,,,,,,,,"com.supercell.scroll.pass_11.99",,,,,,,,,"TRUE",,
"ChronosOffer_pass_1299","Chronos","TID_IAP_PASS",,,,,,,,,,,,,,,,"com.supercell.scroll.pass_12.99",,,,,,,,,"TRUE",,
"ChronosOffer_pass_1399","Chronos","TID_IAP_PASS",,,,,,,,,,,,,,,,"com.supercell.scroll.pass_13.99",,,,,,,,,"TRUE",,
"ChronosOffer_pass_1499","Chronos","TID_IAP_PASS",,,,,,,,,,,,,,,,"com.supercell.scroll.pass_14.99",,,,,,,,,"TRUE",,