Name,IconSWF,IconFile,HighresPlaceholderAsset,HighresImageFilename,UnlockArena,UnlockLevel,Rarity,NotVisible,Tribe,ManaCost,PrestigeCount,ManaCostFromSummonerMana,NotInUse,Mirror,CustomDeployTime,IsAGroup,SummonCharacter,SummonNumber,SummonCharacterLevelIndex,SummonCharacterSecond,SummonCharacterSecondCount,SummonRadius,SummonWidth,SummonDeployDelay,SummonDeployDelaySecond,CharacterSkin,CharacterSkin2,Radius,Height,Projectile,ProjectileInterval,ProjectileAngle,ProjectileWaves,ProjectileWaveInterval,SpellAsDeploy,CanPlaceOnBuildings,CanPlaceOnWater,InstantDamage,DurationSeconds,InstantHeal,HealPerSecond,Effect,Pushback,MultipleProjectiles,CustomFirstProjectile,BuffTime,BuffTimeIncreasePerLevel,BuffNumber,BuffType,BuffOnDamage,OnlyOwnTroops,OnlyEnemies,CanDeployOnEnemySide,TouchdownLimitedDeploy,CastSound,AreaEffectObject,TID,TID_INFO,IndicatorFileName,IndicatorEffect,IndicatorPrestigeSWF,IndicatorPrestigeExportName,IndicatorPrestigeExportName2,IndicatorPrestigeExportName3,HideRadiusIndicator,DestIndicatorEffect,ReleaseDate,ElixirProductionStopTime,DarkMirror,StatsUnderInfo,HeroAbility,PassiveAbility,HPModifier,DamageModifier,DeployWTileMargin,FullLaneDeploy,AbilityCooldown,DeployStartY,DeployEndY,PveDefenseType,TypeOfSpell,EvolvedSpells,DarkElixirCost,PostSpawnAction,TargetIndicatorType,CustomClassType
string,string,string,string,string,string,int,string,boolean,String,int,int,boolean,boolean,boolean,int,boolean,string,int,int,string,int,int,int,int,int,string,string,int,int,string,int,int,int,int,boolean,boolean,boolean,int,int,int,int,string,int,int,string,int,int,int,string,string,boolean,boolean,boolean,boolean,string,string,string,string,String,String,string,string,string,string,boolean,String,String,int,boolean,boolean,String,String,int,int,int,boolean,int,int,int,string,string,string,int,string,string,string
Knight,,knight,sc/ui_card_info_fx.sc#card_info_fx_common,image/chr/knight.png,TrainingCamp,,Common,,Kingdom,3,3,,,,,,Knight,,,,,,,,,,,,,,,,,,,,,,,,,CharacterDeploy,,,,,,,,,,,,,,,TID_SPELL_KNIGHT,TID_SPELL_INFO_KNIGHT,,,,,,,,,,,,,,,,,,,,,,Defender,,,,,,
Archer,,archer,sc/ui_card_info_fx.sc#card_info_fx_common,image/chr/archers.png,TrainingCamp,,Common,,Village,3,2,,,,,,Archer,2,,,,,,100,,,,,,,,,,,,,,,,,,CharacterDeploy,,,,,,,,,,,,,,,TID_SPELL_ARCHERS,TID_SPELL_INFO_ARCHERS,,,,,,,,,,,,,,,,,,,,,,Range,,Archer_EV1,,,,
Goblins,,goblins,sc/ui_card_info_fx.sc#card_info_fx_common_narrow,image/chr/goblins.png,Arena1,,Common,,Goblin,2,3,,,,,,Goblin_Stab,4,,,,700,,200,,,,,,,,,,,,,,,,,,CharacterDeploy,,,,,,,,,,,,,,,TID_SPELL_GOBLINS,TID_SPELL_INFO_GOBLINS,,,,,,,,,,,,,,,,,,,,,,Defender,,,,,,
Giant,,giant,sc/ui_card_info_fx.sc#card_info_fx_rare,image/chr/giant.png,TrainingCamp,,Rare,,Village,5,2,,,,,,Giant,,,,,,,,,,,,,,,,,,,,,,,,,CharacterDeploy,,,,,,,,,true,,,,,,TID_SPELL_GIANT,TID_SPELL_INFO_GIANT,,,,,,,,,,,,,,,,,,,,,,Defender,,,,,,
Pekka,,pekka,sc/ui_card_info_fx.sc#card_info_fx_epic_wide,image/chr/pekka_dl.png,Arena6,,Epic,,Beast,7,2,,,,,,Pekka,,,,,,,,,,,,,,,,,,,,,,,,,CharacterDeploy,,,,,,,,,true,,,,,,TID_SPELL_PEKKA,TID_SPELL_INFO_PEKKA,,,,,,,,,,,,,,,,,,,,,,Defender,,Pekka_EV1,,,,
Minions,,minion,sc/ui_card_info_fx.sc#card_info_fx_common,image/chr/minions.png,TrainingCamp,,Common,,,3,3,,,,,,Minion,3,,,,,,100,,,,,,,,,,,,,,,,,,CharacterDeploy,,,,,,,,,,,,,,,TID_SPELL_MINIONS,TID_SPELL_INFO_MINIONS,,,,,,,,,,,,,,,,,,,,,,Defender,,,,,,
Balloon,,chr_balloon,sc/ui_card_info_fx.sc#card_info_fx_epic,image/chr/balloon_dl.png,Arena7,,Epic,,,5,3,,,,,,Balloon,,,,,,,,,,,,,,,,,,,,,,,,,CharacterDeploy,,,,,,,,,,,,,,,TID_SPELL_BALLOON,TID_SPELL_INFO_BALLOON,,,,,,,,,,,,,,,,,,,,,,Attacker,,,,,,
Witch,,witch,sc/ui_card_info_fx.sc#card_info_fx_epic,image/chr/witch_dl.png,Arena6,,Epic,,,5,2,,,,,,Witch,,,,,,,,,,,,,,,,,,,,,,,,,CharacterDeploy,,,,,,,,,true,,,,,,TID_SPELL_WITCH,TID_SPELL_INFO_WITCH,,,,,,,,,,,,,,,,,,,,,,Range,,Witch_EV1,,,,
Barbarians,,barbarian_card,sc/ui_card_info_fx.sc#card_info_fx_common_narrow,image/chr/barbarians_dl.png,Arena3,,Common,,,5,2,,,,,,Barbarian,5,,,,700,,100,,,,,,,,,,,,,,,,,,CharacterDeploy,,,,,,,,,,,,,,,TID_SPELL_BARBARIANS,TID_SPELL_INFO_BARBARIANS,,,,,,,,,,,,,,,,,,,,,,Defender,,Barbarians_EV1,,,,
Golem,,chr_golem,sc/ui_card_info_fx.sc#card_info_fx_epic_empty,image/chr/golem_dl.png,Arena_L,,Epic,,,8,2,,,,,,Golem,,,,,,,,,,,,,,,,,,,,,,,,,CharacterDeploy,,,,,,,,,true,,,,,,TID_SPELL_GOLEM,TID_SPELL_INFO_GOLEM,,,,,,,,,,,,,,,,,,,,,,Defender,,,,,,
Skeletons,,skeletons_card,sc/ui_card_info_fx.sc#card_info_fx_common,image/chr/skeletons_dl.png,Arena2,,Common,,,1,3,,,,,,Skeleton,3,,,,700,,,,,,,,,,,,,,,,,,,,CharacterDeploy,,,,,,,,,,,,,,,TID_SPELL_SKELETONS,TID_SPELL_INFO_SKELETONS,,,,,,,,,,,,,,,,,,,,,,Defender,,Skeletons_EV1,,,,
Valkyrie,,valkyrie,sc/ui_card_info_fx.sc#card_info_fx_rare,image/chr/valkyrie_dl.png,Arena2,,Rare,,,4,2,,,,,,Valkyrie,,,,,,,,,,,,,,,,,,,,,,,,,CharacterDeploy,,,,,,,,,,,,,,,TID_SPELL_VALKYRIE,TID_SPELL_INFO_VALKYRIE,,,,,,,,,,,,,,,,,,,,,,Defender,,Valkyrie_EV1,,,,
SkeletonArmy,,skeleton_horde,sc/ui_card_info_fx.sc#card_info_fx_epic_narrow,image/chr/skeleton_army_dl.png,Arena6,,Epic,,,3,3,,,,,,Skeleton,15,5,,,,,,,,,,,,,,,,,,,,,,,CharacterDeploy,,,,,,,,,,,,,,,TID_SPELL_SKELETON_HORDE,TID_SPELL_INFO_SKELETON_HORDE,,,,,,,,,,,,true,,,,,,,,,,Defender,,SkeletonArmy_EV1,,,,
Bomber,,bomber,sc/ui_card_info_fx.sc#card_info_fx_common,image/chr/bomber_dl.png,Arena2,,Common,,,2,2,,,,,,Bomber,,,,,,,,,,,,,,,,,,,,,,,,,CharacterDeploy,,,,,,,,,,,,,,,TID_SPELL_BOMBER,TID_SPELL_INFO_BOMBER,,,,,,,,,,,,,,,,,,,,,,Range,,Bomber_EV1,,,,
Musketeer,sc/ui_card_musketeer.sc,musketeer_card,sc/ui_card_info_fx.sc#card_info_fx_rare,image/chr/musketeer_dl.png,TrainingCamp,,Rare,,,4,2,,,,,,Musketeer,,,,,,,,,,,,,,,,,,,,,,,,,CharacterDeploy,,,,,,,,,,,,,,,TID_SPELL_MUSKETEER,TID_SPELL_INFO_MUSKETEER,,,,,,,,,,,,,,,,,,,,,,Range,,Musketeer_EV1,,,,
BabyDragon,,baby_dragon,sc/ui_card_info_fx.sc#card_info_fx_epic,image/chr/baby_dragon_dl.png,Arena6,,Epic,,,4,2,,,,,,BabyDragon,,,,,,,,,,,,,,,,,,,,,,,,,CharacterDeploy,,,,,,,,,,,,,,,TID_SPELL_BABY_DRAGON,TID_SPELL_INFO_BABY_DRAGON,,,,,,,,,,,,,,,,,,,,,,Range,,BabyDragon_EV1,,,,
Prince,,prince,sc/ui_card_info_fx.sc#card_info_fx_epic,image/chr/prince_dl.png,Arena7,,Epic,,Magic,5,1,,,,,,Prince,,,,,,,,,,,,,,,,,,,,,,,,,CharacterDeploy,,,,,,,,,,,,,,,TID_SPELL_PRINCE,TID_SPELL_INFO_PRINCE,,,,,,,,,,,,,,,,,,,,,,Attacker,,,,,,
,,,,,,,,,Kingdom,,,,,,,,,,,,,,,,,,,,,,,,,,,,,,,,,,,,,,,,,,,,,,,,,,,,,,,,,,,,,,,,,,,,,,,,,,,,,
Wizard,,wizard,sc/ui_card_info_fx.sc#card_info_fx_rare_right,image/chr/wizard_dl.png,Arena4,,Rare,,,5,2,,,,,,Wizard,,,,,,,,,,,,,,,,,,,,,,,,,CharacterDeploy,,,,,,,,,,,,,,,TID_SPELL_WIZARD,TID_SPELL_INFO_WIZARD,,,,,,,,,,,,,,,,,,,,,,Range,,Wizard_EV1,,,,
MiniPekka,,minipekka,sc/ui_card_info_fx.sc#card_info_fx_rare,image/chr/mini_pekka.png,TrainingCamp,,Rare,,,4,2,,,,,,MiniPekka,,,,,,,,,,,,,,,,,,,,,,,,,CharacterDeploy,,,,,,,,,true,,,,,,TID_SPELL_MINIPEKKA,TID_SPELL_INFO_MINIPEKKA,,,,,,,,,,,,,,,,,,,,,,Defender,,,,,,
SpearGoblins,,goblin_archer,sc/ui_card_info_fx.sc#card_info_fx_common_empty,image/chr/spear_goblins.png,Arena1,,Common,,,2,3,,,,,,SpearGoblin,3,,,,800,,100,,,,,,,,,,,,,,,,,,CharacterDeploy,,,,,,,,,,,,,,,TID_SPELL_SPEAR_GOBLINS,TID_SPELL_INFO_SPEAR_GOBLINS,,,,,,,,,,,,,,,,,,,,,,Range,,,,,,
GiantSkeleton,,giant_skeleton,sc/ui_card_info_fx.sc#card_info_fx_epic,image/chr/giant_skeleton_dl.png,Arena8,,Epic,,,6,3,,,,,,GiantSkeleton,1,,,,,,,,,,,,,,,,,,,,,,,,CharacterDeploy,,,,,,,,,,,,,,,TID_SPELL_GIANT_SKELETON,TID_SPELL_INFO_GIANT_SKELETON,,,,,,,,,,,,,,,,,,,,,,Defender,,,,,,
HogRider,,hog_rider,sc/ui_card_info_fx.sc#card_info_fx_rare,image/chr/hog_rider_dl.png,Arena5,,Rare,,,4,3,,,,,,HogRider,1,,,,,,,,,,,,,,,,,,,,,,,,CharacterDeploy,,,,,,,,,,,,,,,TID_SPELL_HOG_RIDER,TID_SPELL_INFO_HOG_RIDER,,,,,,,,,,,,,,,,,,,,,,Attacker,,,,,,
MinionHorde,,minion_horde,sc/ui_card_info_fx.sc#card_info_fx_common,image/chr/minions_horde_dl.png,Arena_L,,Common,,,5,3,,,,,,Minion,6,,,,600,,100,,,,,,,,,,,,,,,,,,CharacterDeploy,,,,,,,,,,,,,,,TID_SPELL_MINION_HORDE,TID_SPELL_INFO_MINION_HORDE,,,,,,,,,,,,,,,,,,,,,,Defender,,MinionHorde_EV1,,,,
IceWizard,,ice_wizard,sc/ui_card_info_fx.sc#card_info_fx_legendary_empty,image/chr/ice_wizard_dl.png,Arena_T,,Legendary,,,3,1,,,,,,,,,,,,,,,,,3000,,,,,,,TRUE,,,,,,,CharacterDeploy,,,,,,,,,,,,,,IceWizardCold,TID_SPELL_ICE_WIZARD,TID_SPELL_INFO_ICE_WIZARD,sc/chr_ice_wizard.sc,,,,,,,,,,,,,,,,,,,,,Range,Troop,,,,,
RoyalGiant,,royalgiant,sc/ui_card_info_fx.sc#card_info_fx_common,image/chr/royal_giant_dl.png,Arena7,,Common,,,6,2,,,,,,RoyalGiant,,,,,,,,,,,,,,,,,,,,,,,,,CharacterDeploy,,,,,,,,,,,,,,,TID_SPELL_ROYAL_GIANT,TID_SPELL_INFO_ROYAL_GIANT,,,,,,,,,,,,,,,,,,,,,,Attacker,,RoyalGiant_EV1,,,,
SkeletonWarriors,,skeleton_warriors,sc/ui_card_info_fx.sc#card_info_fx_epic,image/chr/guards_dl.png,Arena6,,Epic,,,3,2,,,,,,SkeletonWarrior,3,,,,,,100,,,,,,,,,,,,,,,,,,CharacterDeploy,,,,,,,,,,,,,,,TID_SPELL_SKELETON_WARRIORS,TID_SPELL_INFO_SKELETON_WARRIORS,,,,,,,,,,,,,,,,,,,,,,Defender,,,,,,
Princess,,princess,sc/ui_card_info_fx.sc#card_info_fx_legendary_narrow,image/chr/princess_dl.png,Arena_Electric,,Legendary,,,3,1,,,,,,Princess,,,,,,,,,,,,,,,,,,,,,,,,,CharacterDeploy,,,,,,,,,,,,,,,TID_SPELL_PRINCESS,TID_SPELL_INFO_PRINCESS,,,,,,,,,,,,,,,,,,,,,,Range,,Princess_EV1,,,,
DarkPrince,,dark_prince,sc/ui_card_info_fx.sc#card_info_fx_epic_empty,image/chr/dark_prince_dl.png,Arena7,,Epic,,,4,1,,,,,,DarkPrince,,,,,,,,,,,,,,,,,,,,,,,,,CharacterDeploy,,,,,,,,,,,,,,,TID_SPELL_DARK_PRINCE,TID_SPELL_INFO_DARK_PRINCE,,,,,,,,,,,,,,,,,,,,,,Attacker,,,,,,
ThreeMusketeers,sc/ui_card_three_musketeer.sc,three_musketeer_card,sc/ui_card_info_fx.sc#card_info_fx_rare,image/chr/three_musketeers.png,Arena7,,Rare,,,9,2,,,,1000,,,,,,,,,100,,,,,,,,,,,,,,,,,,CharacterDeploy,,,,,,,,,,,,,,,TID_SPELL_THREE_MUSKETEERS,TID_SPELL_INFO_THREE_MUSKETEERS_REWORK,,,,,,,,,,,,,,,,,,,,,,Range,Troop,,,,,
LavaHound,,lava_hound,sc/ui_card_info_fx.sc#card_info_fx_legendary_lava_hound,image/chr/lava_hound_dl.png,Arena13,,Legendary,,,7,2,,,,,,LavaHound,,,,,,,,,,,,,,,,,,,,,,,,,CharacterDeploy,,,,,,,,,,,,,,,TID_SPELL_LAVA_HOUND,TID_SPELL_INFO_LAVA_HOUND,,,,,,,,,,,,,,,,,,,,,,Defender,,,,,,
IceSpirits,,snow_spirits,sc/ui_card_info_fx.sc#card_info_fx_common,image/chr/ice_spirit_dl.png,Arena8,,Common,,,1,1,,,,,,IceSpirits,1,,,,,,,,,,,,,,,,,,,,,,,,CharacterDeploy,,,,,,,,,,,,,,,TID_SPELL_ICE_SPIRITS,TID_SPELL_INFO_ICE_SPIRITS,,,,,,,,,,,,,,,,,,,,,,Range,,IceSpirits_EV1,,,,
FireSpirits,,fire_spirits,sc/ui_card_info_fx.sc#card_info_fx_common_empty,image/chr/fire_spirit.png,Arena4,,Common,,,1,1,,,,,,FireSpirits,1,,,,,,100,,,,,,,,,,,,,,,,,,CharacterDeploy,,,,,,,,,,,,,,,TID_SPELL_FIRE_SPIRITS,TID_SPELL_INFO_FIRE_SPIRITS,,,,,,,,,,,,,,,,,,,,,,Range,,,,,,
Miner,,miner,sc/ui_card_info_fx.sc#card_info_fx_legendary_narrow,image/chr/miner_dl.png,Arena_Electric,,Legendary,,,3,2,,,,,,Miner,,,,,,,,,,,,,,,,,,,,,,,,,CharacterDeploy,,,,,,,,,,,true,TRUE,,,TID_SPELL_MINER,TID_SPELL_INFO_MINER,,,,,,,,,,,,,,,,,,,,,,Attacker,,,,,,
ZapMachine,,zapMachine,sc/ui_card_info_fx.sc#card_info_fx_legendary_empty,image/chr/sparky_dl.png,Arena_Electric,,Legendary,,,6,1,,,,,,ZapMachine,,,,,,,,,,,,,,,,,,,,,,,,,CharacterDeploy,,,,,,,,,true,,,,,,TID_SPELL_ZAPMACHINE,TID_SPELL_INFO_ZAPMACHINE,,,,,,,,,,,,,,,,,,,,,,Range,,,,,,
Bowler,,bowler,sc/ui_card_info_fx.sc#card_info_fx_epic,image/chr/bowler_dl.png,Arena13,,Epic,,,5,2,,,,,,Bowler,,,,,,,,,,,,,,,,,,,,,,,,,CharacterDeploy,,,,,,,,,,,,,,,TID_SPELL_BOWLER,TID_SPELL_INFO_BOWLER,,,,,,,,,,,,,,,,,,,,,,Defender,,,,,,
RageBarbarian,,rage_barbarian,sc/ui_card_info_fx.sc#card_info_fx_legendary_empty,image/chr/lumberjack_dl.png,Arena14,,Legendary,,,4,1,,,,,,RageBarbarian,1,,,,,,,,,,,,,,,,,,,,,,,,CharacterDeploy,,,,,,,,,,,,,,,TID_SPELL_RAGE_BARBARIAN,TID_SPELL_INFO_RAGE_BARBARIAN,,,,,,,,,,,,,,,,,,,,,,Attacker,,RageBarbarian_EV1,,,,
BattleRam,,battle_ram,sc/ui_card_info_fx.sc#card_info_fx_rare,image/chr/battle_ram_dl.png,Arena3,,Rare,,,4,2,,,,,,BattleRam,1,,,,,,,,,,,,,,,,,,,,,,,,CharacterDeploy,,,,,,,,,,,,,,,TID_SPELL_BATTLE_RAM,TID_SPELL_INFO_BATTLE_RAM,,,,,,,,,,,,,,,,,,,,,,Attacker,,BattleRam_EV1,,,,
InfernoDragon,,inferno_dragon,sc/ui_card_info_fx.sc#card_info_fx_legendary_empty,image/chr/inferno_dragon_dl.png,Arena_Electric,,Legendary,,,4,3,,,,,,InfernoDragon,1,,,,,,,,,,,,,,,,,,,,,,,,CharacterDeploy,,,,,,,,,,,,,,,TID_SPELL_INFERNO_DRAGON,TID_SPELL_INFO_INFERNO_DRAGON,,,,,,,,,,,,,,,,,,,,,,Defender,,InfernoDragon_EV1,,,,
IceGolemite,,icegolem,sc/ui_card_info_fx.sc#card_info_fx_rare,image/chr/ice_golem_dl.png,Arena8,,Rare,,,2,1,,,,,,IceGolemite,1,,,,,,,,,,,,,,,,,,,,,,,,CharacterDeploy,,,,,,,,,,,,,,,TID_SPELL_ICEGOLEMITE,TID_SPELL_INFO_ICEGOLEMITE,,,,,,,,,,,,,,,,,,,,,,Defender,,,,,,
MegaMinion,sc/ui_card_megaminion.sc,megaminion_card,sc/ui_card_info_fx.sc#card_info_fx_rare,image/chr/mega_minion_dl.png,Arena3,,Rare,,,3,2,,,,,,MegaMinion,1,,,,,,,,,,,,,,,,,,,,,,,,CharacterDeploy,,,,,,,,,,,,,,,TID_SPELL_MEGAMINION,TID_SPELL_INFO_MEGAMINION,,,,,,,,,,,,,,,,,,,,,,Defender,,,,,,
BlowdartGoblin,,blowdart_goblin,sc/ui_card_info_fx.sc#card_info_fx_rare,image/chr/dart_goblin_dl.png,Arena9,,Rare,,,3,2,,,,,,BlowdartGoblin,1,,,,,,,,,,,,,,,,,,,,,,,,CharacterDeploy,,,,,,,,,,,,,,,TID_SPELL_BLOWDART_GOBLIN,TID_SPELL_INFO_BLOWDART_GOBLIN,,,,,,,,,,,,,,,,,,,,,,Range,,BlowdartGoblin_EV1,,,,
GoblinGang,,goblin_gang,sc/ui_card_info_fx.sc#card_info_fx_common_empty,image/chr/goblins_gang_dl.png,Arena9,,Common,,,3,3,,,,,,Goblin_Stab,3,,SpearGoblin,3,1000,,100,,,,,,,,,,,,,,,,,,CharacterDeploy,,,,,,,,,,,,,,,TID_SPELL_GOBLIN_GANG,TID_SPELL_INFO_GOBLIN_GANG,,,,,,,,,,,,,,,,,,,,,,Defender,,,,,,
ElectroWizard,,electro_wizard,sc/ui_card_info_fx.sc#card_info_fx_legendary_empty,image/chr/electro_wizard_dl.png,Arena_Electric,,Legendary,,,4,1,,,,,,,,,,,,,,,,,3000,,,,,,,TRUE,,,,,,,CharacterDeploy,,,,,,,,,,,,,,ElectroWizardZap,TID_SPELL_ELECTRO_WIZARD,TID_SPELL_INFO_ELECTRO_WIZARD,sc/chr_electro_wizard.sc,,,,,,,,,,,,,,,,,,,,,Defender,Troop,,,,,
AngryBarbarians,,angry_barbarian,sc/ui_card_info_fx.sc#card_info_fx_common_empty,image/chr/elite_barbarians_dl.png,Arena_L,,Common,,,6,2,,,,,,AngryBarbarian,2,,,,700,,100,,,,,,,,,,,,,,,,,,CharacterDeploy,,,,,,,,,,,,,,,TID_SPELL_ANGRY_BARBARIANS,TID_SPELL_INFO_ANGRY_BARBARIANS,,,,,,,,,,,,,,,,,,,,,,Attacker,,AngryBarbarians_EV1,,,,
Hunter,,hunter,sc/ui_card_info_fx.sc#card_info_fx_epic_wide,image/chr/hunter_dl.png,Arena_L,,Epic,,,4,3,,,,,,Hunter,1,,,,,,,,,,,,,,,,,,,,,,,,CharacterDeploy,,,,,,,,,,,,,,,TID_SPELL_HUNTER,TID_SPELL_INFO_HUNTER,,,,,,,,,,,,,,,,,,,,,,Defender,,Hunter_EV1,,,,
AxeMan,,executioner,sc/ui_card_info_fx.sc#card_info_fx_epic_empty,image/chr/executioner_dl.png,Arena14,,Epic,,,5,2,,,,,,AxeMan,1,,,,,,,,,,,,,,,,,,,,,,,,CharacterDeploy,,,,,,,,,,,,,,,TID_SPELL_AXEMAN,TID_SPELL_INFO_AXEMAN,,,,,,,,,,,,,,,,,,,,,,Range,,AxeMan_EV1,,,,
Assassin,sc/ui_card_bandit.sc,bandit_2026_card,sc/ui_card_info_fx.sc#card_info_fx_legendary,image/chr/bandit_dl.png,Arena13,,Legendary,,,3,1,,,,,,Assassin,1,,,,,,,,,,,,,,,,,,,,,,,,CharacterDeploy,,,,,,,,,,,,,,,TID_SPELL_ASSASSIN,TID_SPELL_INFO_ASSASSIN,,,,,,,,,,,,,,,,,,,,,,Attacker,,,,,,
RoyalRecruits,,royal_recruits,sc/ui_card_info_fx.sc#card_info_fx_common,image/chr/royal_recruits_dl.png,Arena7,,Common,,,7,2,,,,,,Recruit,6,,,,500,14000,100,,,,,,,,,,,,,,,,,,CharacterDeploy,,,,,,,,,,,,,,,TID_SPELL_GUARD_BATTALION,TID_SPELL_INFO_GUARD_BATTALION,,,,,,,,,,,,,,,,,6,TRUE,,,,Defender,,RoyalRecruits_EV1,,,,
DarkWitch,,nightwitch,sc/ui_card_info_fx.sc#card_info_fx_legendary_narrow,image/chr/night_witch_dl.png,Arena14,,Legendary,,,4,2,,,,,,DarkWitch,1,,,,,,,,,,,,,,,,,,,,,,,,CharacterDeploy,,,,,,,,,,,,,,,TID_SPELL_DARK_WITCH,TID_SPELL_INFO_DARK_WITCH,,,,,,,,,,,,,,,,,,,,,,Range,,,,,,
Bats,,bats,sc/ui_card_info_fx.sc#card_info_fx_common_narrow,image/chr/bats_dl.png,Arena5,,Common,,,2,2,,,,,,Bat,5,,,,750,,100,,,,,,,,,,,,,,,,,,CharacterDeploy,,,,,,,,,,,,,,,TID_SPELL_BATS,TID_SPELL_INFO_BATS,,,,,,,,,,,,,,,,,,,,,,Defender,,Bats_EV1,,,,
Ghost,,ghost,sc/ui_card_info_fx.sc#card_info_fx_legendary_royal_ghost,image/chr/royal_ghost_dl.png,Arena_T,,Legendary,,,3,1,,,,,,Ghost,1,,,,,,,,,,,,,,,,,,,,,,,,CharacterDeploy,,,,,,,,,,,,,,,TID_SPELL_GHOST,TID_SPELL_INFO_GHOST,,,,,,,,,,,,,,,,,,,,,,Attacker,,Ghost_EV1,,,,
RamRider,,ram_rider,sc/ui_card_info_fx.sc#card_info_fx_legendary_ram_rider,image/chr/ram_rider_dl.png,Arena_Electric,,Legendary,,,5,1,,,,,,Ram,,,,,,,,,,,,,,,,,,,,,,,,,CharacterDeploy,,,,,,,,,,,,,,,TID_SPELL_RAM_RIDER,TID_SPELL_INFO_RAM_RIDER,,,,,,,,,,,,,,,,,,,,,,Attacker,,,,,,
MiniSparkys,,zappies,sc/ui_card_info_fx.sc#card_info_fx_rare,image/chr/zappies_dl.png,Arena_L,,Rare,,,4,2,,,,,,MiniZapMachine,3,,,,1000,,100,,,,,,,,,,,,,,,,,,CharacterDeploy,,,,,,,,,true,,,,,,TID_SPELL_MINI_ZAPMACHINE,TID_SPELL_INFO_MINI_ZAPMACHINE,,,,,,,,,,,,,,,,,,,,,,Range,,,,,,
Rascals,,rascals,sc/ui_card_info_fx.sc#card_info_fx_common,image/chr/rascals_dl.png,Arena13,,Common,,,5,2,,,,,,RascalBoy,1,,RascalGirl,2,3000,,,100,,,,,,,,,,,,,,,,,CharacterDeploy,,,,,,,,,,,,,,,TID_SPELL_HOODED_GANG,TID_SPELL_INFO_HOODED_GANG,,,,,,,,,,,,,,,,,,,,,,Defender,,,,,,
MovingCannon,,cannon_cart,sc/ui_card_info_fx.sc#card_info_fx_epic,image/chr/cannon_cart_dl.png,Arena_L1,,Epic,,,5,3,,,,,,MovingCannon,1,,,,,,,,,,,,,,,,,,,,,,,,CharacterDeploy,,,,,,,,,,,,,,,TID_SPELL_MOVING_CANNON,TID_SPELL_INFO_MOVING_CANNON_REWORK,,,,,,,,,,,,,,,,,,,,,,Defender,,,,,,
MegaKnight,,mega_knight,sc/ui_card_info_fx.sc#card_info_fx_legendary_mega_knight,image/chr/mega_knight_dl.png,Arena_Electric,,Legendary,,,7,2,,,,,,MegaKnight,1,,,,,,,,,,,,MegaKnightAppear,,,,,,,,,,,,CharacterDeploy,,,,,,,,,,,,,,,TID_SPELL_MEGAKNIGHT,TID_SPELL_INFO_MEGAKNIGHT,,,,,,,,,,,,,,,,,,,,,,Defender,,MegaKnight_EV1,,,,
SkeletonBalloon,,skeleton_balloon,sc/ui_card_info_fx.sc#card_info_fx_common,image/chr/skeleton_barrel_dl.png,Arena9,,Common,,,3,3,,,,,,SkeletonBalloon,1,,,,,,,,,,,3000,,,,,,,,,,,,,CharacterDeploy,,,,,,,,,,,,,,,TID_SPELL_SKELETON_BALLOON,TID_SPELL_INFO_SKELETON_BALLOON,,,,,,,,,,,,,,,,,,,,,,Attacker,,SkeletonBalloon_EV1,,,,
DartBarrell,,flying_machine,sc/ui_card_info_fx.sc#card_info_fx_rare,image/chr/flying_machine_dl.png,Arena5,,Rare,,,4,1,,,,,,DartBarrell,1,,,,,,,,,,,3000,,,,,,,,,,,,,CharacterDeploy,,,,,,,,,,,,,,,TID_SPELL_DART_BARRELL,TID_SPELL_INFO_DART_BARRELL,,,,,,,,,,,,,,,,,,,,,,Range,,,,,,
Wallbreakers,,wallbreaker,sc/ui_card_info_fx.sc#card_info_fx_epic,image/chr/wall_breakers_dl.png,Arena_T,,Epic,,,2,3,,,,,,Wallbreaker,2,,,,750,,100,,,,,,,,,,,,,,,,,,CharacterDeploy,,,,,,,,,,,,,,,TID_SPELL_WALLBREAKERS,TID_SPELL_INFO_WALLBREAKERS,,,,,,,,,,,,,,,,,,,,,,Attacker,,Wallbreakers_EV1,,,,
RoyalHogs,,royal_hog,sc/ui_card_info_fx.sc#card_info_fx_rare,image/chr/royal_hogs_dl.png,Arena7,,Rare,,,5,2,,,,,,RoyalHog,4,,,,1,3500,100,,,,,,,,,,,,,,,,,,CharacterDeploy,,,,,,,,,,,,,,,TID_SPELL_ROYAL_HOGS,TID_SPELL_INFO_ROYAL_HOGS,,,,,,,,,,,,,,,,,2,,,,,Attacker,,RoyalHogs_EV1,,,,
GoblinGiant,,goblin_giant,sc/ui_card_info_fx.sc#card_info_fx_epic,image/chr/goblin_giant_dl.png,Arena9,,Epic,,,6,3,,,,,,GoblinGiant,1,,,,,,,,,,,,,,,,,,,,,,,,CharacterDeploy,,,,,,,,,true,,,,,,TID_SPELL_GOBLIN_GIANT,TID_SPELL_INFO_GOBLIN_GIANT,,,,,,,,,,,,,,,,,,,,,,Attacker,,GoblinGiant_EV1,,,,
Fisherman,,fisherman,sc/ui_card_info_fx.sc#card_info_fx_legendary_fisherman,image/chr/fisherman_dl.png,Arena_L1,,Legendary,,,3,1,,,,,,Fisherman,1,,,,,,,,,,,,,,,,,,,,,,,,CharacterDeploy,,,,,,,,,,,,,,,TID_SPELL_FISHERMAN,TID_SPELL_INFO_FISHERMAN,,,,,,,,,,,,,,,,,,,,,,Range,,,,,,
EliteArcher,,magic_archer,sc/ui_card_info_fx.sc#card_info_fx_legendary_narrow,image/chr/magic_archer_dl.png,Arena13,,Legendary,,,4,3,,,,,,EliteArcher,1,,,,,,,,,,,,,,,,,,,,,,,,CharacterDeploy,,,,,,,,,,,,,,,TID_SPELL_ELITE_ARCHER,TID_SPELL_INFO_ELITE_ARCHER,,,,,,,,,,,,,,,,,,,,,,Range,,,,,,
ElectroDragon,,electro_dragon,sc/ui_card_info_fx.sc#card_info_fx_epic,image/chr/electro_dragon_dl.png,Arena_T,,Epic,,,5,1,,,,,,ElectroDragon,1,,,,,,,,,,,,,,,,,,,,,,,,CharacterDeploy,,,,,,,,,,,,,,,TID_SPELL_ELECTRO_DRAGON,TID_SPELL_INFO_ELECTRO_DRAGON,,,,,,,,,,,,,,,,,,,,,,Range,,ElectroDragon_EV1,,,,
Firecracker,,firecracker,sc/ui_card_info_fx.sc#card_info_fx_common,image/chr/firecracker_dl.png,Arena_T,,Common,,,3,1,,,,,,Firecracker,1,,,,,,,,,,,,,,,,,,,,,,,,CharacterDeploy,,,,,,,,,,,,,,,TID_SPELL_FIRECRACKER,TID_SPELL_INFO_FIRECRACKER,,,,,,,,,,,,,,,,,,,,,,Range,,Firecracker_EV1,,,,
MightyMiner,,mightyminer,sc/ui_card_info_fx.sc#card_info_fx_champions_generic,image/chr_champions/champion_hires_mighty_miner_dl.png,Arena_L3,,Champion,,,4,,,,,,,MightyMiner,,,,,,,,,,,,,,,,,,,,,,,,,CharacterDeploy,,,,,,,,,,,,,,,TID_SPELL_MIGHTY_MINER,TID_SPELL_INFO_MIGHTY_MINER,,,,,,,,,,,,,,,,,,,,,,Defender,,,,,,
SuperWitch,,superwitch,sc/ui_card_info_fx.sc#card_info_fx_epic,image/chr/witch_dl.png,Arena5,,Legendary,TRUE,,6,2,,,,,,SuperWitch,1,,,,,,,,,,,,,,,,,,,,,,,,CharacterDeploy,,,,,,,,,true,,,,,,TID_SPELL_SUPER_WITCH,TID_SPELL_INFO_WITCH,,,,,,,,,,,,,,,,,,,,,,Range,,,,,,
ElixirGolem,,elixir_golem,sc/ui_card_info_fx.sc#card_info_fx_rare_right,image/chr/elixir_golem_dl.png,Arena14,,Rare,,,3,1,,,,,,ElixirGolem1,1,,,,,,,,,,,,,,,,,,,,,,,,CharacterDeploy,,,,,,,,,,,,,,,TID_SPELL_ELIXIR_GOLEM,TID_SPELL_INFO_ELIXIR_GOLEM,,,,,,,,,,,,,,,,,,,,,,Attacker,,,,,,
BattleHealer,,battle_healer,sc/ui_card_info_fx.sc#card_info_fx_rare,image/chr/battle_healer_dl.png,Arena8,,Rare,,,4,1,,,,,,BattleHealer,1,,,,,,,,,,3000,,,,,,,,,,,,,,CharacterDeploy,,,,,,,,,,,,,,,TID_SPELL_BATTLEHEALER,TID_SPELL_INFO_BATTLEHEALER,,,,,,,,,,,,,,,,,,,,,,Defender,,,,,,
SkeletonKing,,skeletonking,sc/ui_card_info_fx.sc#card_info_fx_champions_generic,image/chr_champions/champion_hires_skeleton_king_dl.png,Arena_L2,,Champion,,,4,,,,,,,SkeletonKing,,,,,,,,,,,,,,,,,,,,,,,,,CharacterDeploy,,,,,,,,,,,,,,,TID_SPELL_SKELETON_KING,TID_SPELL_INFO_SKELETON_KING,,,,,,,,,,,,,,,,,,,,,,Defender,,,,,,
SuperLavaHound,,super_lava_hound,sc/ui_card_info_fx.sc#card_info_fx_legendary_lava_hound,image/chr/lava_hound_dl.png,Arena_L,,Legendary,TRUE,,8,,,,,,,SuperLavaHound,,,,,,,,,,,,,,,,,,,,,,,,,CharacterDeploy,,,,,,,,,,,,,,,TID_SPELL_SUPER_LAVA_HOUND,TID_SPELL_INFO_LAVA_HOUND,,,,,,,,,,,,,,,,,,,,,,Defender,,,,,,
SuperEliteArcher,,supermagicarcher,sc/ui_card_info_fx.sc#card_info_fx_legendary_narrow,image/chr/magic_archer_dl.png,Arena13,,Legendary,TRUE,,5,,,,,,,SuperEliteArcher,1,,,,,,,,,,,,,,,,,,,,,,,,CharacterDeploy,,,,,,,,,,,,,,,TID_SPELL_SUPER_ELITE_ARCHER,TID_SPELL_INFO_ELITE_ARCHER,,,,,,,,,,,,,,,,,,,,,,Range,,,,,,
ArcherQueen,,archerqueen,sc/ui_card_info_fx.sc#card_info_fx_champions_generic,image/chr_champions/champion_hires_archer_queen_dl.png,Arena_L3,,Champion,,,5,,,,,,,ArcherQueen,1,,,,,,,,,,,,,,,,,,,,,,,,CharacterDeploy,,,,,,,,,,,,,,,TID_SPELL_ARCHER_QUEEN,TID_SPELL_INFO_ARCHER_QUEEN,,,,,,,,,,,,,,,,,,,,,,Range,,,,,,
SuperHogRider,,superhogrider,sc/ui_card_info_fx.sc#card_info_fx_rare,image/chr/hog_rider_dl.png,Arena5,,Legendary,TRUE,,5,3,,,,,,SuperHogRider,1,,,,,,,,,,,,,,,,,,,,,,,,CharacterDeploy,,,,,,,,,,,,,,,TID_SPELL_SUPER_HOG_RIDER,TID_SPELL_INFO_HOG_RIDER,,,,,,,,,,,,,,,,,,,,,,Attacker,,,,,,
GoldenKnight,,goldenknight,sc/ui_card_info_fx.sc#card_info_fx_champions_generic,image/chr_champions/champion_hires_golden_knight_dl.png,Arena_L2,,Champion,,,4,,,,,,,GoldenKnight,,,,,,,,,,,,,,,,,,,,,,,,,CharacterDeploy,,,,,,,,,,,,,,,TID_SPELL_GOLDEN_KNIGHT,TID_SPELL_INFO_GOLDEN_KNIGHT,,,,,,,,,,,,,,,,,,,,,,Defender,,,,,,
SuperIceGolemite,,supericegolem,sc/ui_card_info_fx.sc#card_info_fx_legendary,image/chr/ice_golem_dl.png,Arena8,,Legendary,TRUE,,4,,,,,,,SuperIceGolemite,1,,,,,,,,,,,,,,,,,,,,,,,,CharacterDeploy,,,,,,,,,,,,,,,TID_SPELL_SUPERICEGOLEMITE,TID_SPELL_INFO_ICEGOLEMITE,,,,,,,,,,,,,,,,,,,,,,Defender,,,,,,
CHAR_DISABLED_1,,knight,sc/ui_card_info_fx.sc#card_info_fx_common,,Arena_L10,,Common,TRUE,,3,3,,TRUE,,,,Knight,,,,,,,,,,,,,,,,,,,,,,,,,CharacterDeploy,,,,,,,,,,,,,,,TID_SPELL_KNIGHT,TID_SPELL_INFO_KNIGHT,,,,,,,,,,,,,,,,,,,,,,Defender,,,,,,
Monk,,monk,sc/ui_card_info_fx.sc#card_info_fx_champions_generic,image/chr_champions/champion_hires_monk_dl.png,Arena_L4,,Champion,,,5,,,,,,,Monk,,,,,,,,,,,,,,,,,,,,,,,,,CharacterDeploy,,,,,,,,,,,,,,,TID_SPELL_MONK,TID_SPELL_INFO_MONK,,,,,,,,,,,,,,,,,,,,,,Defender,,,,,,
SuperArcher,,superarcher,sc/ui_card_info_fx.sc#card_info_fx_common,image/chr/archers.png,Arena_L10,,Legendary,TRUE,,3,2,,,,,,SuperArcher,2,,,,,,100,,,,,,,,,,,,,,,,,,CharacterDeploy,,,,,,,,,,,,,,,TID_SPELL_SUPER_ARCHERS,TID_SPELL_INFO_ARCHERS,,,,,,,,,,,,,,,,,,,,,,Range,,,,,,
RoyalRecruits_Chess,,royal_recruits,sc/ui_card_info_fx.sc#card_info_fx_common,image/chr/royal_recruits_dl.png,Arena7,,Common,TRUE,,7,2,,,,,,Recruit_Chess,8,,,,100,17000,100,,,,,,,,,,,,,,,,,,CharacterDeploy,,,,,,,,,,,,,,,TID_SPELL_GUARD_BATTALION,TID_SPELL_INFO_GUARD_BATTALION,,,,,,,,,,,,,,,,,4,TRUE,,,,Defender,,,,,,
SkeletonDragons,,skeletondragon,sc/ui_card_info_fx.sc#card_info_fx_common_empty,image/chr/skeleton_dragon_dl.png,Arena4,,Common,,,4,1,,,,,,SkeletonDragon,2,,,,1500,,100,,,,,,,,,,,,,,,,,,CharacterDeploy,,,,,,,,,,,,,,,TID_SPELL_SKELETONDRAGONS,TID_SPELL_INFO_SKELETONDRAGONS,,,,,,,,,,,,,,,,,,,,,,Range,,,,,,
SuperHogRiderTerry,,hogrider_champion,sc/ui_card_info_fx.sc#card_info_fx_rare,image/chr/hog_rider_dl.png,Arena_L2,,Champion,TRUE,,4,3,,,,,,SuperHogRider_Terry,1,,,,,,,,,,,,,,,,,,,,,,,,CharacterDeploy,,,,,,,,,,,,,,,TID_SPELL_SUPER_HOG_RIDER_TERRY,TID_SPELL_INFO_SUPER_HOG_RIDER_TERRY,,,,,,,,,,,,,,,,,,,,,,Attacker,,,,,,
SuperMiniPekka,,superminipekka,sc/ui_card_info_fx.sc#card_info_fx_rare,image/chr/mini_pekka.png,Arena14,,Legendary,TRUE,,5,2,,,,,,SuperMiniPekka,1,,,,,,,,,,,,,,,,,,,,,,,,CharacterDeploy,,,,,,,,,true,,,,,,TID_SPELL_SUPERMINIPEKKA,TID_SPELL_INFO_MINIPEKKA,,,,,,,,,,,,,,,,,,,,,,Attacker,,,,,,
WitchMother,,motherwitch,sc/ui_card_info_fx.sc#card_info_fx_legendary,image/chr/mother_witch_dl.png,Arena_L1,,Legendary,,,4,3,,,,,,WitchMother,,,,,,,,,,,,,,,,,,,,,,,,,CharacterDeploy,,,,,,,,,,,,,,,TID_SPELL_WITCHMOTHER,TID_SPELL_INFO_WITCHMOTHER,,,,,,,,,,,,,,,,,,,,,,Range,,,,,,
ElectroSpirit,,electrospirit,sc/ui_card_info_fx.sc#card_info_fx_common_empty,image/chr/electro_spirit_dl.png,Arena4,,Common,,,1,1,,,,,,ElectroSpirit,1,,,,,,,,,,,,,,,,,,,,,,,,CharacterDeploy,,,,,,,,,,,,,,,TID_SPELL_ELECTRO_SPIRIT,TID_SPELL_INFO_ELECTRO_SPIRIT,,,,,,,,,,,,,,,,,,,,,,Range,,,,,,
ElectroGiant,,electrogiant,sc/ui_card_info_fx.sc#card_info_fx_epic,image/chr/electro_giant_dl.png,Arena13,,Epic,,,7,1,,,,,,ElectroGiant,1,,,,,,,,,,,,,,,,,,,,,,,,,,,,,,,,,,,,,soundbanks/ui_battle_general/ui_battle_general_spellcasting,,TID_SPELL_ELECTRO_GIANT,TID_SPELL_INFO_ELECTRO_GIANT,,,,,,,,,,,,,,,,,,,,,,Defender,,ElectroGiant_EV1,,,,
PrinceBuff,,prince,sc/ui_card_info_fx.sc#card_info_fx_epic,image/chr/prince_dl.png,Arena7,,Epic,TRUE,Magic,5,1,,,,,,PrinceBuff,,,,,,,,,,,,,,,,,,,,,,,,,CharacterDeploy,,,,,,,,,,,,,,,TID_SPELL_PRINCE_BUFF,TID_SPELL_INFO_PRINCE,,,,,,,,,,,,,,,,,,,,,,Attacker,,,,,,
Phoenix,,phoenix,sc/ui_card_info_fx.sc#card_info_fx_legendary,image/chr/phoenix_dl.png,Arena_T,,Legendary,,,4,1,,,,,,Phoenix,1,,,,,,,,,,,,,,,,,,,,,,,,CharacterDeploy,,,,,,,,,,,,,,,TID_SPELL_PHOENIX,TID_SPELL_INFO_PHOENIX,,,,,,,,,,,,,,,,,,,,,,Defender,,,,,,
CHAR_DISABLED_3,sc/ui_card_prototype.sc,prototypes_spells_card,sc/ui_card_info_fx.sc#card_info_fx_common,,Arena_L10,,Common,TRUE,,3,3,,TRUE,,,,Knight,,,,,,,,,,,,,,,,,,,,,,,,,CharacterDeploy,,,,,,,,,,,,,,,TID_SPELL_KNIGHT,TID_SPELL_INFO_KNIGHT,,,,,,,,,,,,,,,,,,,,,,Defender,,,,,,
CHAR_DISABLED_4,sc/ui_card_prototype.sc,prototypes_legendary_card,sc/ui_card_info_fx.sc#card_info_fx_common,,Arena_L10,,Common,TRUE,,3,3,,TRUE,,,,Knight,,,,,,,,,,,,,,,,,,,,,,,,,CharacterDeploy,,,,,,,,,,,,,,,TID_SPELL_KNIGHT,TID_SPELL_INFO_KNIGHT,,,,,,,,,,,,,,,,,,,,,,Defender,,,,,,
CHAR_DISABLED_5,sc/ui_card_prototype.sc,prototypes_legendary_card,sc/ui_card_info_fx.sc#card_info_fx_common,,Arena_L10,,Common,TRUE,,3,3,,TRUE,,,,Knight,,,,,,,,,,,,,,,,,,,,,,,,,CharacterDeploy,,,,,,,,,,,,,,,TID_SPELL_KNIGHT,TID_SPELL_INFO_KNIGHT,,,,,,,,,,,,,,,,,,,,,,Defender,,,,,,
CHAR_DISABLED_6,sc/ui_card_prototype.sc,prototypes_generic_card,sc/ui_card_info_fx.sc#card_info_fx_common,,Arena_L10,,Common,TRUE,,3,3,,TRUE,,,,Knight,,,,,,,,,,,,,,,,,,,,,,,,,CharacterDeploy,,,,,,,,,,,,,,,TID_SPELL_KNIGHT,TID_SPELL_INFO_KNIGHT,,,,,,,,,,,,,,,,,,,,,,Defender,,,,,,
CHAR_DISABLED_7,sc/ui_card_prototype.sc,prototypes_building_card,sc/ui_card_info_fx.sc#card_info_fx_common,,Arena_L10,,Common,TRUE,,3,3,,TRUE,,,,Knight,,,,,,,,,,,,,,,,,,,,,,,,,CharacterDeploy,,,,,,,,,,,,,,,TID_SPELL_KNIGHT,TID_SPELL_INFO_KNIGHT,,,,,,,,,,,,,,,,,,,,,,Defender,,,,,,
LittlePrince,,LittlePrince,sc/ui_card_info_fx.sc#card_info_fx_champions_generic,image/chr_champions/champion_hires_little_prince_dl.png,Arena_L4,,Champion,,,3,,,,,,,LittlePrince,1,,,,,,,,,,,,,,,,,,,,,,,,CharacterDeploy,,,,,,,,,,,,,,,TID_SPELL_LITTLE_PRINCE,TID_SPELL_INFO_LITTLE_PRINCE,,,,,,,,,,,,,,,,,,,,,,Defender,,,,,,
TriWizards,,triwizards,sc/ui_card_info_fx.sc#card_info_fx_common_empty,,Arena_T,,Legendary,TRUE,Magic,7,,,,,,,,,,,,,,,,,,100,,,,,,,TRUE,,,,,,,CharacterDeploy,,,,,,,,,,,,,,TriWizardSpawn,TID_SPELL_TRIWIZARD,TID_SPELL_INFO_TRIWIZARD,sc/effects.sc,triwizard_delivery_indicator,,,,,,,,,,,,,,,2,,,,,Range,,,,,,
GoblinDemolisher,,goblindemolisher,sc/ui_card_info_fx.sc#card_info_fx_rare,image/chr_goblin_faction/goblin_demolisher_dl.png,Arena_T,,Rare,,,4,1,,,,,,GoblinDemolisher,1,,,,,,,,,,,,,,,,,,,,,,,,CharacterDeploy,,,,,,,,,,,,,,,TID_SPELL_GOBLIN_DEMOLISHER,TID_SPELL_INFO_GOBLIN_DEMOLISHER,,,,,,,,,,,,,,,,,,,,,,Range,,,,,,
GoblinMachine,,goblinmachine,sc/ui_card_info_fx.sc#card_info_fx_legendary,image/chr_goblin_faction/goblin_machine_dl.png,Arena_L1,,Legendary,,,5,1,,,,,,GoblinMachine,1,,,,,,,,,,,,,,,,,,,,,,,,CharacterDeploy,,,,,,,,,,,,,,,TID_SPELL_GOBLIN_MACHINE,TID_SPELL_INFO_GOBLIN_MACHINE,,,,,,,,,,,,,,,,,,,,,,Defender,,,,,,
SuspiciousBush,,suspicious_bush,sc/ui_card_info_fx.sc#card_info_fx_rare,image/chr_goblin_faction/goblin_bush_dl.png,Arena13,,Rare,,,2,1,,,,,,SuspiciousBush,1,,,,,,,,,,,,,,,,,,,,,,,,CharacterDeploy,,,,,,,,,,,,,,,TID_SPELL_SUSPICIOUS_BUSH,TID_SPELL_INFO_SUSPICIOUS_BUSH,,,,,,,,,,,,,,,,,,,,,,Range,,,,,,
SuperKnight,,superknight,sc/ui_card_info_fx.sc#card_info_fx_common,image/chr/knight.png,Arena_T,,Legendary,TRUE,Kingdom,4,3,,,,,,SuperKnight,1,,,,,,,,,,8000,,,,,,,,,,,,,,CharacterDeploy,,,,,,,,,,,,,,,TID_SPELL_SUPERKNIGHT,TID_SPELL_INFO_KNIGHT,,,,,,,,,,,,,,,,,,,,,,Defender,,,,,,
Goblinstein,,goblinstein_card,sc/ui_card_info_fx.sc#card_info_fx_champions_generic,image/chr_champions/champion_hires_goblinstein.png,Arena_L4,,Champion,,,5,,,,,,TRUE,goblinstein,1,,goblinstein_doctor,1,3500,-1000,,100,,,,,,,,,,,,,,,,,CharacterDeploy,,,,,,,,,,,,,,,TID_SPELL_GOBLINSTEIN,TID_SPELL_INFO_GOBLINSTEIN,,,,,,,,,,,,,,,,,,,,,,Defender,,,,,,
SkeletonWarriors_SpookyChess,,skeleton_warriors,sc/ui_card_info_fx.sc#card_info_fx_common,image/chr/guards_dl.png,Arena7,,Common,TRUE,,7,1,,,,,,SkeletonWarrior_SpookyChess,8,,,,100,17000,100,,,,,,,,,,,,,,,,,,CharacterDeploy,,,,,,,,,,,,,,,TID_SPELL_GUARD_BATTALION,TID_SPELL_INFO_GUARD_BATTALION,,,,,,,,,,,,,,,,,4,TRUE,,,,Defender,,,,,,
GiantBuffer,,buff_giant_card,sc/ui_card_info_fx.sc#card_info_fx_epic,image/chr/buff_giant_dl.png,Arena9,,Epic,,,4,1,,,,,,GiantBuffer,,,,,,,,,,,,,,,,,,,,,,,,,CharacterDeploy,,,,,,,,,,,,,,,TID_SPELL_GIANT_BUFFER,TID_SPELL_INFO_GIANT_BUFFER,,,,,,,,,,,,,,,,,,,,,,Attacker,,,,,,
Berserker,,berserker_card,sc/ui_card_info_fx.sc#card_info_fx_common,image/chr/berserker_dl.png,Arena9,,Common,,,2,1,,,,,,Berserker,1,,,,,,,,,,,,,,,,,,,,,,,,CharacterDeploy,,,,,,,,,,,,,,,TID_SPELL_BERSERKER,TID_SPELL_INFO_BERSERKER,,,,,,,,,,,,,,,,,,,,,,Defender,,,,,,
BossBandit,sc/ui_card_boss_bandit.sc,bossbandit_card,sc/ui_card_info_fx.sc#card_info_fx_champions_generic,image/chr_champions/champion_hires_boss_bandit.png,Arena_L3,,Champion,,,6,,,,,,,BossBandit,1,,,,,,,,,,,,,,,,,,,,,,,,CharacterDeploy,,,,,,,,,,,,,,,TID_SPELL_BOSS_BANDIT,TID_SPELL_INFO_BOSS_BANDIT,,,,,,,,,,,,,,,,,,,,,,Defender,,,,,,
MergeMaiden_Normal,sc/ui_card_merge_maiden.sc,mergemaiden_card,sc/ui_card_info_fx.sc#card_info_fx_legendary,image/chr/merge_maiden.png,Arena_L1,,Legendary,TRUE,,3,,,,,,,MergeMaiden_Normal,1,,,,,,,,,,,,,,,,,,,,,,,,CharacterDeploy,,,,,,,,,,,,,,,TID_SPELL_MERGEMAIDEN_GROUND,TID_SPELL_INFO_MERGEMAIDEN_GROUND,,,,,,,,,,,,,,,,,,,,,,Defender,,,,,,
MergeMaiden_Mounted,sc/ui_card_merge_maiden.sc,mergemaiden_dragon_card,sc/ui_card_info_fx.sc#card_info_fx_legendary,image/chr/merge_maiden_dragon.png,Arena_L1,,Legendary,TRUE,,6,,,,,,,MergeMaiden_Mounted,1,,,,,,,,,,,,,,,,,,,,,,,,CharacterDeploy,,,,,,,,,,,,,,,TID_SPELL_MERGEMAIDEN,TID_SPELL_INFO_MERGEMAIDEN,,,,,,,,,,,,,,,,,,,,,,Defender,,,,,,
Ronin,sc/ui_card_prototype.sc,prototypes_generic_card,sc/ui_card_info_fx.sc#card_info_fx_legendary,,Arena14,,Legendary,,,5,,,,,,,Ronin,,,,,,,,,,,,,,,,,,,,,,,,,CharacterDeploy,,,,,,,,,,,,,,,TID_SPELL_RONIN,TID_SPELL_INFO_RONIN,,,,,,,,,,,,,,,,,,,,,,Defender,,,,,,
MinionGiant,sc/ui_card_prototype.sc,prototypes_generic_card,sc/ui_card_info_fx.sc#card_info_fx_legendary,,Arena5,,Rare,,,4,,,,,,,MinionGiant,,,,,,,,,,,,,,,,,,,,,,,,,CharacterDeploy,,,,,,,,,,,,,,,TID_SPELL_MINION_GIANT,TID_SPELL_INFO_MINION_GIANT,,,,,,,,,,,,,,,,,,,,,,Defender,,,,,,
