"Name","IconSWF","IconFile","HighresPlaceholderAsset","HighresImageFilename","UnlockArena","UnlockLevel","Rarity","NotVisible","Tribe","ManaCost","PrestigeCount","ManaCostFromSummonerMana","NotInUse","Mirror","CustomDeployTime","IsAGroup","SummonCharacter","SummonNumber","SummonCharacterLevelIndex","SummonCharacterSecond","SummonCharacterSecondCount","SummonRadius","SummonWidth","SummonDeployDelay","SummonDeployDelaySecond","CharacterSkin","CharacterSkin2","Radius","Height","Projectile","ProjectileInterval","ProjectileAngle","ProjectileWaves","ProjectileWaveInterval","SpellAsDeploy","CanPlaceOnBuildings","CanPlaceOnWater","InstantDamage","DurationSeconds","InstantHeal","HealPerSecond","Effect","Pushback","MultipleProjectiles","CustomFirstProjectile","BuffTime","BuffTimeIncreasePerLevel","BuffNumber","BuffType","BuffOnDamage","OnlyOwnTroops","OnlyEnemies","CanDeployOnEnemySide","TouchdownLimitedDeploy","CastSound","AreaEffectObject","TID","TID_INFO","IndicatorFileName","IndicatorEffect","IndicatorPrestigeSWF","IndicatorPrestigeExportName","IndicatorPrestigeExportName2","IndicatorPrestigeExportName3","HideRadiusIndicator","DestIndicatorEffect","ReleaseDate","ElixirProductionStopTime","DarkMirror","StatsUnderInfo","HeroAbility","PassiveAbility","HPModifier","DamageModifier","DeployWTileMargin","FullLaneDeploy","AbilityCooldown","DeployStartY","DeployEndY","PveDefenseType","TypeOfSpell","EvolvedSpells","DarkElixirCost","PostSpawnAction","TargetIndicatorType","CustomClassType"
"string","string","string","string","string","string","int","string","boolean","string","int","int","boolean","boolean","boolean","int","boolean","string","int","int","string","int","int","int","int","int","string","string","int","int","string","int","int","int","int","boolean","boolean","boolean","int","int","int","int","string","int","int","string","int","int","int","string","string","boolean","boolean","boolean","boolean","string","string","string","string","String","String","string","string","string","string","boolean","String","String","int","boolean","boolean","String","String","int","int","int","boolean","int","int","int","string","string","string","int","string","string","string"
"Cannon",,"chaos_cannon","sc/ui_card_info_fx.sc#card_info_fx_common","image/chr/cannon_dl.png","Arena3",,"Common",,,3,3,,,,,,"Cannon",,,,,,,,,,,,,,,,,,,,,,,,,,,,,,,,,,,,,,"soundbanks/ui_battle_general/ui_battle_general_spellcasting",,"TID_SPELL_CANNON","TID_SPELL_INFO_CANNON",,,,,,,,,,,,,,,,,,,,,,"Defender",,"Cannon_EV1",,,,
"GoblinHut","sc/ui_spells.sc","goblin_hut_rework_card","sc/ui_card_info_fx.sc#card_info_fx_rare","image/chr/goblinhut_dl.png","Arena1",,"Rare",,,4,3,,,,,,"GoblinHut_Rework",,,,,,,,,,,,,,,,,,,,,,,,,,,,,,,,,,,,,,"soundbanks/ui_battle_general/ui_battle_general_spellcasting",,"TID_SPELL_GOBLIN_HUT","TID_SPELL_INFO_GOBLIN_HUT_REWORK",,,,,,,,,,,,,,,,,,,,,,"Attacker",,,,,,
"Mortar",,"building_mortar","sc/ui_card_info_fx.sc#card_info_fx_common_narrow","image/chr/mortar_dl.png","Arena5",,"Common",,,4,2,,,,,,"Mortar",,,,,,,,,,,,,,,,,,,,,,,,,,,,,,,,,,,,,,"soundbanks/ui_battle_general/ui_battle_general_spellcasting",,"TID_SPELL_MORTAR","TID_SPELL_INFO_MORTAR",,,,,,,,,,,,,,,,,,,,,,"Defender",,"Mortar_EV1",,,,
"InfernoTower",,"building_inferno","sc/ui_card_info_fx.sc#card_info_fx_rare_empty","image/chr/infernotower.png","Arena4",,"Rare",,,5,2,,,,,,"InfernoTower",,,,,,,,,,,,,,,,,,,,,,,,,,,,,,,,,,,,,,"soundbanks/ui_battle_general/ui_battle_general_spellcasting",,"TID_SPELL_INFERNO","TID_SPELL_INFO_INFERNO",,,,,,,,,,,,,,,,,,,,,,"Defender",,,,,,
"BombTower",,"bomb_tower","sc/ui_card_info_fx.sc#card_info_fx_rare_empty","image/chr/bombtower_dl.png","Arena4",,"Rare",,,4,1,,,,,,"BombTower",,,,,,,,,,,,,,,,,,,,,,,,,,,,,,,,,,,,,,"soundbanks/ui_battle_general/ui_battle_general_spellcasting",,"TID_SPELL_BOMB_TOWER","TID_SPELL_INFO_BOMB_TOWER",,,,,,,,,,,,,,,,,,,,,,"Defender",,,,,,
"BarbarianHut",,"barbarian_hut","sc/ui_card_info_fx.sc#card_info_fx_rare_empty",,"Arena9",,"Rare",,,6,2,,,,,,"BarbarianHut",,,,,,,,,,,,,,,,,,,,,,,,,,,,,,,,,,,,,,"soundbanks/ui_battle_general/ui_battle_general_spellcasting",,"TID_SPELL_BARBARIAN_HUT","TID_SPELL_INFO_BARBARIAN_HUT",,,,,,,,,,,,,,,,,,,,,,"Defender",,,,,,
"Tesla",,"building_tesla","sc/ui_card_info_fx.sc#card_info_fx_common","image/chr/tesla_dl.png","Arena_L",,"Common",,,4,2,,,,,,"Tesla",,,,,,,,,,,,,,,,,,,,,,,,,,,,,,,,,,,,,,"soundbanks/ui_battle_general/ui_battle_general_spellcasting",,"TID_SPELL_TESLA","TID_SPELL_INFO_TESLA",,,,,,,,,,,,,,,,,,,,,,"Defender",,"Tesla_EV1",,,,
"Elixir Collector",,"building_elixir_collector","sc/ui_card_info_fx.sc#card_info_fx_rare","image/chr/elixir_pump.png","Arena_L1",,"Rare",,,6,2,,,,,,"ElixirCollector",,,,,,,,,,,,,,,,,,,,,,,,,,,,,,,,,,,,,,"soundbanks/ui_battle_general/ui_battle_general_spellcasting",,"TID_SPELL_ELIXIR_COLLECTOR","TID_SPELL_INFO_ELIXIR_COLLECTOR",,,,,,,,,,,,,,,,,,,,,,"Range",,,,,,
"Xbow",,"building_xbow","sc/ui_card_info_fx.sc#card_info_fx_epic","image/chr/xbow.png","Arena_L",,"Epic",,,6,3,,,,,,"Xbow",,,,,,,,,,,,,,,,,,,,,,,,,,,,,,,,,,,,,,"soundbanks/ui_battle_general/ui_battle_general_spellcasting",,"TID_SPELL_XBOW","TID_SPELL_INFO_XBOW",,,,,,,,,,,,,,,,,,,,,,"Attacker",,,,,,
"Tombstone",,"tombstone","sc/ui_card_info_fx.sc#card_info_fx_rare_empty","image/chr/tombstone_dl.png","Arena2",,"Rare",,,3,2,,,,,,"Tombstone",,,,,,,,,,,,,,,,,,,,,,,,,,,,,,,,,,,,,,"soundbanks/ui_battle_general/ui_battle_general_spellcasting",,"TID_SPELL_TOMBSTONE","TID_SPELL_INFO_TOMBSTONE",,,,,,,,,,,,,,,,,,,,,,"Attacker",,,,,,
"FirespiritHut","sc/ui_card_furnace.sc","furnace_card","sc/ui_card_info_fx.sc#card_info_fx_rare_empty","image/chr/furnace.png","Arena_L",,"Rare",,,4,1,,,,,,"Furnace_rework",,,,,,,,,,,,,,,,,,,,,,,,,,,,,,,,,,,,,,"soundbanks/ui_battle_general/ui_battle_general_spellcasting",,"TID_SPELL_FIRE_SPIRIT_HUT","TID_SPELL_INFO_FIRE_SPIRIT_HUT_REWORK",,,,,,,,,,,,,,,,,,,,,,"Attacker",,"FirespiritHut_EV1",,,,
"BarbarianLauncher",,"barbarian_launcher","sc/ui_card_info_fx.sc#card_info_fx_common_narrow","image/chr/mortar_dl.png","Arena6",,"Common","TRUE",,5,2,,,,,,"BarbarianLauncher",,,,,,,,,,,,,,,,,,,,,,,,,,,,,,,,,,,,,,"soundbanks/ui_battle_general/ui_battle_general_spellcasting",,"TID_SPELL_BARBARIAN_LAUNCHER","TID_SPELL_INFO_MORTAR",,,,,,,,,,,,,,,,,,,,,,"Defender",,,,,,
"GoblinCage",,"goblin_cage","sc/ui_card_info_fx.sc#card_info_fx_rare","image/chr/goblin_cage.png","Arena1",,"Rare",,,4,3,,,,,,"GoblinCage",,,,,,,,,,,,,,,,,,,,,,,,,,,,,,,,,,,,,,"soundbanks/ui_battle_general/ui_battle_general_spellcasting",,"TID_SPELL_GOBLINCAGE","TID_SPELL_INFO_GOBLINCAGE",,,,,,,"TRUE",,,,,,,,,,,,,,,"Defender",,"GoblinCage_EV1",,,,
"GoblinDrill",,"goblindrill","sc/ui_card_info_fx.sc#card_info_fx_epic","image/chr/goblin_drill_dl.png","Arena14",,"Epic",,,4,1,,,,,,"GoblinDrillDig",,,,,,,,,,,,,,,,,,"TRUE",,,,,,,,,,,,,,,,,,"TRUE","TRUE","soundbanks/ui_battle_general/ui_battle_general_spellcasting",,"TID_SPELL_GOBLIN_DRILL","TID_SPELL_INFO_GOBLIN_DRILL",,,,,,,,,,,,,,,,,,,,,,"Attacker","Building","GoblinDrill_EV1",,,,
"GoblinPartyHut",,"PartyHut","sc/ui_card_info_fx.sc#card_info_fx_rare","image/chr/goblinhut_dl.png","Arena_L",,"Legendary","TRUE",,5,3,,,,,,"GoblinPartyHut",,,,,,,,,,,,,,,,,,,,,,,,,,,,,,,,,,,,,,"soundbanks/ui_battle_general/ui_battle_general_spellcasting",,"TID_SPELL_GOBLIN_HUT_PARTY","TID_SPELL_INFO_GOBLIN_HUT",,,,,,,,,,,,,,,,,,,,,,"Attacker",,,,,,
"DarkElixir_Bottle",,"Poison","sc/ui_card_info_fx.sc#card_info_fx_common",,"Arena3",,"Champion","TRUE",,3,3,,"TRUE",,,,"DarkElixir_Bottle",,,,,,,,,,,,,,,,,,"TRUE",,,,,,,,,,,,,,,,,,"TRUE",,"soundbanks/ui_battle_general/ui_battle_general_spellcasting",,"TID_SPELL_CANNON","TID_SPELL_INFO_CANNON",,,,,,,,,,,,,,,,,,,,,,"Spell",,,,,,
"ElixirBarrel",,"building_elixir_collector","sc/ui_card_info_fx.sc#card_info_fx_rare_empty",,"Arena_L1",,"Legendary","TRUE",,6,2,,"TRUE",,,,"ElixirBarrel",,,,,,,,,,,,,,,,,,,,,,,,,,,,,,,,,,,,,,"soundbanks/ui_battle_general/ui_battle_general_spellcasting",,"TID_SPELL_ELIXIR_COLLECTOR","TID_SPELL_INFO_ELIXIR_COLLECTOR",,,,,,,,,,,,,,,,,,,,,,"Defender",,,,,,
"GoblinRocketSilo",,"PartyRocket","sc/ui_card_info_fx.sc#card_info_fx_common",,"Arena_L",,"Legendary","TRUE",,7,1,,,,,,"GoblinRocketSilo",,,,,,,,,,,,,,,,,,,,,,,,,,,,,,,,,,,,,,"soundbanks/ui_battle_general/ui_battle_general_spellcasting",,"TID_SPELL_ROCKET_SILO","TID_SPELL_ROCKET_SILO",,,,,,,,,,,,,,,,,5,"TRUE",,,,"Attacker",,,,,,
