"Name","SC","UseChronosId","Id","KingDeathFx","PrincessDeathFx","TID","HiddenFromClient","AvailableForShopOffer","Collectable"
"String","String","Boolean","Int","String","String","String","Boolean","Boolean","Boolean"
"Default","sc/building_tower.sc","False",87000001,"King_player_die","TowerExplode","TID_TOWERSKIN_DEFAULT","False","False","True"
"GoldRush","sc/building_tower.sc","False",87000002,"King_player_die","TowerExplode","TID_TOWERSKIN_DEFAULT","False","False","False"
"GemRush","sc/building_tower.sc","False",87000003,"gem_tower_death3","gem_tower_death1","TID_TOWERSKIN_DEFAULT","False","False","False"
"ElixerPump","sc/building_tower.sc","False",87000004,"King_player_die","TowerExplode","TID_TOWERSKIN_DEFAULT","False","False","False"
"Flood","sc/building_tower.sc","False",87000007,"King_flood_die","Princess_flood_die","TID_TOWERSKIN_DEFAULT","False","False","False"
"TowerSkin1","sc/towerskin_season_01_dl.sc","True",1,"shark_king_death","shark_princess_death","TID_CHRONOS_TOWERSKIN1","False","False","True"
"TowerSkin2","sc/towerskin_season_02_dl.sc","True",2,"King_sand_die","Princess_sand_die","TID_CHRONOS_TOWERSKIN2","False","False","True"
"TowerSkin3","sc/towerskin_season_03_dl.sc","True",3,"King_LegendaryTower_die","PrincessLegenderyTower_die","TID_CHRONOS_TOWERSKIN3","False","False","True"
"TowerSkin4","sc/towerskin_season_04_dl.sc","True",4,"halloween_king_die","halloween_princess_die","TID_CHRONOS_TOWERSKIN4","False","False","True"
"TowerSkin5","sc/towerskin_season_05_dl.sc","True",5,"goblin_party_king_die","goblin_party_princess_die","TID_CHRONOS_TOWERSKIN5","False","False","True"
"TowerSkin1001","sc/towerskin_season_06a_dl.sc","True",1001,"Gingerbread_King_Die","Gingerbread_Princess_Die","TID_CHRONOS_TOWERSKIN1001","False","True","True"
"TowerSkin2001","sc/towerskin_season_06b_dl.sc","True",2001,"Igloo_King_Die","Igloo_Princess_Die","TID_CHRONOS_TOWERSKIN2001","False","False","True"
"TowerSkin6","sc/towerskin_season_06c_dl.sc","True",6,"Christmas_King_Die","Christmas_Princess_Die","TID_CHRONOS_TOWERSKIN6","False","False","True"
"TowerSkin7","sc/towerskin_season_07_dl.sc","True",7,"Lunar_King_Die","Lunar_Princess_Die","TID_CHRONOS_TOWERSKIN7","False","False","True"
"TowerSkin8","sc/towerskin_season_08_dl.sc","True",8,"season_8_king_die","season_8_princess_die","TID_CHRONOS_TOWERSKIN8","False","False","True"
"TowerSkin9","sc/towerskin_season_09_dl.sc","True",9,"King_Birthday_Cake_Die","Princess_Birthday_Cake_Die","TID_CHRONOS_TOWERSKIN9","False","False","True"
"TowerSkin10","sc/towerskin_season_10_dl.sc","True",10,"season_10_king_die","season_10_princess_die","TID_CHRONOS_TOWERSKIN10","False","False","True"
"TowerSkin11","sc/towerskin_season_11_dl.sc","True",11,"Dragon_King_die","Dragon_Princess_die","TID_CHRONOS_TOWERSKIN11","False","False","True"
"TowerSkin12","sc/towerskin_season_12_dl.sc","True",12,"Dream_King_die","Dream_Princess_die","TID_CHRONOS_TOWERSKIN12","False","False","True"
"TowerSkin13","sc/towerskin_season_13_dl.sc","True",13,"King_Shipwreck2_die","Princess_Shipwreck2_die","TID_CHRONOS_TOWERSKIN13","False","False","True"
"TowerSkin14","sc/towerskin_season_14_dl.sc","True",14,"King_MegaKnight_tower_die","Princess_MegaKnight_tower_die","TID_CHRONOS_TOWERSKIN14","False","False","True"
"TowerSkin15","sc/towerskin_season_15a_dl.sc","True",15,"King_Clanwar_tower_die","Princess_Clanwar_tower_die","TID_CHRONOS_TOWERSKIN15","False","False","True"
"TowerSkin2002","sc/towerskin_season_15b_dl.sc","True",2002,"King_ClanBoat_tower_die","Princess_ClanBoat_tower_die","TID_CHRONOS_TOWERSKIN2002","False","False","True"
"TowerSkin16","sc/towerskin_season_16_dl.sc","True",16,"electro_tower_king_die","electro_tower_princess_die","TID_CHRONOS_TOWERSKIN16","False","False","True"
"TowerSkin17","sc/towerskin_season_17_dl.sc","True",17,"ghost_tomb_tower_king_die","ghost_tomb_tower_princess_die","TID_CHRONOS_TOWERSKIN17","False","False","True"
"TowerSkin1002","sc/towerskin_season_18a_dl.sc","True",1002,"holiday_season18a_king_die","holiday_season_18a_princess_die","TID_CHRONOS_TOWERSKIN1002","False","True","True"
"TowerSkin18","sc/towerskin_season_18b_dl.sc","True",18,"holiday_season18b_king_die","holiday_season_18b_princess_die","TID_CHRONOS_TOWERSKIN18","False","False","True"
"TowerSkin19","sc/towerskin_season_19_dl.sc","True",19,"Ice_Peak_King_die","Ice_Peak_Princess_die","TID_CHRONOS_TOWERSKIN19","False","False","True"
"TowerSkin20","sc/towerskin_season_20_dl.sc","True",20,"Forbidden_season20_king_die","Forbidden_season20_princess_die","TID_CHRONOS_TOWERSKIN20","False","False","True"
"TowerSkin21","sc/towerskin_season_21_dl.sc","True",21,"Birthday_2021_season21_king_die","Birthday_2021_season21_princess_die","TID_CHRONOS_TOWERSKIN21","False","False","True"
"TowerSkin22","sc/towerskin_season_22_dl.sc","True",22,"Pekka_Playhouse_season22_king_die","Pekka_Playhouse_season22_princess_die","TID_CHRONOS_TOWERSKIN22","False","False","True"
"TowerSkin23","sc/towerskin_season_23_dl.sc","True",23,"dragon_spa_king_die","dragon_spa_princess_die","TID_CHRONOS_TOWERSKIN23","False","False","True"
"TowerSkin24","sc/towerskin_season_24_dl.sc","True",24,"Jungle_King_Die","Jungle_Princess_Die","TID_CHRONOS_TOWERSKIN24","False","False","True"
"TowerSkin25","sc/towerskin_season_25.sc","True",25,"Default_King_Tower_Die","Default_Princess_Tower_Die","TID_CHRONOS_TOWERSKIN25","False","False","True"
"TowerSkin26","sc/towerskin_season_26.sc","True",26,"Default_King_Tower_Die","Default_Princess_Tower_Die","TID_CHRONOS_TOWERSKIN26","False","False","True"
"TowerSkin27","sc/towerskin_season_27.sc","True",27,"Default_King_Tower_Die","Default_Princess_Tower_Die","TID_CHRONOS_TOWERSKIN27","False","False","True"
"TowerSkin28","sc/towerskin_season_28.sc","True",28,"Default_King_Tower_Die","Default_Princess_Tower_Die","TID_CHRONOS_TOWERSKIN28","False","False","True"
"TowerSkin29","sc/towerskin_season_29a.sc","True",29,"Default_King_Tower_Die","Default_Princess_Tower_Die","TID_CHRONOS_TOWERSKIN29","False","False","True"
"TowerSkin30","sc/towerskin_season_29b.sc","True",30,"Default_King_Tower_Die","Default_Princess_Tower_Die","TID_CHRONOS_TOWERSKIN30","False","False","True"
"TowerSkin31","sc/towerskin_season_29c.sc","True",31,"Default_King_Tower_Die","Default_Princess_Tower_Die","TID_CHRONOS_TOWERSKIN31","False","False","True"
"TowerSkin1003","sc/towerskin_season_30b.sc","True",1003,"Default_King_Tower_Die","Default_Princess_Tower_Die","TID_CHRONOS_TOWERSKIN1003","False","True","True"
"TowerSkin1004","sc/towerskin_season_31.sc","True",1004,"Default_King_Tower_Die","Default_Princess_Tower_Die","TID_CHRONOS_TOWERSKIN1004","False","True","True"
"TowerSkin33","sc/towerskin_season_32.sc","True",33,"Default_King_Tower_Die","Default_Princess_Tower_Die","TID_CHRONOS_TOWERSKIN33","False","False","True"
"TowerSkin34","sc/towerskin_season_33.sc","True",34,"Default_King_Tower_Die","Default_Princess_Tower_Die","TID_CHRONOS_TOWERSKIN34","False","False","True"
"TowerSkin1005","sc/towerskin_season_34.sc","True",1005,"Default_King_Tower_Die","Default_Princess_Tower_Die","TID_CHRONOS_TOWERSKIN1005","False","True","True"
"TowerSkin35","sc/towerskin_season_34b.sc","True",35,"Default_King_Tower_Die","Default_Princess_Tower_Die","TID_CHRONOS_TOWERSKIN35","False","False","True"
"TowerSkin36","sc/towerskin_season_35b.sc","True",36,"Default_King_Tower_Die","Default_Princess_Tower_Die","TID_CHRONOS_TOWERSKIN36","False","False","True"
"TowerSkin37","sc/towerskin_season_36.sc","True",37,"Default_King_Tower_Die","Default_Princess_Tower_Die","TID_CHRONOS_TOWERSKIN37","False","False","True"
"TowerSkin1007","sc/towerskin_season_36b.sc","True",1007,"Default_King_Tower_Die","Default_Princess_Tower_Die","TID_CHRONOS_TOWERSKIN1007","False","True","True"
"TowerSkin38","sc/towerskin_season_37.sc","True",38,"Default_King_Tower_Die","Default_Princess_Tower_Die","TID_CHRONOS_TOWERSKIN38","False","False","True"
"TowerSkin39","sc/towerskin_season_38.sc","True",39,"Default_King_Tower_Die","Default_Princess_Tower_Die","TID_CHRONOS_TOWERSKIN39","False","False","True"
"TowerSkin1008","sc/towerskin_season_38b.sc","True",1008,"Default_King_Tower_Die","Default_Princess_Tower_Die","TID_CHRONOS_TOWERSKIN1008","False","True","True"
"TowerSkin2003","sc/towerskin_season_39b.sc","True",2003,"Default_King_Tower_Die","Default_Princess_Tower_Die","TID_CHRONOS_TOWERSKIN2003","False","False","True"
"TowerSkin40","sc/towerskin_season_39.sc","True",40,"Default_King_Tower_Die","Default_Princess_Tower_Die","TID_CHRONOS_TOWERSKIN40","False","True","True"
"TowerSkin41","sc/towerskin_season_40.sc","True",41,"Default_King_Tower_Die","Default_Princess_Tower_Die","TID_CHRONOS_TOWERSKIN41","False","False","True"
"TowerSkin1009","sc/towerskin_season_40b.sc","True",1009,"Default_King_Tower_Die","Default_Princess_Tower_Die","TID_CHRONOS_TOWERSKIN1009","False","True","True"
"TowerSkin42","sc/towerskin_season_41.sc","True",42,"Default_King_Tower_Die","Default_Princess_Tower_Die","TID_CHRONOS_TOWERSKIN42","False","False","True"
"TowerSkin1010","sc/towerskin_season_41b.sc","True",1010,"Default_King_Tower_Die","Default_Princess_Tower_Die","TID_CHRONOS_TOWERSKIN1010","False","False","True"
"TowerSkin32","sc/towerskin_season_30a.sc","True",32,"Default_King_Tower_Die","Default_Princess_Tower_Die","TID_CHRONOS_TOWERSKIN32","False","False","True"
"TowerSkin1011","sc/towerskin_season_42.sc","True",1011,"Default_King_Tower_Die","Default_Princess_Tower_Die","TID_CHRONOS_TOWERSKIN1011","False","False","True"
"TowerSkin43","sc/towerskin_season_42b.sc","True",43,"Default_King_Tower_Die","Default_Princess_Tower_Die","TID_CHRONOS_TOWERSKIN43","False","False","True"
"TowerSkin2004","sc/towerskin_season_42c.sc","True",2004,"Default_King_Tower_Die","Default_Princess_Tower_Die","TID_CHRONOS_TOWERSKIN2004","False","False","True"
"TowerSkin44","sc/towerskin_season_43.sc","True",44,"Default_King_Tower_Die","Default_Princess_Tower_Die","TID_CHRONOS_TOWERSKIN44","False","False","True"
"TowerSkin1012","sc/towerskin_season_43b.sc","True",1012,"Default_King_Tower_Die","Default_Princess_Tower_Die","TID_CHRONOS_TOWERSKIN1012","False","False","True"
"TowerSkin45","sc/towerskin_season_44b.sc","True",45,"Default_King_Tower_Die","Default_Princess_Tower_Die","TID_CHRONOS_TOWERSKIN45","False","False","True"
"TowerSkin1013","sc/towerskin_season_44.sc","True",1013,"Default_King_Tower_Die","Default_Princess_Tower_Die","TID_CHRONOS_TOWERSKIN1013","False","False","True"
"TowerSkin1014","sc/towerskin_season_45.sc","True",1014,"Default_King_Tower_Die","Default_Princess_Tower_Die","TID_CHRONOS_TOWERSKIN1014","False","False","True"
"TowerSkin46","sc/towerskin_season_45b.sc","True",46,"Default_King_Tower_Die","Default_Princess_Tower_Die","TID_CHRONOS_TOWERSKIN46","False","False","True"
"TowerSkin47","sc/towerskin_season_46.sc","True",47,"Default_King_Tower_Die","Default_Princess_Tower_Die","TID_CHRONOS_TOWERSKIN47","False","False","True"
"TowerSkin1015","sc/towerskin_season_46b.sc","True",1015,"Default_King_Tower_Die","Default_Princess_Tower_Die","TID_CHRONOS_TOWERSKIN1015","False","False","True"
"TowerSkin48","sc/towerskin_season_47.sc","True",48,"Default_King_Tower_Die","Default_Princess_Tower_Die","TID_CHRONOS_TOWERSKIN48","False","False","True"
"TowerSkin1016","sc/towerskin_season_47b.sc","True",1016,"Default_King_Tower_Die","Default_Princess_Tower_Die","TID_CHRONOS_TOWERSKIN1016","False","False","True"
"TowerSkin49","sc/towerskin_season_48b.sc","True",49,"Default_King_Tower_Die","Default_Princess_Tower_Die","TID_CHRONOS_TOWERSKIN49","False","False","True"
"TowerSkin50","sc/towerskin_season_49.sc","True",50,"Default_King_Tower_Die","Default_Princess_Tower_Die","TID_CHRONOS_TOWERSKIN50","False","False","True"
"TowerSkin1017","sc/towerskin_season_48.sc","True",1017,"Default_King_Tower_Die","Default_Princess_Tower_Die","TID_CHRONOS_TOWERSKIN1017","False","False","True"
"TowerSkin51","sc/towerskin_season_50.sc","True",51,"Default_King_Tower_Die","Default_Princess_Tower_Die","TID_CHRONOS_TOWERSKIN51","False","False","True"
"TowerSkin1018","sc/towerskin_season_50b.sc","True",1018,"Default_King_Tower_Die","Default_Princess_Tower_Die","TID_CHRONOS_TOWERSKIN1018","False","False","True"
"TowerSkin52","sc/towerskin_season_51.sc","True",52,"Default_King_Tower_Die","Default_Princess_Tower_Die","TID_CHRONOS_TOWERSKIN52","False","False","True"
"TowerSkin53","sc/towerskin_season_52.sc","True",53,"Default_King_Tower_Die","Default_Princess_Tower_Die","TID_CHRONOS_TOWERSKIN53","False","False","True"
"TowerSkin1019","sc/towerskin_season_52b.sc","True",1019,"Default_King_Tower_Die","Default_Princess_Tower_Die","TID_CHRONOS_TOWERSKIN1019","False","False","True"
"TowerSkin54","sc/towerskin_season_53.sc","True",54,"Default_King_Tower_Die","Default_Princess_Tower_Die","TID_CHRONOS_TOWERSKIN54","False","False","True"
"TowerSkin1020","sc/towerskin_season_53b.sc","True",1020,"Default_King_Tower_Die","Default_Princess_Tower_Die","TID_CHRONOS_TOWERSKIN1020","False","False","True"
"TowerSkin55","sc/towerskin_season_54.sc","True",55,"Default_King_Tower_Die","Default_Princess_Tower_Die","TID_CHRONOS_TOWERSKIN55","False","False","True"
"TowerSkin1021","sc/towerskin_season_54_naughty.sc","True",1021,"Default_King_Tower_Die","Default_Princess_Tower_Die","TID_CHRONOS_TOWERSKIN1021","False","False","True"
"TowerSkin1022","sc/towerskin_season_54_nice.sc","True",1022,"Default_King_Tower_Die","Default_Princess_Tower_Die","TID_CHRONOS_TOWERSKIN1022","False","False","True"
"TowerSkin56","sc/towerskin_season_55.sc","True",56,"Default_King_Tower_Die","Default_Princess_Tower_Die","TID_CHRONOS_TOWERSKIN56","False","False","True"
"TowerSkin57","sc/towerskin_season_56.sc","True",57,"Default_King_Tower_Die","Default_Princess_Tower_Die","TID_CHRONOS_TOWERSKIN57","False","False","True"
"TowerSkin1023","sc/towerskin_season_57_castle.sc","True",1023,"Default_King_Tower_Die","Default_Princess_Tower_Die","TID_CHRONOS_TOWERSKIN1023","False","False","True"
"TowerSkin58","sc/towerskin_season_57.sc","True",58,"Default_King_Tower_Die","Default_Princess_Tower_Die","TID_CHRONOS_TOWERSKIN58","False","False","True"
"TowerSkin59","sc/towerskin_season_58.sc","True",59,"Default_King_Tower_Die","Default_Princess_Tower_Die","TID_CHRONOS_TOWERSKIN59","False","False","True"
"TowerSkin1024","sc/towerskin_season_59_squad.sc","True",1024,"Default_King_Tower_Die","Default_Princess_Tower_Die","TID_CHRONOS_TOWERSKIN1024","False","False","True"
"TowerSkin60","sc/towerskin_season_59.sc","True",60,"Default_King_Tower_Die","Default_Princess_Tower_Die","TID_CHRONOS_TOWERSKIN60","False","False","True"
"TowerSkin1026","sc/towerskin_season_60_mines.sc","True",1026,"Default_King_Tower_Die","Default_Princess_Tower_Die","TID_CHRONOS_TOWERSKIN1026","False","False","True"
"TowerSkin61","sc/towerskin_season_60_matriarch.sc","True",61,"Default_King_Tower_Die","Default_Princess_Tower_Die","TID_CHRONOS_TOWERSKIN61","False","False","True"
"TowerSkin1025","sc/towerskin_season_59_squadCastle.sc","True",1025,"Default_King_Tower_Die","Default_Princess_Tower_Die","TID_CHRONOS_TOWERSKIN1025","False","False","True"
"TowerSkin62","sc/towerskin_season_61.sc","True",62,"Default_King_Tower_Die","Default_Princess_Tower_Die","TID_CHRONOS_TOWERSKIN62","False","False","True"
"TowerSkin1027","sc/towerskin_season_61_kingshead.sc","True",1027,"Default_King_Tower_Die","Default_Princess_Tower_Die","TID_CHRONOS_TOWERSKIN1027","False","False","True"
"TowerSkin63","sc/towerskin_season_62_chillbeach.sc","True",63,"Default_King_Tower_Die","Default_Princess_Tower_Die","TID_CHRONOS_TOWERSKIN63","False","False","True"
"TowerSkin1028","sc/towerskin_season_62_goblinsdummy.sc","True",1028,"Default_King_Tower_Die","Default_Princess_Tower_Die","TID_CHRONOS_TOWERSKIN1028","False","False","True"
"TowerSkin64","sc/towerskin_season_63_ultimateclash.sc","True",64,"Default_King_Tower_Die","Default_Princess_Tower_Die","TID_CHRONOS_TOWERSKIN64","False","False","True"
"TowerSkin65","sc/towerskin_season_64_halloween2024.sc","True",65,"Default_King_Tower_Die","Default_Princess_Tower_Die","TID_CHRONOS_TOWERSKIN65","False","False","True"
"TowerSkin1029","sc/towerskin_season_64_fanmade.sc","True",1029,"Default_King_Tower_Die","Default_Princess_Tower_Die","TID_CHRONOS_TOWERSKIN1029","False","False","True"
"TowerSkin66","sc/towerskin_season_65_sheriff.sc","True",66,"Default_King_Tower_Die","Default_Princess_Tower_Die","TID_CHRONOS_TOWERSKIN66","False","False","True"
"TowerSkin1030","sc/towerskin_season_65_trainingcamp.sc","True",1030,"Default_King_Tower_Die","Default_Princess_Tower_Die","TID_CHRONOS_TOWERSKIN1030","False","False","True"
"TowerSkin67","sc/towerskin_season_66_cosychristmas.sc","True",67,"Default_King_Tower_Die","Default_Princess_Tower_Die","TID_CHRONOS_TOWERSKIN67","False","False","True"
"TowerSkin1031","sc/towerskin_season_66_snowball.sc","True",1031,"Default_King_Tower_Die","Default_Princess_Tower_Die","TID_CHRONOS_TOWERSKIN1031","False","False","True"
"TowerSkin68","sc/towerskin_season_67_runeGiant.sc","True",68,"Default_King_Tower_Die","Default_Princess_Tower_Die","TID_CHRONOS_TOWERSKIN68","False","False","True"
"TowerSkin69","sc/towerskin_season_68_berserkerlove.sc","True",69,"Default_King_Tower_Die","Default_Princess_Tower_Die","TID_CHRONOS_TOWERSKIN69","False","False","True"
"TowerSkin1032","sc/towerskin_season_68_lumberefuge.sc","True",1032,"Default_King_Tower_Die","Default_Princess_Tower_Die","TID_CHRONOS_TOWERSKIN1032","False","False","True"
"TowerSkin70","sc/towerskin_season_69_crown.sc","True",70,"Default_King_Tower_Die","Default_Princess_Tower_Die","TID_CHRONOS_TOWERSKIN70","False","False","True"
"TowerSkin1033","sc/towerskin_season_69_newbasic.sc","True",1033,"Default_King_Tower_Die","Default_Princess_Tower_Die","TID_CHRONOS_TOWERSKIN1033","False","False","True"
"TowerSkin71","sc/towerskin_season_70_royaldelivery.sc","True",71,"Default_King_Tower_Die","Default_Princess_Tower_Die","TID_CHRONOS_TOWERSKIN71","False","False","True"
"TowerSkin1034","sc/towerskin_season_70_treeband.sc","True",1034,"Default_King_Tower_Die","Default_Princess_Tower_Die","TID_CHRONOS_TOWERSKIN1034","False","False","True"
"TowerSkin1035","sc/towerskin_season_70_hideout.sc","True",1035,"Default_King_Tower_Die","Default_Princess_Tower_Die","TID_CHRONOS_TOWERSKIN1035","False","False","True"
"TowerSkin72","sc/towerskin_season_71_graveyardKid.sc","True",72,"Default_King_Tower_Die","Default_Princess_Tower_Die","TID_CHRONOS_TOWERSKIN72","False","False","True"
"TowerSkin1036","sc/towerskin_season_71_barebones.sc","True",1036,"Default_King_Tower_Die","Default_Princess_Tower_Die","TID_CHRONOS_TOWERSKIN1036","False","False","True"
"TowerSkin1037","sc/towerskin_season_71_barebonesEvo.sc","True",1037,"Default_King_Tower_Die","Default_Princess_Tower_Die","TID_CHRONOS_TOWERSKIN1037","False","False","True"
"TowerSkin73","sc/towerskin_season_72_infernodragon.sc","True",73,"Default_King_Tower_Die","Default_Princess_Tower_Die","TID_CHRONOS_TOWERSKIN73","False","False","True"
"TowerSkin74","sc/towerskin_season_73_spiritempress.sc","True",74,"Default_King_Tower_Die","Default_Princess_Tower_Die","TID_CHRONOS_TOWERSKIN74","False","False","True"
"TowerSkin75","sc/towerskin_season_74_furnace.sc","True",75,"Default_King_Tower_Die","Default_Princess_Tower_Die","TID_CHRONOS_TOWERSKIN75","False","False","True"
"TowerSkin1038","sc/towerskin_season_75_druid.sc","True",1038,"Default_King_Tower_Die","Default_Princess_Tower_Die","TID_CHRONOS_TOWERSKIN1038","False","False","True"
"TowerSkin76","sc/towerskin_season_75_dragonest.sc","True",76,"Default_King_Tower_Die","Default_Princess_Tower_Die","TID_CHRONOS_TOWERSKIN76","False","False","True"
"TowerSkin1039","sc/towerskin_season_75_bandito.sc","True",1039,"Default_King_Tower_Die","Default_Princess_Tower_Die","TID_CHRONOS_TOWERSKIN1039","False","False","True"
"TowerSkin1040","sc/towerskin_season_75_ballistic.sc","True",1040,"Default_King_Tower_Die","Default_Princess_Tower_Die","TID_CHRONOS_TOWERSKIN1040","False","False","True"
"TowerSkin1041","sc/towerskin_season_75_dragonegg.sc","True",1041,"Default_King_Tower_Die","Default_Princess_Tower_Die","TID_CHRONOS_TOWERSKIN1041","False","False","True"
"TowerSkin77","sc/towerskin_season_76_rockgig.sc","True",77,"Default_King_Tower_Die","Default_Princess_Tower_Die","TID_CHRONOS_TOWERSKIN77","False","False","True"
"TowerSkin1043","sc/towerskin_season_76_beatingdeath.sc","True",1043,"Default_King_Tower_Die","Default_Princess_Tower_Die","TID_CHRONOS_TOWERSKIN1043","False","False","True"
"TowerSkin1042","sc/towerskin_season_76_ghostlychills.sc","True",1042,"Default_King_Tower_Die","Default_Princess_Tower_Die","TID_CHRONOS_TOWERSKIN1042","False","False","True"
"TowerSkin78","sc/towerskin_season_78_hogzeppelin.sc","True",78,"Default_King_Tower_Die","Default_Princess_Tower_Die","TID_CHRONOS_TOWERSKIN78","False","False","True"
"TowerSkin1044","sc/towerskin_season_77_rawhogs.sc","True",1044,"Default_King_Tower_Die","Default_Princess_Tower_Die","TID_CHRONOS_TOWERSKIN1044","False","False","True"
"TowerSkin79","sc/towerskin_season_78_goldenheroes.sc","True",79,"Default_King_Tower_Die","Default_Princess_Tower_Die","TID_CHRONOS_TOWERSKIN79","False","False","True"
"TowerSkin1045","sc/towerskin_season_78_goldengift.sc","True",1045,"Default_King_Tower_Die","Default_Princess_Tower_Die","TID_CHRONOS_TOWERSKIN1045","False","False","True"
"TowerSkin80","sc/towerskin_season_79_icefire.sc","True",80,"Default_King_Tower_Die","Default_Princess_Tower_Die","TID_CHRONOS_TOWERSKIN80","False","False","True"
"TowerSkin1046","sc/towerskin_season_79_elementalduality.sc","True",1046,"Default_King_Tower_Die","Default_Princess_Tower_Die","TID_CHRONOS_TOWERSKIN1046","False","False","True"
"TowerSkin1047","sc/towerskin_season_79_heropantheon.sc","True",1047,"Default_King_Tower_Die","Default_Princess_Tower_Die","TID_CHRONOS_TOWERSKIN1047","False","False","True"
"TowerSkin81","sc/towerskin_season_80_lovetemple.sc","True",81,"Default_King_Tower_Die","Default_Princess_Tower_Die","TID_CHRONOS_TOWERSKIN81","False","False","True"
"TowerSkin1048","sc/towerskin_season_80_gothiclove.sc","True",1048,"Default_King_Tower_Die","Default_Princess_Tower_Die","TID_CHRONOS_TOWERSKIN1048","False","False","True"
"TowerSkin82","sc/towerskin_season_81_10thbirthday.sc","True",82,"Default_King_Tower_Die","Default_Princess_Tower_Die","TID_CHRONOS_TOWERSKIN82","False","False","True"
"TowerSkin1049","sc/towerskin_season_81_joust.sc","True",1049,"Default_King_Tower_Die","Default_Princess_Tower_Die","TID_CHRONOS_TOWERSKIN1049","False","False","True"
"TowerSkin1050","sc/towerskin_season_82_summerVibe.sc","True",1050,"Default_King_Tower_Die","Default_Princess_Tower_Die","TID_CHRONOS_TOWERSKIN1050","False","False","True"
"TowerSkin83","sc/towerskin_season_82_warballoon.sc","True",83,"Default_King_Tower_Die","Default_Princess_Tower_Die","TID_CHRONOS_TOWERSKIN83","False","False","True"
"TowerSkin1051","sc/towerskin_season_82_funnyballoon.sc","True",1051,"Default_King_Tower_Die","Default_Princess_Tower_Die","TID_CHRONOS_TOWERSKIN1051","False","False","True"
"TowerSkin84","sc/towerskin_season_83_darkregal.sc","True",84,"Default_King_Tower_Die","Default_Princess_Tower_Die","TID_CHRONOS_TOWERSKIN84","False","False","True"
"TowerSkin1052","sc/towerskin_season_83_strike.sc","True",1052,"Default_King_Tower_Die","Default_Princess_Tower_Die","TID_CHRONOS_TOWERSKIN1052","False","False","True"
"TowerSkin1053","sc/towerskin_season_84_darkestdungeon.sc","True",1053,"Default_King_Tower_Die","Default_Princess_Tower_Die","TID_CHRONOS_TOWERSKIN1053","False","False","True"
"TowerSkin1054","sc/towerskin_season_85_darkprince.sc","True",1054,"Default_King_Tower_Die","Default_Princess_Tower_Die","TID_CHRONOS_TOWERSKIN1054","False","False","True"
"TowerSkin85","sc/towerskin_season_84_frozenlair.sc","True",85,"Default_King_Tower_Die","Default_Princess_Tower_Die","TID_CHRONOS_TOWERSKIN85","False","False","True"
"TowerSkin1055","sc/towerskin_season_84_snowfortress.sc","True",1055,"Default_King_Tower_Die","Default_Princess_Tower_Die","TID_CHRONOS_TOWERSKIN1055","False","False","True"
"TowerSkin1056","sc/towerskin_season_84_football.sc","True",1056,"Default_King_Tower_Die","Default_Princess_Tower_Die","TID_CHRONOS_TOWERSKIN1056","False","False","True"
"TowerSkin1057","sc/towerskin_season_84_collection.sc","True",1057,"Default_King_Tower_Die","Default_Princess_Tower_Die","TID_CHRONOS_TOWERSKIN1057","False","False","True"
"TowerSkin1058","sc/towerskin_season_85_ronintemple.sc","True",1058,"Default_King_Tower_Die","Default_Princess_Tower_Die","TID_CHRONOS_TOWERSKIN1058","False","False","True"
"TowerSkin1059","sc/towerskin_season_85_ancientjapan.sc","True",1059,"Default_King_Tower_Die","Default_Princess_Tower_Die","TID_CHRONOS_TOWERSKIN1059","False","False","True"
"TowerSkin1060","sc/towerskin_season_85_hogmountain.sc","True",1060,"Default_King_Tower_Die","Default_Princess_Tower_Die","TID_CHRONOS_TOWERSKIN1060","False","False","True"
"TowerSkin86","sc/towerskin_season_85_echomonk.sc","True",86,"Default_King_Tower_Die","Default_Princess_Tower_Die","TID_CHRONOS_TOWERSKIN86","False","False","True"
"TowerSkin1061","sc/towerskin_season_86_vikingrune.sc","True",1061,"Default_King_Tower_Die","Default_Princess_Tower_Die","TID_CHRONOS_TOWERSKIN1061","False","False","True"
"TowerSkin87","sc/towerskin_season_86_viking.sc","True",87,"Default_King_Tower_Die","Default_Princess_Tower_Die","TID_CHRONOS_TOWERSKIN87","False","False","True"
"TowerSkin88","sc/towerskin_season_87_miniongiant.sc","True",88,"Default_King_Tower_Die","Default_Princess_Tower_Die","TID_CHRONOS_TOWERSKIN88","False","False","True"
"TowerSkin1062","sc/towerskin_season_87_minionacademy.sc","True",1062,"Default_King_Tower_Die","Default_Princess_Tower_Die","TID_CHRONOS_TOWERSKIN1062","False","False","True"
"TowerSkin89","sc/towerskin_season_88_shocktober.sc","True",89,"Default_King_Tower_Die","Default_Princess_Tower_Die","TID_CHRONOS_TOWERSKIN89","False","False","True"
"TowerSkin1063","sc/towerskin_season_88_radio.sc","True",1063,"Default_King_Tower_Die","Default_Princess_Tower_Die","TID_CHRONOS_TOWERSKIN1063","False","False","True"
