"Name","Trophies","ItemSWF","ItemExportName","Align","OffsetX","OffsetY","Amount","Spell","SpellAlt","Resource","Chest","EmoteIDHigh","EmoteIDLow","RandomSpell","Token","Consumable","SupportCard","SupportCardAlt","RandomSupportCard","MysteryBox","EvoShard","RulerCard"
"String","int","string","string","string","float","float","int","string","string","string","string","int","int","string","string","string","string","string","string","string","boolean","string"
"SeasonalProto",10050,"sc/ui_trophy_road_milestones_goblin.sc","tr_goblin_gm_2_4","right",,,3000,,,"Gold",,,,,,,,,,,,
,10250,"sc/ui_trophy_road_milestones_goblin.sc","tr_goblin_gm_2_1","left",,,200,,,,,,,"Common",,,,,,,,
,10450,"sc/ui_trophy_road_milestones_goblin.sc","tr_goblin_gm_2_2","right",,,3000,,,"Gold",,,,,,,,,,,,
,10650,"sc/ui_trophy_road_milestones_goblin.sc","tr_goblin_gm_2_3","left",,,40,,,,,,,"Rare",,,,,,,,
,10900,"sc/ui_trophy_road_milestones_goblin.sc","tr_goblin_gm_2_4","right",,,3000,,,,,,,,,"WildcardElite",,,,,,
,11050,"sc/ui_trophy_road_milestones_goblin.sc","tr_goblin_gm_2_4","right",,,3000,,,"Gold",,,,,,,,,,,,
,11250,"sc/ui_trophy_road_milestones_goblin.sc","tr_goblin_gm_2_1","left",,,1,,,,,,,"Legendary",,,,,,,,
,11450,"sc/ui_trophy_road_milestones_goblin.sc","tr_goblin_gm_2_2","right",,,3000,,,"Gold",,,,,,,,,,,,
,11650,"sc/ui_trophy_road_milestones_goblin.sc","tr_goblin_gm_2_3","left",,,5,,,,,,,"Epic",,,,,,,,
,11900,"sc/ui_trophy_road_milestones_goblin.sc","tr_goblin_gm_2_4","right",,,3000,,,,,,,,,"WildcardElite",,,,,,
,12100,"sc/ui_trophy_road_milestones_goblin.sc","tr_goblin_gm_2_4","right",,,3000,,,"Gold",,,,,,,,,,,,
,12300,"sc/ui_trophy_road_milestones_goblin.sc","tr_goblin_gm_2_1","left",,,250,,,,,,,"Common",,,,,,,,
,12550,"sc/ui_trophy_road_milestones_goblin.sc","tr_goblin_gm_2_2","right",,,3000,,,"Gold",,,,,,,,,,,,
,12750,"sc/ui_trophy_road_milestones_goblin.sc","tr_goblin_gm_2_3","left",,,4000,,,,,,,,,"WildcardElite",,,,,,
,12950,"sc/ui_trophy_road_milestones_goblin.sc","tr_goblin_gm_2_4","right",,,50,,,,,,,"Rare",,,,,,,,
,13200,"sc/ui_trophy_road_milestones_goblin.sc","tr_goblin_gm_2_4","left",,,4000,,,"Gold",,,,,,,,,,,,
,13400,"sc/ui_trophy_road_milestones_goblin.sc","tr_goblin_gm_2_1","right",,,1,,,,"SuperLightning_Arena_L10",,,,,,,,,,,
,13600,"sc/ui_trophy_road_milestones_goblin.sc","tr_goblin_gm_2_2","right",,,4000,,,"Gold",,,,,,,,,,,,
,13800,"sc/ui_trophy_road_milestones_goblin.sc","tr_goblin_gm_2_3","left",,,1,,,,,,,"Champion",,,,,,,,
,14050,"sc/ui_trophy_road_milestones_goblin.sc","tr_goblin_gm_2_4","right",,,4000,,,"Gold",,,,,,,,,,,,
,14250,"sc/ui_trophy_road_milestones_goblin.sc","tr_goblin_gm_2_4","left",,,5000,,,,,,,,,"WildcardElite",,,,,,
,14450,"sc/ui_trophy_road_milestones_goblin.sc","tr_goblin_gm_2_1","right",,,5,,,,,,,"Epic",,,,,,,,
,14700,"sc/ui_trophy_road_milestones_goblin.sc","tr_goblin_gm_2_2","left",,,4000,,,"Gold",,,,,,,,,,,,
,14900,"sc/ui_trophy_road_milestones_goblin.sc","tr_goblin_gm_2_3","right",,,1,,,,"Super_Arena_L10",,,,,,,,,,,
"SeasonalArena_202507",10050,"sc/ui_trophy_road_milestones_golden.sc","tr_goldenLumberjack_mp_1_5","right",,,3000,,,"Gold",,,,,,,,,,,,
,10250,"sc/ui_trophy_road_milestones_golden.sc","tr_goldenLumberjack_mp_1_4","left",,,200,,,,,,,"Common",,,,,,,,
,10450,"sc/ui_trophy_road_milestones_golden.sc","tr_goldenLumberjack_mp_1_3","right",,,3000,,,"Gold",,,,,,,,,,,,
,10650,"sc/ui_trophy_road_milestones_golden.sc","tr_goldenLumberjack_mp_1_2","left",,,40,,,,,,,"Rare",,,,,,,,
,10900,"sc/ui_trophy_road_milestones_golden.sc","tr_goldenLumberjack_mp_1_1","right",,,2000,,,,,,,,,"WildcardElite",,,,,,
,11050,"sc/ui_trophy_road_milestones_golden.sc","tr_goldenMagic_mp_1_5","right",,,3000,,,"Gold",,,,,,,,,,,,
,11250,"sc/ui_trophy_road_milestones_golden.sc","tr_goldenMagic_mp_1_4","left",,,1,,,,,,,"Legendary",,,,,,,,
,11450,"sc/ui_trophy_road_milestones_golden.sc","tr_goldenMagic_mp_1_3","right",,,3000,,,"Gold",,,,,,,,,,,,
,11650,"sc/ui_trophy_road_milestones_golden.sc","tr_goldenMagic_mp_1_2","left",,,5,,,,,,,"Epic",,,,,,,,
,11900,"sc/ui_trophy_road_milestones_golden.sc","tr_goldenMagic_mp_1_1","right",,,2500,,,,,,,,,"WildcardElite",,,,,,
,12100,"sc/ui_trophy_road_milestones_golden.sc","tr_runeGiant_mp_1_5","right",,,3000,,,"Gold",,,,,,,,,,,,
,12300,"sc/ui_trophy_road_milestones_golden.sc","tr_runeGiant_mp_1_4","left",,,250,,,,,,,"Common",,,,,,,,
,12550,"sc/ui_trophy_road_milestones_golden.sc","tr_runeGiant_mp_1_3","right",,,3000,,,"Gold",,,,,,,,,,,,
,12750,"sc/ui_trophy_road_milestones_golden.sc","tr_runeGiant_mp_1_2","left",,,2500,,,,,,,,,"WildcardElite",,,,,,
,12950,"sc/ui_trophy_road_milestones_golden.sc","tr_runeGiant_mp_1_1","right",,,50,,,,,,,"Rare",,,,,,,,
,13200,"sc/ui_trophy_road_milestones_golden.sc","tr_runeGiant_mp_1_4","left",,,4000,,,"Gold",,,,,,,,,,,,
,13400,"sc/ui_trophy_road_milestones_golden.sc","tr_runeGiant_mp_1_5","right",,,1,,,,"SuperLightning_Arena_L10",,,,,,,,,,,
,13600,"sc/ui_trophy_road_milestones_golden.sc","tr_ultimateClash_mp_1_5","right",,,4000,,,"Gold",,,,,,,,,,,,
,13800,"sc/ui_trophy_road_milestones_golden.sc","tr_ultimateClash_mp_1_4","left",,,1,,,,,,,"Champion",,,,,,,,
,14050,"sc/ui_trophy_road_milestones_golden.sc","tr_ultimateClash_mp_1_3","right",,,4000,,,"Gold",,,,,,,,,,,,
,14250,"sc/ui_trophy_road_milestones_golden.sc","tr_ultimateClash_mp_1_2","left",,,3000,,,,,,,,,"WildcardElite",,,,,,
,14450,"sc/ui_trophy_road_milestones_golden.sc","tr_gultimateClash_mp_1_1","right",,,5,,,,,,,"Epic",,,,,,,,
,14700,"sc/ui_trophy_road_milestones_golden.sc","tr_ultimateClash_mp_1_4","left",,,4000,,,"Gold",,,,,,,,,,,,
,14900,"sc/ui_trophy_road_milestones_golden.sc","tr_ultimateClash_mp_1_5","right",,,1,,,,"Super_Arena_L10",,,,,,,,,,,
"SeasonalArena_202508",10050,"sc/ui_trophy_road_milestones_golden.sc","tr_goldenGoblinMine_mp_1_3","right",,,3000,,,"Gold",,,,,,,,,,,,
,10250,"sc/ui_trophy_road_milestones_golden.sc","tr_goldenGoblinMine_mp_1_1","left",,,200,,,,,,,"Common",,,,,,,,
,10450,"sc/ui_trophy_road_milestones_golden.sc","tr_goldenGoblinMine_mp_1_4","right",,,3000,,,"Gold",,,,,,,,,,,,
,10650,"sc/ui_trophy_road_milestones_golden.sc","tr_goldenGoblinMine_mp_1_2","left",,,40,,,,,,,"Rare",,,,,,,,
,10900,"sc/ui_trophy_road_milestones_golden.sc","tr_goldenGoblinMine_mp_1_5","right",,,2000,,,,,,,,,"WildcardElite",,,,,,
,11050,"sc/ui_trophy_road_milestones_golden.sc","tr_goldenLittlePrince_mp_1_3","right",,,3000,,,"Gold",,,,,,,,,,,,
,11250,"sc/ui_trophy_road_milestones_golden.sc","tr_goldenLittlePrince_mp_1_1","left",,,1,,,,,,,"Legendary",,,,,,,,
,11450,"sc/ui_trophy_road_milestones_golden.sc","tr_goldenLittlePrince_mp_1_5","right",,,3000,,,"Gold",,,,,,,,,,,,
,11650,"sc/ui_trophy_road_milestones_golden.sc","tr_goldenLittlePrince_mp_1_4","left",,,5,,,,,,,"Epic",,,,,,,,
,11900,"sc/ui_trophy_road_milestones_golden.sc","tr_goldenLittlePrince_mp_1_3","right",,,2500,,,,,,,,,"WildcardElite",,,,,,
,12100,"sc/ui_trophy_road_milestones_golden.sc","tr_goldenStolenCrown_mp_1_3","right",,,3000,,,"Gold",,,,,,,,,,,,
,12300,"sc/ui_trophy_road_milestones_golden.sc","tr_goldenStolenCrown_mp_1_1","left",,,250,,,,,,,"Common",,,,,,,,
,12550,"sc/ui_trophy_road_milestones_golden.sc","tr_goldenStolenCrown_mp_1_5","right",,,3000,,,"Gold",,,,,,,,,,,,
,12750,"sc/ui_trophy_road_milestones_golden.sc","tr_goldenStolenCrown_mp_1_2","left",,,2500,,,,,,,,,"WildcardElite",,,,,,
,12950,"sc/ui_trophy_road_milestones_golden.sc","tr_goldenStolenCrown_mp_1_3","right",,,50,,,,,,,"Rare",,,,,,,,
,13200,"sc/ui_trophy_road_milestones_golden.sc","tr_goldenStolenCrown_mp_1_1","left",,,4000,,,"Gold",,,,,,,,,,,,
,13400,"sc/ui_trophy_road_milestones_golden.sc","tr_goldenStolenCrown_mp_1_5","right",,,1,,,,"SuperLightning_Arena_L10",,,,,,,,,,,
,13600,"sc/ui_trophy_road_milestones_golden.sc","tr_goldenWildWest_mp_1_3","right",,,4000,,,"Gold",,,,,,,,,,,,
,13800,"sc/ui_trophy_road_milestones_golden.sc","tr_goldenWildWest_mp_1_1","left",,,1,,,,,,,"Champion",,,,,,,,
,14050,"sc/ui_trophy_road_milestones_golden.sc","tr_goldenWildWest_mp_1_5","right",,,4000,,,"Gold",,,,,,,,,,,,
,14250,"sc/ui_trophy_road_milestones_golden.sc","tr_goldenWildWest_mp_1_2","left",,,3000,,,,,,,,,"WildcardElite",,,,,,
,14450,"sc/ui_trophy_road_milestones_golden.sc","tr_goldenWildWest_mp_1_3","right",,,5,,,,,,,"Epic",,,,,,,,
,14700,"sc/ui_trophy_road_milestones_golden.sc","tr_goldenWildWest_mp_1_1","left",,,4000,,,"Gold",,,,,,,,,,,,
,14900,"sc/ui_trophy_road_milestones_golden.sc","tr_goldenWildWest_mp_1_5","right",,,1,,,,"Super_Arena_L10",,,,,,,,,,,
"SeasonalArena_202509",10050,"sc/ui_trophy_road_milestones_golden.sc","tr_goldenMudPit_mp_1_1","left",,,3000,,,"Gold",,,,,,,,,,,,
,10250,"sc/ui_trophy_road_milestones_golden.sc","tr_goldenMudPit_mp_1_2","right",,,200,,,,,,,"Common",,,,,,,,
,10450,"sc/ui_trophy_road_milestones_golden.sc","tr_goldenMudPit_mp_1_3","left",,,3000,,,"Gold",,,,,,,,,,,,
,10650,"sc/ui_trophy_road_milestones_golden.sc","tr_goldenMudPit_mp_1_4","right",,,40,,,,,,,"Rare",,,,,,,,
,10900,"sc/ui_trophy_road_milestones_golden.sc","tr_goldenMudPit_mp_1_5","left",,,2000,,,,,,,,,"WildcardElite",,,,,,
,11050,"sc/ui_trophy_road_milestones_golden.sc","tr_goldenSpiritEmpress_mp_1_1","left",,,3000,,,"Gold",,,,,,,,,,,,
,11250,"sc/ui_trophy_road_milestones_golden.sc","tr_goldenSpiritEmpress_mp_1_2","right",,,1,,,,,,,"Legendary",,,,,,,,
,11450,"sc/ui_trophy_road_milestones_golden.sc","tr_goldenSpiritEmpress_mp_1_3","left",,,3000,,,"Gold",,,,,,,,,,,,
,11650,"sc/ui_trophy_road_milestones_golden.sc","tr_goldenSpiritEmpress_mp_1_4","right",,,5,,,,,,,"Epic",,,,,,,,
,11900,"sc/ui_trophy_road_milestones_golden.sc","tr_goldenSpiritEmpress_mp_1_5","left",,,2500,,,,,,,,,"WildcardElite",,,,,,
,12100,"sc/ui_trophy_road_milestones_golden.sc","tr_goldenDragonPit_mp_1_1","left",,,3000,,,"Gold",,,,,,,,,,,,
,12300,"sc/ui_trophy_road_milestones_golden.sc","tr_goldenDragonPit_mp_1_2","right",,,250,,,,,,,"Common",,,,,,,,
,12550,"sc/ui_trophy_road_milestones_golden.sc","tr_goldenDragonPit_mp_1_3","left",,,3000,,,"Gold",,,,,,,,,,,,
,12750,"sc/ui_trophy_road_milestones_golden.sc","tr_goldenDragonPit_mp_1_4","right",,,2500,,,,,,,,,"WildcardElite",,,,,,
,12950,"sc/ui_trophy_road_milestones_golden.sc","tr_goldenDragonPit_mp_1_5","left",,,50,,,,,,,"Rare",,,,,,,,
,13200,"sc/ui_trophy_road_milestones_golden.sc","tr_goldenDragonPit_mp_1_2","right",,,4000,,,"Gold",,,,,,,,,,,,
,13400,"sc/ui_trophy_road_milestones_golden.sc","tr_goldenDragonPit_mp_1_1","left",,,1,,,,"SuperLightning_Arena_L10",,,,,,,,,,,
,13600,"sc/ui_trophy_road_milestones_golden.sc","tr_goldenChillBeach_mp_1_1","left",,,4000,,,"Gold",,,,,,,,,,,,
,13800,"sc/ui_trophy_road_milestones_golden.sc","tr_goldenChillBeach_mp_1_2","right",,,1,,,,,,,"Champion",,,,,,,,
,14050,"sc/ui_trophy_road_milestones_golden.sc","tr_goldenChillBeach_mp_1_3","left",,,4000,,,"Gold",,,,,,,,,,,,
,14250,"sc/ui_trophy_road_milestones_golden.sc","tr_goldenChillBeach_mp_1_4","right",,,3000,,,,,,,,,"WildcardElite",,,,,,
,14450,"sc/ui_trophy_road_milestones_golden.sc","tr_goldenChillBeach_mp_1_5","left",,,5,,,,,,,"Epic",,,,,,,,
,14700,"sc/ui_trophy_road_milestones_golden.sc","tr_goldenChillBeach_mp_1_2","right",,,4000,,,"Gold",,,,,,,,,,,,
,14900,"sc/ui_trophy_road_milestones_golden.sc","tr_goldenChillBeach_mp_1_1","left",,,1,,,,"Super_Arena_L10",,,,,,,,,,,
"SeasonalArena_202510",10050,"sc/ui_trophy_road_milestones_golden.sc","tr_goldenFrankstein_mp_1_1","left",,,1,,,,,,,,,,,,,"Basic_Lucky_Chest",,
,10250,"sc/ui_trophy_road_milestones_golden.sc","tr_goldenFrankstein_mp_1_2","right",,,1,,,,,,,,,,,,,"Basic_Lucky_Chest",,
,10450,"sc/ui_trophy_road_milestones_golden.sc","tr_goldenFrankstein_mp_1_3","left",,,1,,,,,,,,,,,,,"CommonLuckyDrop",,
,10650,"sc/ui_trophy_road_milestones_golden.sc","tr_goldenFrankstein_mp_1_4","right",,,1,,,,,,,,,,,,,"Basic_Lucky_Chest",,
,10900,"sc/ui_trophy_road_milestones_golden.sc","tr_goldenFrankstein_mp_1_5","left",,,2000,,,,,,,,,"WildcardElite",,,,,,
,11050,"sc/ui_trophy_road_milestones_golden.sc","tr_goldenDarkElixir_mp_1_1","left",,,1,,,,,,,,,,,,,"Basic_Lucky_Chest",,
,11250,"sc/ui_trophy_road_milestones_golden.sc","tr_goldenDarkElixir_mp_1_2","right",,,1,,,,,,,,,,,,,"Basic_Lucky_Chest",,
,11450,"sc/ui_trophy_road_milestones_golden.sc","tr_goldenDarkElixir_mp_1_3","left",,,1,,,,,,,,,,,,,"CommonLuckyDrop",,
,11650,"sc/ui_trophy_road_milestones_golden.sc","tr_goldenDarkElixir_mp_1_4","right",,,1,,,,,,,,,,,,,"Basic_Lucky_Chest",,
,11900,"sc/ui_trophy_road_milestones_golden.sc","tr_goldenDarkElixir_mp_1_5","left",,,2500,,,,,,,,,"WildcardElite",,,,,,
,12100,"sc/ui_trophy_road_milestones_golden.sc","tr_goldenGoblinSwamp_mp_1_1","left",,,1,,,,,,,,,,,,,"Basic_Lucky_Chest",,
,12300,"sc/ui_trophy_road_milestones_golden.sc","tr_goldenGoblinSwamp_mp_1_2","right",,,1,,,,,,,,,,,,,"CommonLuckyDrop",,
,12550,"sc/ui_trophy_road_milestones_golden.sc","tr_goldenGoblinSwamp_mp_1_3","left",,,1,,,,,,,,,,,,,"Basic_Lucky_Chest",,
,12750,"sc/ui_trophy_road_milestones_golden.sc","tr_goldenGoblinSwamp_mp_1_4","right",,,2500,,,,,,,,,"WildcardElite",,,,,,
,12950,"sc/ui_trophy_road_milestones_golden.sc","tr_goldenGoblinSwamp_mp_1_5","left",,,1,,,,,,,,,,,,,"Basic_Lucky_Chest",,
,13200,"sc/ui_trophy_road_milestones_golden.sc","tr_goldenGoblinSwamp_mp_1_2","right",,,1,,,,,,,,,,,,,"Basic_Lucky_Chest",,
,13400,"sc/ui_trophy_road_milestones_golden.sc","tr_goldenGoblinSwamp_mp_1_1","left",,,1,,,,"SuperLightning_Arena_L10",,,,,,,,,,,
,13600,"sc/ui_trophy_road_milestones_golden.sc","tr_goldenGraveyardKid_mp_1_1","left",,,1,,,,,,,,,,,,,"Basic_Lucky_Chest",,
,13800,"sc/ui_trophy_road_milestones_golden.sc","tr_goldenGraveyardKid_mp_1_2","right",,,1,,,,,,,"Champion",,,,,,,,
,14050,"sc/ui_trophy_road_milestones_golden.sc","tr_goldenGraveyardKid_mp_1_3","left",,,1,,,,,,,,,,,,,"Basic_Lucky_Chest",,
,14250,"sc/ui_trophy_road_milestones_golden.sc","tr_goldenGraveyardKid_mp_1_4","right",,,3000,,,,,,,,,"WildcardElite",,,,,,
,14450,"sc/ui_trophy_road_milestones_golden.sc","tr_goldenGraveyardKid_mp_1_5","left",,,1,,,,,,,,,,,,,"Basic_Lucky_Chest",,
,14700,"sc/ui_trophy_road_milestones_golden.sc","tr_goldenGraveyardKid_mp_1_2","right",,,1,,,,,,,,,,,,,"Basic_Lucky_Chest",,
,14900,"sc/ui_trophy_road_milestones_golden.sc","tr_goldenGraveyardKid_mp_1_1","left",,,1,,,,"Super_Arena_L10",,,,,,,,,,,
"SeasonalArena_202511",10050,"sc/ui_trophy_road_milestones_golden.sc","tr_goldenStolenCrown_mp_1_1","left",,,1,,,,,,,,,,,,,"Basic_Lucky_Chest",,
,10250,"sc/ui_trophy_road_milestones_golden.sc","tr_goldenStolenCrown_mp_1_5","right",,,1,,,,,,,,,,,,,"Basic_Lucky_Chest",,
,10450,"sc/ui_trophy_road_milestones_golden.sc","tr_goldenStolenCrown_mp_1_2","left",,,1,,,,,,,,,,,,,"CommonLuckyDrop",,
,10650,"sc/ui_trophy_road_milestones_golden.sc","tr_goldenStolenCrown_mp_1_3","right",,,1,,,,,,,,,,,,,"Basic_Lucky_Chest",,
,10900,"sc/ui_trophy_road_milestones_golden.sc","tr_goldenStolenCrown_mp_1_1","left",,,220,,,,,,,"Common",,,,,,,,
,11050,"sc/ui_trophy_road_milestones_golden.sc","tr_goldenWildWest_mp_1_1","left",,,1,,,,,,,,,,,,,"Basic_Lucky_Chest",,
,11250,"sc/ui_trophy_road_milestones_golden.sc","tr_goldenWildWest_mp_1_5","right",,,1,,,,,,,,,,,,,"Basic_Lucky_Chest",,
,11450,"sc/ui_trophy_road_milestones_golden.sc","tr_goldenWildWest_mp_1_2","left",,,1,,,,,,,,,,,,,"CommonLuckyDrop",,
,11650,"sc/ui_trophy_road_milestones_golden.sc","tr_goldenWildWest_mp_1_3","right",,,1,,,,,,,,,,,,,"Basic_Lucky_Chest",,
,11900,"sc/ui_trophy_road_milestones_golden.sc","tr_goldenWildWest_mp_1_1","left",,,50,,,,,,,"Rare",,,,,,,,
,12100,"sc/ui_trophy_road_milestones_golden.sc","tr_goldenMagic_mp_1_4","left",,,1,,,,,,,,,,,,,"Basic_Lucky_Chest",,
,12300,"sc/ui_trophy_road_milestones_golden.sc","tr_goldenMagic_mp_1_1","right",,,1,,,,,,,,,,,,,"CommonLuckyDrop",,
,12550,"sc/ui_trophy_road_milestones_golden.sc","tr_goldenMagic_mp_1_2","left",,,1,,,,,,,,,,,,,"Basic_Lucky_Chest",,
,12750,"sc/ui_trophy_road_milestones_golden.sc","tr_goldenMagic_mp_1_3","right",,,6,,,,,,,"Epic",,,,,,,,
,12950,"sc/ui_trophy_road_milestones_golden.sc","tr_goldenMagic_mp_1_4","left",,,1,,,,,,,,,,,,,"Basic_Lucky_Chest",,
,13200,"sc/ui_trophy_road_milestones_golden.sc","tr_goldenMagic_mp_1_1","right",,,1,,,,,,,,,,,,,"Basic_Lucky_Chest",,
,13400,"sc/ui_trophy_road_milestones_golden.sc","tr_goldenMagic_mp_1_2","left",,,1,,,,"SuperLightning_Arena_L10",,,,,,,,,,,
,13600,"sc/ui_trophy_road_milestones_golden.sc","tr_runeGiant_mp_1_2","left",,,1,,,,,,,,,,,,,"Basic_Lucky_Chest",,
,13800,"sc/ui_trophy_road_milestones_golden.sc","tr_runeGiant_mp_1_3","right",,,1,,,,,,,"Legendary",,,,,,,,
,14050,"sc/ui_trophy_road_milestones_golden.sc","tr_runeGiant_mp_1_4","left",,,1,,,,,,,,,,,,,"Basic_Lucky_Chest",,
,14250,"sc/ui_trophy_road_milestones_golden.sc","tr_runeGiant_mp_1_5","right",,,1,,,,,,,"Champion",,,,,,,,
,14450,"sc/ui_trophy_road_milestones_golden.sc","tr_runeGiant_mp_1_2","left",,,1,,,,,,,,,,,,,"Basic_Lucky_Chest",,
,14700,"sc/ui_trophy_road_milestones_golden.sc","tr_runeGiant_mp_1_3","right",,,1,,,,,,,,,,,,,"Basic_Lucky_Chest",,
,14900,"sc/ui_trophy_road_milestones_golden.sc","tr_runeGiant_mp_1_4","left",,,1,,,,"Super_Arena_L10",,,,,,,,,,,
"SeasonalArena_202604",14010,"sc/ui_trophy_road_milestones_golden.sc","tr_goldenStolenCrown_mp_1_1","left",,,1,,,,,,,,,,,,,"Basic_Lucky_Chest",,
,14050,"sc/ui_trophy_road_milestones_golden.sc","tr_goldenStolenCrown_mp_1_5","right",,,1,,,,,,,,,,,,,"Basic_Lucky_Chest",,
,14090,"sc/ui_trophy_road_milestones_golden.sc","tr_goldenStolenCrown_mp_1_2","left",,,1,,,,,,,,,,,,,"Max_Level_Lucky_Chest_1Star",,
,14130,"sc/ui_trophy_road_milestones_golden.sc","tr_goldenStolenCrown_mp_1_3","right",,,1,,,,,,,,,,,,,"Basic_Lucky_Chest",,
,14180,"sc/ui_trophy_road_milestones_golden.sc","tr_goldenStolenCrown_mp_1_1","left",,,220,,,,,,,"Common",,,,,,,,
,14210,"sc/ui_trophy_road_milestones_golden.sc","tr_goldenWildWest_mp_1_1","left",,,1,,,,,,,,,,,,,"Basic_Lucky_Chest",,
,14250,"sc/ui_trophy_road_milestones_golden.sc","tr_goldenWildWest_mp_1_5","right",,,1,,,,,,,,,,,,,"Basic_Lucky_Chest",,
,14290,"sc/ui_trophy_road_milestones_golden.sc","tr_goldenWildWest_mp_1_2","left",,,1,,,,,,,,,,,,,"Max_Level_Lucky_Chest_1Star",,
,14330,"sc/ui_trophy_road_milestones_golden.sc","tr_goldenWildWest_mp_1_3","right",,,1,,,,,,,,,,,,,"Basic_Lucky_Chest",,
,14380,"sc/ui_trophy_road_milestones_golden.sc","tr_goldenWildWest_mp_1_1","left",,,50,,,,,,,"Rare",,,,,,,,
,14420,"sc/ui_trophy_road_milestones_golden.sc","tr_goldenMagic_mp_1_4","left",,,1,,,,,,,,,,,,,"Basic_Lucky_Chest",,
,14460,"sc/ui_trophy_road_milestones_golden.sc","tr_goldenMagic_mp_1_1","right",,,1,,,,,,,,,,,,,"Max_Level_Lucky_Chest_1Star",,
,14510,"sc/ui_trophy_road_milestones_golden.sc","tr_goldenMagic_mp_1_2","left",,,1,,,,,,,,,,,,,"Basic_Lucky_Chest",,
,14550,"sc/ui_trophy_road_milestones_golden.sc","tr_goldenMagic_mp_1_3","right",,,6,,,,,,,"Epic",,,,,,,,
,14590,"sc/ui_trophy_road_milestones_golden.sc","tr_goldenMagic_mp_1_4","left",,,1,,,,,,,,,,,,,"Basic_Lucky_Chest",,
,14640,"sc/ui_trophy_road_milestones_golden.sc","tr_goldenMagic_mp_1_1","right",,,1,,,,,,,,,,,,,"Basic_Lucky_Chest",,
,14680,"sc/ui_trophy_road_milestones_golden.sc","tr_goldenMagic_mp_1_2","left",,,1,,,,"SuperLightning_Arena_L18",,,,,,,,,,,
,14720,"sc/ui_trophy_road_milestones_golden.sc","tr_runeGiant_mp_1_2","left",,,1,,,,,,,,,,,,,"Basic_Lucky_Chest",,
,14760,"sc/ui_trophy_road_milestones_golden.sc","tr_runeGiant_mp_1_3","right",,,1,,,,,,,"Legendary",,,,,,,,
,14810,"sc/ui_trophy_road_milestones_golden.sc","tr_runeGiant_mp_1_4","left",,,1,,,,,,,,,,,,,"Basic_Lucky_Chest",,
,14850,"sc/ui_trophy_road_milestones_golden.sc","tr_runeGiant_mp_1_5","right",,,1,,,,,,,"Champion",,,,,,,,
,14890,"sc/ui_trophy_road_milestones_golden.sc","tr_runeGiant_mp_1_2","left",,,1,,,,,,,,,,,,,"Basic_Lucky_Chest",,
,14940,"sc/ui_trophy_road_milestones_golden.sc","tr_runeGiant_mp_1_3","right",,,1,,,,,,,,,,,,,"Basic_Lucky_Chest",,
,14980,"sc/ui_trophy_road_milestones_golden.sc","tr_runeGiant_mp_1_4","left",,,1,,,,"Super_Arena_L18",,,,,,,,,,,
"SeasonalArena_202606",14025,"sc/ui_trophy_road_milestones_colors.sc","tr_greenFrozenLair_mp_1_1","left",,,1,,,,,,,,,,,,,"RareLuckyDrop",,
,14100,"sc/ui_trophy_road_milestones_colors.sc","tr_greenFrozenLair_mp_1_2","right",,,1,,,,,,,,,,,,,"Basic_Lucky_Chest",,
,14175,"sc/ui_trophy_road_milestones_colors.sc","tr_greenFrozenLair_mp_1_4","left",,,300,,,,,,,"Common",,,,,,,,
,14250,"sc/ui_trophy_road_milestones_colors.sc","tr_greenFrozenLair_mp_1_3","right",,,1,,,,,,,,,,,,,"Basic_Lucky_Chest",,
,14325,"sc/ui_trophy_road_milestones_colors.sc","tr_greenFrozenLair_mp_1_5","left",,,60,,,,,,,"Rare",,,,,,,,
,14400,"sc/ui_trophy_road_milestones_colors.sc","tr_greenFrozenLair_mp_1_2","right",,,6,,,,,,,"Epic",,,,,,,,
,14480,"sc/ui_trophy_road_milestones_colors.sc","tr_greenFrozenLair_mp_1_1","left",,,1,,,,,,,,,,,,,"RareLuckyDrop",,
,14525,"sc/ui_trophy_road_milestones_colors.sc","tr_orangeFrozenLair_mp_1_1","left",,,1,,,,,,,,,,,,,"EpicLuckyDrop",,
,14600,"sc/ui_trophy_road_milestones_colors.sc","tr_orangeFrozenLair_mp_1_2","right",,,1,,,,,,,"Legendary",,,,,,,,
,14675,"sc/ui_trophy_road_milestones_colors.sc","tr_orangeFrozenLair_mp_1_4","left",,,1,,,,,,,,,,,,,"CommonLuckyDrop",,
,14750,"sc/ui_trophy_road_milestones_colors.sc","tr_orangeFrozenLair_mp_1_3","right",,,1,,,,,,,"Champion",,,,,,,,
,14825,"sc/ui_trophy_road_milestones_colors.sc","tr_orangeFrozenLair_mp_1_5","left",,,1,,,,,,,,,,,,,"CommonLuckyDrop",,
,14900,"sc/ui_trophy_road_milestones_colors.sc","tr_orangeFrozenLair_mp_1_2","right",,,100000,,,"Gold",,,,,,,,,,,,
,15000,"sc/ui_trophy_road_milestones_colors.sc","tr_orangeFrozenLair_mp_1_1","left",,,1,,,,,,,,,,,,,"EpicLuckyDrop",,
"SeasonalArena_202607",14025,"sc/ui_trophy_road_milestones_colors.sc","tr_greenronintemple_mp_1_1","left",,,1,,,,,,,,,,,,,"RareLuckyDrop",,
,14100,"sc/ui_trophy_road_milestones_colors.sc","tr_greenronintemple_mp_1_2","right",,,1,,,,,,,,,,,,,"Basic_Lucky_Chest",,
,14175,"sc/ui_trophy_road_milestones_colors.sc","tr_greenronintemple_mp_1_4","left",,,300,,,,,,,"Common",,,,,,,,
,14250,"sc/ui_trophy_road_milestones_colors.sc","tr_greenronintemple_mp_1_3","right",,,1,,,,,,,,,,,,,"Basic_Lucky_Chest",,
,14325,"sc/ui_trophy_road_milestones_colors.sc","tr_greenronintemple_mp_1_5","left",,,60,,,,,,,"Rare",,,,,,,,
,14400,"sc/ui_trophy_road_milestones_colors.sc","tr_greenronintemple_mp_1_2","right",,,6,,,,,,,"Epic",,,,,,,,
,14480,"sc/ui_trophy_road_milestones_colors.sc","tr_greenronintemple_mp_1_1","left",,,1,,,,,,,,,,,,,"RareLuckyDrop",,
,14525,"sc/ui_trophy_road_milestones_colors.sc","tr_orangeronintemple_mp_1_1","left",,,1,,,,,,,,,,,,,"EpicLuckyDrop",,
,14600,"sc/ui_trophy_road_milestones_colors.sc","tr_orangeronintemple_mp_1_2","right",,,1,,,,,,,"Legendary",,,,,,,,
,14675,"sc/ui_trophy_road_milestones_colors.sc","tr_orangeronintemple_mp_1_4","left",,,1,,,,,,,,,,,,,"CommonLuckyDrop",,
,14750,"sc/ui_trophy_road_milestones_colors.sc","tr_orangeronintemple_mp_1_3","right",,,1,,,,,,,"Champion",,,,,,,,
,14825,"sc/ui_trophy_road_milestones_colors.sc","tr_orangeronintemple_mp_1_5","left",,,1,,,,,,,,,,,,,"CommonLuckyDrop",,
,14900,"sc/ui_trophy_road_milestones_colors.sc","tr_orangeronintemple_mp_1_2","right",,,100000,,,"Gold",,,,,,,,,,,,
,15000,"sc/ui_trophy_road_milestones_colors.sc","tr_orangeronintemple_mp_1_1","left",,,1,,,,,,,,,,,,,"EpicLuckyDrop",,
"SeasonalArena_202608",14025,"sc/ui_trophy_road_milestones_colors.sc","tr_greenviking_mp_1_1","left",,,1,,,,,,,,,,,,,"RareLuckyDrop",,
,14100,"sc/ui_trophy_road_milestones_colors.sc","tr_greenviking_mp_1_2","right",,,1,,,,,,,,,,,,,"Basic_Lucky_Chest",,
,14175,"sc/ui_trophy_road_milestones_colors.sc","tr_greenviking_mp_1_4","right",,,300,,,,,,,"Common",,,,,,,,
,14250,"sc/ui_trophy_road_milestones_colors.sc","tr_greenviking_mp_1_3","left",,,1,,,,,,,,,,,,,"Basic_Lucky_Chest",,
,14325,"sc/ui_trophy_road_milestones_colors.sc","tr_greenviking_mp_1_5","left",,,60,,,,,,,"Rare",,,,,,,,
,14400,"sc/ui_trophy_road_milestones_colors.sc","tr_greenviking_mp_1_2","right",,,6,,,,,,,"Epic",,,,,,,,
,14480,"sc/ui_trophy_road_milestones_colors.sc","tr_greenviking_mp_1_1","left",,,1,,,,,,,,,,,,,"RareLuckyDrop",,
,14525,"sc/ui_trophy_road_milestones_colors.sc","tr_orangeviking_mp_1_1","left",,,1,,,,,,,,,,,,,"EpicLuckyDrop",,
,14600,"sc/ui_trophy_road_milestones_colors.sc","tr_orangeviking_mp_1_2","right",,,1,,,,,,,"Legendary",,,,,,,,
,14675,"sc/ui_trophy_road_milestones_colors.sc","tr_orangeviking_mp_1_4","right",,,1,,,,,,,,,,,,,"CommonLuckyDrop",,
,14750,"sc/ui_trophy_road_milestones_colors.sc","tr_orangeviking_mp_1_3","left",,,1,,,,,,,"Champion",,,,,,,,
,14825,"sc/ui_trophy_road_milestones_colors.sc","tr_orangeviking_mp_1_5","left",,,1,,,,,,,,,,,,,"CommonLuckyDrop",,
,14900,"sc/ui_trophy_road_milestones_colors.sc","tr_orangeviking_mp_1_2","right",,,100000,,,"Gold",,,,,,,,,,,,
,15000,"sc/ui_trophy_road_milestones_colors.sc","tr_orangeviking_mp_1_1","left",,,1,,,,,,,,,,,,,"EpicLuckyDrop",,
"SeasonalArena_202609",14025,"sc/ui_trophy_road_milestones_colors.sc","tr_greenminionacademy_mp_1_1","left",,,1,,,,,,,,,,,,,"RareLuckyDrop",,
,14100,"sc/ui_trophy_road_milestones_colors.sc","tr_greenminionacademy_mp_1_2","right",,,1,,,,,,,,,,,,,"Basic_Lucky_Chest",,
,14175,"sc/ui_trophy_road_milestones_colors.sc","tr_greenminionacademy_mp_1_4","right",,,300,,,,,,,"Common",,,,,,,,
,14250,"sc/ui_trophy_road_milestones_colors.sc","tr_greenminionacademy_mp_1_3","left",,,1,,,,,,,,,,,,,"Basic_Lucky_Chest",,
,14325,"sc/ui_trophy_road_milestones_colors.sc","tr_greenminionacademy_mp_1_5","left",,,60,,,,,,,"Rare",,,,,,,,
,14400,"sc/ui_trophy_road_milestones_colors.sc","tr_greenminionacademy_mp_1_2","right",,,6,,,,,,,"Epic",,,,,,,,
,14480,"sc/ui_trophy_road_milestones_colors.sc","tr_greenminionacademy_mp_1_1","left",,,1,,,,,,,,,,,,,"RareLuckyDrop",,
,14525,"sc/ui_trophy_road_milestones_colors.sc","tr_orangeminionacademy_mp_1_1","left",,,1,,,,,,,,,,,,,"EpicLuckyDrop",,
,14600,"sc/ui_trophy_road_milestones_colors.sc","tr_orangeminionacademy_mp_1_2","right",,,1,,,,,,,"Legendary",,,,,,,,
,14675,"sc/ui_trophy_road_milestones_colors.sc","tr_orangeminionacademy_mp_1_4","right",,,1,,,,,,,,,,,,,"CommonLuckyDrop",,
,14750,"sc/ui_trophy_road_milestones_colors.sc","tr_orangeminionacademy_mp_1_3","left",,,1,,,,,,,"Champion",,,,,,,,
,14825,"sc/ui_trophy_road_milestones_colors.sc","tr_orangeminionacademy_mp_1_5","left",,,1,,,,,,,,,,,,,"CommonLuckyDrop",,
,14900,"sc/ui_trophy_road_milestones_colors.sc","tr_orangeminionacademy_mp_1_2","right",,,100000,,,"Gold",,,,,,,,,,,,
,15000,"sc/ui_trophy_road_milestones_colors.sc","tr_orangeminionacademy_mp_1_1","left",,,1,,,,,,,,,,,,,"EpicLuckyDrop",,
"SeasonalArena_202610",14025,"sc/ui_trophy_road_milestones_colors.sc","tr_greenshocktober_mp_1_1","left",,,1,,,,,,,,,,,,,"RareLuckyDrop",,
,14100,"sc/ui_trophy_road_milestones_colors.sc","tr_greenshocktober_mp_1_2","right",,,1,,,,,,,,,,,,,"Basic_Lucky_Chest",,
,14175,"sc/ui_trophy_road_milestones_colors.sc","tr_greenshocktober_mp_1_4","right",,,300,,,,,,,"Common",,,,,,,,
,14250,"sc/ui_trophy_road_milestones_colors.sc","tr_greenshocktober_mp_1_3","left",,,1,,,,,,,,,,,,,"Basic_Lucky_Chest",,
,14325,"sc/ui_trophy_road_milestones_colors.sc","tr_greenshocktober_mp_1_5","left",,,60,,,,,,,"Rare",,,,,,,,
,14400,"sc/ui_trophy_road_milestones_colors.sc","tr_greenshocktober_mp_1_2","right",,,6,,,,,,,"Epic",,,,,,,,
,14480,"sc/ui_trophy_road_milestones_colors.sc","tr_greenshocktober_mp_1_1","left",,,1,,,,,,,,,,,,,"RareLuckyDrop",,
,14525,"sc/ui_trophy_road_milestones_colors.sc","tr_orangeshocktober_mp_1_1","left",,,1,,,,,,,,,,,,,"EpicLuckyDrop",,
,14600,"sc/ui_trophy_road_milestones_colors.sc","tr_orangeshocktober_mp_1_2","right",,,1,,,,,,,"Legendary",,,,,,,,
,14675,"sc/ui_trophy_road_milestones_colors.sc","tr_orangeshocktober_mp_1_4","right",,,1,,,,,,,,,,,,,"CommonLuckyDrop",,
,14750,"sc/ui_trophy_road_milestones_colors.sc","tr_orangeshocktober_mp_1_3","left",,,1,,,,,,,"Champion",,,,,,,,
,14825,"sc/ui_trophy_road_milestones_colors.sc","tr_orangeshocktober_mp_1_5","left",,,1,,,,,,,,,,,,,"CommonLuckyDrop",,
,14900,"sc/ui_trophy_road_milestones_colors.sc","tr_orangeshocktober_mp_1_2","right",,,100000,,,"Gold",,,,,,,,,,,,
,15000,"sc/ui_trophy_road_milestones_colors.sc","tr_orangeshocktober_mp_1_1","left",,,1,,,,,,,,,,,,,"EpicLuckyDrop",,
