Name,Disabled,CustomKey,Group,Location,Condition,Dependency,PermittedInput,StageTargetQuery,ServerCommand,FinishRequirement,SkipCondition,SkipIfActiveOnLogin,ResetIfActiveOnLogin,FileName,PopupCorner,PopupExportName,BubbleExportName,TID,ChronosCharacterOverride,Sound,ForceSpellTile,DisableOtherSpells,SpellTileX,SpellTileY,SpellTileSearch,DisableSpells,HideCombatUI,DisableTroopMovement,DisableSpawnPoints,DisableOpponentSpells,PauseCombat,DisableAbility,Taunt,Highlight,DisableBattleStartScreen,ForceOpenUI,OnStart
String,Boolean,String,String,String,String,String,String,string,String,String,String,boolean,boolean,String,int,String,String,String,int,String,boolean,boolean,int,int,String,boolean,boolean,boolean,boolean,boolean,boolean,boolean,String,string,boolean,string,string
T_1_1_AskAge,TRUE,,Wins1_MUTE_SPELLS,,noOpenPopups(),,popup:AgeGatePopup,,,closePopup:AgeGatePopup,hasEnteredAge(),,,,,,,,,,,,,,,,,,,,,,,,,Popup:AgeGatePopup,
T_1_1_BeginOpenChest,TRUE,,Wins1_MUTE_SPELLS,,hasChest(0),T_1_1_AskAge,,chestSlot:0,,tapTarget,tutorialBattlesCount() > 1,,,,,,,,,,,,,,,,,,,,,,,,,,
T_1_1_ClaimChest,TRUE,,Wins1_MUTE_SPELLS,,hasChest(0),T_1_1_BeginOpenChest,popup:ChestInfoPopup:instanceName:button,popup:ChestInfoPopup:instanceName:button,,closePopup:ChestInfoPopup,tutorialBattlesCount() > 1,,,,,,,,,,,,,,,,,,,,,,,,,,
T_1_1_OpenChest,TRUE,,Wins1_MUTE_SPELLS,,hasOpenChest(0),T_1_1_ClaimChest,,chestSlot:0,,tapTarget,tutorialBattlesCount() > 1,,,,,,,,,,,,,,,,,,,,,,,,,,
T_1_1_OpenCollection,TRUE,,Wins1_MUTE_SPELLS,,isCardUpgradable(Knight) && noOpenPopups(),,page:CollectionPage,page:CollectionPage,,tapTarget,isPageOpen(CollectionPage) || tutorialBattlesCount() > 1,,,,,,,,,,,,,,,,,,,,,,,,,,
T_1_1_OpenSpell,TRUE,,Wins1_MUTE_SPELLS,,isCardUpgradable(Knight) && noOpenPopups(),T_1_1_OpenCollection,page:CollectionPage:deck:Knight,page:CollectionPage:deck:Knight,,tapTarget,cardLevel(Knight) > 1,,,,,,,,,,,,,,,,,,,,,,,,,,
T_1_1_OpenUpgrade,TRUE,,Wins1_MUTE_SPELLS,,noOpenPopups(),T_1_1_OpenSpell,page:CollectionPage:selectedSpell:Knight:spellItem:UpgradeButton,page:CollectionPage:selectedSpell:Knight:spellItem:UpgradeButton,,tapTarget,cardLevel(Knight) > 1,,,,,,,,,,,,,,,,,,,,,,,,,,
T_1_1_StartCardUpgrade,TRUE,,Wins1_MUTE_SPELLS,,,T_1_1_OpenUpgrade,popup:SpellInfoPopup,popup:SpellInfoPopup:instanceName:UpgradeButton,,tapTarget,cardLevel(Knight) > 1,,,,,,,,,,,,,,,,,,,,,,,,,,
T_1_1_UpgradeCard,TRUE,,Wins1_MUTE_SPELLS,,,T_1_1_StartCardUpgrade,popup:SpellInfoPopup:instanceName:confirm_button,popup:ConfirmUpgradePopover:instanceName:confirm_button,,tapTarget,cardLevel(Knight) > 1,,,,,,,,,,,,,,,,,,,,,,,,,,
T_1_1_StartBattle_2,TRUE,,Wins1_MUTE_SPELLS,,cardLevel(Knight) > 1 && noOpenPopups(),,,page:BattlePage:instanceName:button_battle_mode_switch2,,tapTarget,tutorialBattlesCount() > 1,,,,,,,,,,,,,,,,,,,,,,,,,,
T_1_2_AskName,TRUE,,Wins1_MUTE_SPELLS,,tutorialBattlesCount() > 1 && noOpenPopups(),,popup:EnterNamePopup,,,closePopup:EnterNamePopup,hasEnteredName(),,,,,,,,,,,,,,,,,,,,,,,,,Popup:EnterNamePopup,
T_1_2_BeginOpenChest,TRUE,,Wins1_MUTE_SPELLS,,tutorialBattlesCount() > 1 && hasChest(0),T_1_2_AskName,,chestSlot:0,,tapTarget,tutorialBattlesCount() > 2,,,,,,,,,,,,,,,,,,,,,,,,,,
T_1_2_ClaimChest,TRUE,,Wins1_MUTE_SPELLS,,tutorialBattlesCount() > 1 && hasChest(0),T_1_2_BeginOpenChest,popup:ChestInfoPopup:instanceName:button,popup:ChestInfoPopup:instanceName:button,,closePopup:ChestInfoPopup,tutorialBattlesCount() > 2,,,,,,,,,,,,,,,,,,,,,,,,,,
T_1_2_OpenChest,TRUE,,Wins1_MUTE_SPELLS,,tutorialBattlesCount() > 1 && hasOpenChest(0),T_1_2_ClaimChest,,chestSlot:0,,tapTarget,tutorialBattlesCount() > 2,,,,,,,,,,,,,,,,,,,,,,,,,,
T_1_2_StartBattle_3,TRUE,,Wins1_MUTE_SPELLS,,tutorialBattlesCount() > 1 && noOpenPopups(),T_1_2_OpenChest,,page:BattlePage:instanceName:button_battle_mode_switch2,,tapTarget,tutorialBattlesCount() > 2,,,,,,,,,,,,,,,,,,,,,,,,,,
,,,,,,,,,,,,,,,,,,,,,,,,,,,,,,,,,,,,,
TrophyRoad_Intro_1,TRUE,,,,isTrainingCompleted() && isPageOpen(TrophyRoad),,,,,,trophyRoadArenaIndex() > 1 || trophyCount() > 0,,,sc/tutorial.sc,4,tutorial_character1_left,bubble_tutorial_anim,TID_TUTORIAL_TROPHY_ROAD_1,,soundbanks/tutorial_vo/tutorial_vo_first_vo,,,,,,,,,,,,,,,,TrophyRoad:Open,
,,,,,,,,,,,,,,sc/tutorial.sc,4,tutorial_character1_left,bubble_tutorial_anim,TID_TUTORIAL_TROPHY_ROAD_2,,soundbanks/tutorial_vo/tutorial_vo_first_vo,,,,,,,,,,,,,,,,,
EliteLevelInfoTutorial,TRUE,,,,hasAnyMaxLevelCard() && noOpenPopups(),,,,,closePopup:EliteLevelInfoPopup,isHomeFlagSet(38),,,,,,,,,,,,,,,,,,,,,,,,,Popup:EliteLevelInfoPopup,
,,,,,,,,,,,,,,,,,,,,,,,,,,,,,,,,,,,,,
EvolutionIntro,,,,,isEvolutionUnlocked() && isPageOpen(DeckPage) && noOpenPopups() && !isPendingLevelup(),,,,,immediate,trophyRoadArenaIndex() > 8 || isHomeFlagSet(39),,,,,,,,,,,,,,,,,,,,,,,,,UnlockPopover:sc/ui_battle_pass.sc:evolution_unlock_anim,
DeckSlotsInfoPopup,,,,,noUnlockPopovers() && isPageOpen(DeckPage),EvolutionIntro,,,,closePopup:DeckSlotsInfoPopup,,,,,,,,,,,,,,,,,,,,,,,,,,Popup:DeckSlotsInfoPopup,
,,,,,,,,,,,,,,,,,,,,,,,,,,,,,,,,,,,,,
OpenKingRoad,TRUE,,,,HasKingRoadChest() && noPendingAnimations(),,,mainhud::instanceName:button_king_road,,tapTarget,,,,,,,,,,,,,,,,,,,,,,,,,,,
,,,,,,,,popup:KingRoadPopup:buttonName:button_level_up_reward,,tapTarget,,,TRUE,,,,,,,,,,,,,,,,,,,,,,,,
,,,,,,,,,,,,,,,,,,,,,,,,,,,,,,,,,,,,,
CannonneerUnlockStep1,,,,,numSupportCardsOwned() > 1 && isCardAllowedInActiveTrail(King_CannonTowers) && !isActiveTrailType(AutoChess) && noPendingAnimations(),,,page:DeckPage,,tapTargetOr:isPageOpen(DeckPage),arena() > 9,,,,,,,,,,,,,,,,,,,,,,,,,,
,,,,,,,,page:DeckPage:deckPageTab:Decks:supportCardButton:0,,tapTarget,,,,,,,,,,,,,,,,,,,,,,,,,,,
,,,,,,,,,,,,,,,,,,,,,,,,,,,,,,,,,,,,,
PrincessTowerUpgradeStep1,,,,,isSupportCardUpgradable(King_PrincessTowers) && noPendingAnimations(),,,page:DeckPage:deckPageTab:Collection:deckCollectionTab:Cards,,tapTargetOr:isDeckPageTab(Collection) || !isSupportCardUpgradable(King_PrincessTowers),trophyRoadArenaIndex() > 3,,,,,,,,,,,,,,,,,,,,,,,,,,
,,,,,,,,supportCardCollection:King_PrincessTowers,,tapTargetOr:!isSupportCardUpgradable(King_PrincessTowers),,,TRUE,,,,,,,,,,,,,,,,,,,,,,,,
,,,,,,,,selectedSupportCard:King_PrincessTowers:supportCardItem:UpgradeButton,,tapTargetOr:!isSupportCardUpgradable(King_PrincessTowers),,,TRUE,,,,,,,,,,,,,,,,,,,,,,,,
,,,,,,,,popup:SupportCardInfoPopup:buttonName:UpgradeButton,,tapTargetOr:!isSupportCardUpgradable(King_PrincessTowers),,,TRUE,,,,,,,,,,,,,,,,,,,,,,,,
,,,,,,,,popup:ConfirmUpgradePopover:buttonName:confirm_button,,tapTargetOr:!isSupportCardUpgradable(King_PrincessTowers),,,TRUE,,,,,,,,,,,,,,,,,,,,,,,,
ConsumablesTutorialStep1,,,,,trophyRoadArenaIndex() >= consumablesUnlockLevel() && noPendingAnimations(),,,,,,hasPlayedOldConsumableTutorial() || (trophyRoadArenaIndex() > consumablesUnlockLevel()),,,sc/tutorial.sc,4,tutorial_character1_left,bubble_tutorial_anim,TID_CONSUMABLES_TUTORIAL_KING_1,,soundbanks/tutorial_vo/tutorial_vo_first_vo,,,,,,,,,,,,,,,,,onStartConsumableTutorial
,,,,,,,,page:DeckPage:deckPageTab:Collection:deckCollectionTab:Consumables,,tapTargetOr:isCollectionTab(Consumables),,,TRUE,,,,,,,,,,,,,,,,,,,,,,,,
,,,,,,,,,,,,,TRUE,sc/tutorial.sc,4,tutorial_character1_left,bubble_tutorial_anim,TID_CONSUMABLES_TUTORIAL_KING_2,,soundbanks/tutorial_vo/tutorial_vo_first_vo,,,,,,,,,,,,,,,,,
,,,,,,,,,,,,,TRUE,sc/tutorial.sc,4,tutorial_character1_left,bubble_tutorial_anim,TID_CONSUMABLES_TUTORIAL_KING_3,,soundbanks/tutorial_vo/tutorial_vo_first_vo,,,,,,,,,,,,,,,,,
,,,,,,,,openPage:DeckPage:consumablesCollection:WildcardCommon,,openPopup:ConsumableItemPopup,,TRUE,,,,,,,,,,,,,,,,,,,,,,,,,onFinishConsumableTutorial
HeroCoinConsumableTutorial,,,,,isCollectionTab(Consumables) && consumableCount(HeroCoin) >= 200 && noPendingAnimations(),,,,,,,,,sc/tutorial.sc,4,tutorial_character1_left,bubble_tutorial_anim,TID_HEROCOIN_TUTORIAL_KING_1,,soundbanks/tutorial_vo/tutorial_vo_first_vo,,,,,,,,,,,,,,,,,
,,,,,,,,page:DeckPage:deckPageTab:Collection:deckCollectionTab:Consumables:consumablesTabContents:instanceName:button_unlock,,tapTarget,,,,,,,,,,,,,,,,,,,,,,,,,,,
EventsPageIntro,TRUE,,,,isEventsUnlocked() && noPendingAnimations(),,,,,,IsHomeFlagSet(31),,,sc/tutorial.sc,4,tutorial_character1_left,bubble_tutorial_anim,TID_TUTORIAL_EVENTS_SHOW_TAB,,soundbanks/tutorial_vo/tutorial_vo_first_vo,,,,,,,,,,,,,,,,,
,,,,,,,,page:EventsPage,,tapTarget,,,TRUE,,,,,,,,,,,,,,,,,,,,,,,,
,,,,,,,,,,condition:currentStepTimeMS() > 2500,,,,,,,,,,,,,,,,,,,,,,,,,,,
,,,,,,,,,,,,,TRUE,sc/tutorial.sc,4,tutorial_character1_left,bubble_tutorial_anim,TID_TUTORIAL_EVENTS_SHOW_GAME_NODES,,soundbanks/tutorial_vo/tutorial_vo_first_vo,,,,,,,,,,,,,,,,,
,,,,,,,,page:EventsPage:instanceName:game_mode_main:instanceName:button_play,,tapTarget,,,TRUE,,,,,,,,,,,,,,,,,,,,,,,,
EventsPageIntro2,TRUE,,,,noPendingAnimations(),EventsPageIntro,,,,,IsHomeFlagSet(31),,,sc/tutorial.sc,4,tutorial_character1_left,bubble_tutorial_anim,TID_TUTORIAL_EVENTS_EXPLAIN_SEASONAL_CURRENCY_1,,soundbanks/tutorial_vo/tutorial_vo_first_vo,,,,,,,,,,,,,,,,,
,,,,,,,,,,,,,TRUE,sc/tutorial.sc,4,tutorial_character1_left,bubble_tutorial_anim,TID_TUTORIAL_EVENTS_EXPLAIN_SEASONAL_CURRENCY_2,,soundbanks/tutorial_vo/tutorial_vo_first_vo,,,,,,,,,,,,,,,,,
,,,,,,,,page:EventsPage:instanceName:currency_progress_daily,,tapTarget,,,TRUE,,,,,,,,,,,,,,,,,,,,,,,,
,,,,,,,,,,,,,TRUE,sc/tutorial.sc,4,tutorial_character1_left,bubble_tutorial_anim,TID_TUTORIAL_EVENTS_SHOW_SEASON_SHOP,,soundbanks/tutorial_vo/tutorial_vo_first_vo,,,,,,,,,,,,,,,,,
,,,,,,,,page:EventsPage:buttonName:button_season_shop,,tapTarget,,,TRUE,,,,,,,,,,,,,,,,,,,,,,,,
,,,,,,,,,,,,,,,,,,,,,,,,,,,,,,,,,,,,,
POL_Tutorial_1_1,,,,,isRankedModeUnlocked() && noPendingAnimations(),,,,,,isHomeFlagSet(23),,,sc/tutorial.sc,4,tutorial_character1_left,bubble_tutorial_anim,TID_TUTORIAL_RANKED_MODE_INTRO_1,,soundbanks/tutorial_vo/tutorial_vo_first_vo,,,,,,,,,,,,,,,,,
,,,,,,,,page:BattlePage:buttonName:button_second,,tapTarget,,,TRUE,,,,,,,,,,,,,,,,,,,,,,,,
,,,,,,,,buttonWithExportName:switcher_legends,,tapTarget,,,TRUE,,,,,,,,,,,,,,,,,,,,,,,,
,,,,,,,,,,,,,,,,,,,,,,,,,,,,,,,,,,,,,
POL_Tutorial_2_1,,,,,isActiveTrail(PathOfLegends) && noPendingAnimations(),POL_Tutorial_1_1,,,,,isHomeFlagSet(24),,,sc/tutorial.sc,4,tutorial_character1_left,bubble_tutorial_anim,TID_TUTORIAL_RANKED_MODE_LEAGUEROAD_INTRO_1,,soundbanks/tutorial_vo/tutorial_vo_first_vo,,,,,,,,,,,,,,,,,
,,,,,,,,,,,,,,,,,,,,,,,,,,,,,,,,,,,,TrophyRoad:Open,
,,,,,,,,,,,,,,sc/tutorial.sc,4,tutorial_character1_left,bubble_tutorial_anim,TID_TUTORIAL_RANKED_MODE_LEAGUEROAD_INTRO_2,,soundbanks/tutorial_vo/tutorial_vo_first_vo,,,,,,,,,,,,,,,,,
,,,,,,,,,,,,,,sc/tutorial.sc,4,tutorial_character1_left,bubble_tutorial_anim,TID_TUTORIAL_RANKED_MODE_LEAGUEROAD_INTRO_3,,soundbanks/tutorial_vo/tutorial_vo_first_vo,,,,,,,,,,,,,,,,,
,,,,,,,,,,,,,,,,,,,,,,,,,,,,,,,,,,,,TrophyRoad:Close,
,,,,,,,,,,,,,,,,,,,,,,,,,,,,,,,,,,,,,
POL_Tutorial_3_1,,,,,rankedLeagueIndex() >= 1 && isActiveTrail(PathOfLegends) && noPendingAnimations(),,,,,,isHomeFlagSet(26),,,,,,,,,,,,,,,,,,,,,,,,,TrophyRoad:Open,
,,,,,,,,,,,,,,sc/tutorial.sc,4,tutorial_character1_left,bubble_tutorial_anim,TID_TUTORIAL_RANKED_MODE_LEAGUEROAD_STEPS_1,,soundbanks/tutorial_vo/tutorial_vo_first_vo,,,,,,,,,,,,,,,,,
,,,,,,,,,,,,,,sc/tutorial.sc,4,tutorial_character1_left,bubble_tutorial_anim,TID_TUTORIAL_RANKED_MODE_LEAGUEROAD_STEPS_2,,soundbanks/tutorial_vo/tutorial_vo_first_vo,,,,,,,,,,,,,,,,,
,,,,,,,,,,,,,,sc/tutorial.sc,4,tutorial_character1_left,bubble_tutorial_anim,TID_TUTORIAL_RANKED_MODE_LEAGUEROAD_STEPS_3,,soundbanks/tutorial_vo/tutorial_vo_first_vo,,,,,,,,,,,,,,,,,
,,,,,,,,,,,,,,sc/tutorial.sc,4,tutorial_character1_left,bubble_tutorial_anim,TID_TUTORIAL_RANKED_MODE_LEAGUEROAD_STEPS_4,,soundbanks/tutorial_vo/tutorial_vo_first_vo,,,,,,,,,,,,,,,,,
,,,,,,,,,,,,,,,,,,,,,,,,,,,,,,,,,,,,,
POL_Tutorial_4_1,,,,,rankedLeagueIndex() == 9 && isActiveTrail(PathOfLegends) && noPendingAnimations(),,,,,,isHomeFlagSet(27),,,,,,,,,,,,,,,,,,,,,,,,,TrophyRoad:Open,
,,,,,,,,,,,,,,sc/tutorial.sc,4,tutorial_character1_left,bubble_tutorial_anim,TID_TUTORIAL_RANKED_MODE_LEAGUEROAD_ELO_1,,soundbanks/tutorial_vo/tutorial_vo_first_vo,,,,,,,,,,,,,,,,,
,,,,,,,,,,,,,,sc/tutorial.sc,4,tutorial_character1_left,bubble_tutorial_anim,TID_TUTORIAL_RANKED_MODE_LEAGUEROAD_ELO_2,,soundbanks/tutorial_vo/tutorial_vo_first_vo,,,,,,,,,,,,,,,,,
,,,,,,,,,,,,,,sc/tutorial.sc,4,tutorial_character1_left,bubble_tutorial_anim,TID_TUTORIAL_RANKED_MODE_LEAGUEROAD_ELO_3,,soundbanks/tutorial_vo/tutorial_vo_first_vo,,,,,,,,,,,,,,,,,
,,,,,,,,,,,,,,,,,,,,,,,,,,,,,,,,,,,,,
POL_Tutorial_5_1,,,,,rankedWinMultiplier() > 1 && isActiveTrail(PathOfLegends) && noPendingAnimations(),,,,,,isHomeFlagSet(28),,,sc/tutorial.sc,4,tutorial_character1_left,bubble_tutorial_anim,TID_TUTORIAL_RANKED_MODE_WIN_MULTIPLIER_POPOVER,,soundbanks/tutorial_vo/tutorial_vo_first_vo,,,,,,,,,,,,,,,,,
AC_Intro_1,,,,,isActiveTrailType(AutoChess) && noPendingAnimations(),,,,,,,,,,,,,,,soundbanks/tutorial_vo/tutorial_vo_first_vo,,,,,,,,,,,,,,,,Popup:AutoChessIntroPopup,
,,,,,,,,,,,,,,,,,,,,,,,,,,,,,,,,,,,,,
HeroFormIntro,,,,,isHeroFormUnlocked() && isPageOpen(DeckPage) && noOpenPopups() && !isPendingLevelup(),,,,,immediate,,,,,,,,,,,,,,,,,,,,,,,,,,UnlockPopover:sc/ui_battle_pass.sc:hero_unlock_anim,
HeroFormInfoPopup,,,,,noUnlockPopovers() && isPageOpen(DeckPage),HeroFormIntro,,,,closePopup:HeroFormInformationPopup,,,,,,,,,,,,,,,,,,,,,,,,,,Popup:HeroFormInformationPopup,
,,,,,,,,,,,,,,,,,,,,,,,,,,,,,,,,,,,,,
SocialPage_Intro1,,,,,isTrainingCompleted()  && noPendingAnimations() && isPageOpen(SocialPage),,,,,,,,,sc/tutorial.sc,4,tutorial_character1_left,bubble_tutorial_anim,TID_TUTORIAL_SOCIAL_PAGE_INTRO1,,soundbanks/tutorial_vo/tutorial_vo_first_vo,,,,,,,,,,,,,,,,,
,,,,,,,,,,,,,,sc/tutorial.sc,4,tutorial_character1_left,bubble_tutorial_anim,TID_TUTORIAL_SOCIAL_PAGE_INTRO2,,soundbanks/tutorial_vo/tutorial_vo_first_vo,,,,,,,,,,,,,,,,,
